id,segmentation
402143,0 30 34 84 122 4 130 156 292 83 377 165 548 250 803 250 1058 251 1313 251 1569 251 1825 251 2081 251 2335 1041 3380 250 3637 248 3894 247 4150 247 4407 246 4663 247 4919 68 4989 178 5175 67 5245 180 5429 69 5501 252 5757 253 6013 1377 7392 254 7649 253 7906 253 8163 253 8420 254 8676 266 8946 251 9203 119 9324 130 9460 112 9581 134 9716 112 9837 133 9973 110 10093 246 10349 74 10427 168 10605 72 10684 166 10862 70 10941 164 11118 70 11197 163 11373 70 11453 164 11629 25 11658 41 11708 67 11776 97 11884 25 11914 42 11964 67 12032 98 12140 24 12170 44 12219 68 12288 99 12395 24 12426 117 12544 100 12649 26 12682 219 12904 26 12938 248 13194 248 13450 248 13705 250 13961 250 14216 33 14253 82 14336 132 14471 33 14509 82 14592 167 14766 81 14848 167 15024 247 15281 246 15538 245 15795 243 16052 242 16308 241 16565 239 16821 239 17076 222 17303 13 17331 221 17559 13 17587 175 17763 45 17815 12 17842 174 18020 44 18071 12 18097 174 18276 44 18326 13 18352 172 18532 44 18581 15 18607 172 18787 45 18837 15 18862 173 19043 44 19092 16 19116 175 19298 45 19348 16 19371 178 19553 46 19603 16 19627 59 19687 168 19858 17 19883 58 19944 168 20113 17 20139 56 20203 182 20395 55 20460 178 20651 55 20718 175 20906 57 20974 174 21162 57 21231 172 21417 58 21489 170 21672 59 21746 168 21927 61 22002 168 22180 64 22259 167 22435 66 22515 168 22690 68 22770 172 22943 74 23023 252 23277 435 23716 250 23972 250 24227 251 24481 253 24735 255 24991 508 25503 251 25759 251 26015 251 26271 251 26527 251 26783 251 27038 253 27293 491 27787 252 28044 250 28300 249 28557 247 28813 247 29069 246 29325 87 29415 156 29581 86 29672 154 29837 85 29930 153 30093 84 30187 152 30349 82 30445 151 30605 81 30700 152 30861 80 30956 153 31117 79 31212 153 31373 77 31468 153 31629 76 31724 57 31783 95 31885 73 31979 57 32039 95 32141 70 32234 58 32295 95 32397 69 32478 2 32489 157 32653 68 32732 8 32744 30 32775 19 32797 105 32909 68 32988 37 33026 2 33032 2 33035 16 33053 105 33165 67 33244 37 33291 17 33309 105 33420 68 33498 38 33547 125 33676 68 33753 39 33804 196 34007 41 34061 196 34261 43 34317 197 34515 45 34575 241 34832 240 35088 241 35345 190 35538 50 35601 188 35794 54 35857 16 35876 168 36051 55 36112 16 36133 167 36307 56 36367 17 36391 164 36565 75 36647 164 36822 74 36903 164 37078 41 37120 33 37160 163 37334 41 37376 33 37416 163 37589 41 37632 33 37673 162 37845 40 37888 33 37929 163 38101 38 38144 34 38185 163 38358 37 38400 34 38441 163 38615 36 38656 35 38697 163 38871 40 38912 36 38953 164 39127 78 39209 164 39384 77 39465 165 39640 77 39721 166 39895 78 39979 165 40149 80 40235 250 40491 251 40747 251 41003 251 41259 251 41514 252 41769 253 42025 253 42281 253 42537 254 42793 215 43012 252 43266 60 43327 193 43525 57 43583 193 43780 56 43839 194 44034 57 44095 234 44330 17 44351 253 44607 118 44726 255 44984 253 45241 251 45497 251 45753 251 46009 252 46265 252 46522 252 46778 252 47034 253 47291 253 47547 254 47803 2440 50244 251 50503 248 50761 246 51018 244 51275 243 51531 243 51787 244 52043 244 52299 245 52553 222 52777 23 52808 222 53034 22 53063 153 53221 64 53291 22 53317 149 53478 63 53547 174 53735 24 53760 37 53803 173 53991 24 54016 36 54059 174 54248 23 54272 35 54315 175 54505 22 54528 35 54571 176 54761 22 54784 34 54826 178 55018 56 55082 179 55275 55 55337 181 55531 54 55592 182 55787 54 55847 184 56042 54 56101 186 56297 56 56355 190 56553 249 56808 252 57063 6747 63812 1482 65295 241
877548,0 17339 17341 253 17598 36 17636 213 17854 36 17893 211 18109 37 18148 212 18365 37 18404 211 18621 37 18659 212 18876 251 19132 250 19387 251 19643 251 19899 252 20152 45384
942725,0 223 229 248 487 244 743 221 967 19 1001 218 1224 16 1260 215 1479 17 1516 215 1735 18 1772 168 1941 46 1991 18 2028 166 2199 44 2247 18 2284 166 2455 45 2503 17 2541 165 2712 46 2759 16 2797 165 2968 62 3053 166 3223 63 3309 221 3531 11 3552 4 3564 221 3788 12 3805 8 3819 223 4043 1954 6010 133 6144 108 6268 131 6400 108 6524 42 6569 194 6781 40 6825 193 7038 40 7081 193 7295 235 7551 237 7807 242 8063 243 8319 164 8492 72 8575 160 8749 73 8830 161 9007 240 9263 240 9520 239 9776 239 10032 240 10287 241 10543 241 10798 128 10928 112 11053 125 11186 113 11308 126 11443 114 11563 127 11699 115 11819 127 11956 115 12074 128 12212 247 12469 247 12725 247 12982 215 13198 32 13238 213 13455 32 13495 210 13712 33 13751 209 13968 35 14005 211 14223 48 14274 198 14479 46 14531 197 14735 46 14788 195 14991 46 15044 195 15247 47 15299 195 15502 247 15755 249 16009 251 16265 250 16521 249 16777 248 17033 249 17288 231 17520 18 17544 232 17777 17 17801 233 18035 10 18046 3 18057 248 18312 248 18568 183 18754 62 18823 183 19011 62 19078 183 19267 64 19333 184 19523 188 19712 61 19779 188 19968 60 20035 188 20224 59 20290 179 20475 4 20480 59 20546 178 20731 4 20736 58 20802 177 20987 4 20992 57 21057 177 21243 4 21248 57 21313 178 21498 5 21504 56 21569 179 21752 7 21760 56 21824 191 22016 20 22040 31 22080 191 22272 19 22297 28 22335 192 22528 19 22553 27 22591 192 22784 19 22810 25 22844 195 23040 18 23067 23 23099 196 23296 18 23323 20 23355 196 23552 18 23580 18 23611 196 23808 18 23836 17 23866 197 24064 18 24092 18 24120 199 24320 18 24347 228 24576 20 24601 230 24832 255 25088 98 25189 154 25344 97 25446 153 25600 95 25703 152 25856 93 25959 245 26215 243 26470 243 26726 242 26981 242 27237 243 27492 245 27747 247 28002 251 28257 5001 33265 247 33523 243 33781 239 34038 237 34295 235 34551 91 34643 142 34809 88 34900 141 35065 88 35156 38 35196 101 35321 89 35412 38 35452 101 35576 130 35709 100 35830 132 35965 100 36085 133 36221 101 36340 238 36595 239 36850 241 37104 244 37359 245 37613 4326 41940 253 42200 249 42457 247 42713 245 42970 157 43131 83 43227 155 43390 79 43484 154 43651 74 43729 1 43731 3 43741 153 43912 78 43999 152 44170 78 44255 153 44427 79 44510 156 44682 241 44933 634 45568 255 45824 255 46080 255 46336 255 46592 255 46848 255 47104 255 47360 255 47616 255 47872 255 48128 255 48384 255 48640 72 48725 170 48896 71 48982 169 49152 70 49239 168 49408 69 49496 83 49593 70 49664 66 49753 82 49851 68 49920 66 50010 81 50107 68 50176 66 50267 81 50363 68 50432 66 50523 83 50619 68 50688 68 50781 83 50873 70 50944 72 51038 161 51200 73 51295 160 51456 73 51552 159 51712 74 51809 156 51968 75 52066 154 52224 76 52322 154 52480 77 52561 7 52579 153 52736 92 52834 154 52992 94 53089 157 53248 255 53504 255 53760 255 54016 255 54272 255 54528 255 54784 255 55040 255 55296 55 55355 196 55552 53 55612 195 55808 52 55868 195 56064 51 56125 142 56269 50 56320 50 56382 141 56527 48 56576 49 56638 142 56783 48 56832 48 56894 193 57088 48 57150 193 57344 48 57405 194 57600 47 57660 195 57856 47 57916 195 58112 47 58171 73 58245 122 58368 48 58427 71 58502 121 58624 48 58683 72 58759 120 58880 49 58938 74 59015 120 59136 50 59194 197 59392 51 59449 198 59648 52 59704 199 59904 53 59959 1591 61553 252 61809 251 62066 249 62323 248 62579 248 62836 246 63092 245 63348 245 63605 243 63860 243 64116 242 64372 180 64553 60 64628 177 64811 58 64885 175 65071 53 65141 174 65328 51 65398 138
769836,0 107 256 108 512 108 768 108 1024 109 1280 109 1536 109 1792 110 2048 110 2304 110 2560 111 2816 111 3072 111 3328 112 3584 112 3840 112 4096 113 4352 113 4608 113 4864 114 5120 114 5376 114 5632 115 5888 115 6144 115 6400 116 6656 116 6912 116 7168 117 7424 117 7680 118 7936 118 8192 118 8448 118 8704 119 8960 119 9216 120 9472 120 9728 120 9984 120 10240 121 10496 121 10752 122 11008 122 11264 122 11520 122 11776 123 12032 123 12288 124 12544 124 12800 124 13056 125 13312 125 13568 126 13824 126 14080 126 14336 126 14592 127 14848 127 15104 128 15360 128 15616 128 15872 128 16128 129 16384 129 16640 130 16896 130 17152 130 17408 130 17664 131 17920 131 18176 132 18432 132 18688 132 18944 133 19200 133 19456 133 19712 134 19968 134 20224 134 20480 135 20736 135 20992 135 21248 136 21504 136 21760 136 22016 137 22272 137 22528 137 22784 138 23040 138 23296 138 23552 139 23808 139 24064 139 24320 140 24576 140 24832 140 25088 141 25344 141 25600 142 25856 142 26112 142 26368 142 26624 143 26880 143 27136 144 27392 144 27648 144 27904 144 28160 145 28416 145 28672 146 28928 146 29184 146 29440 146 29696 147 29952 147 30208 148 30464 148 30720 148 30976 149 31232 149 31488 150 31744 150 32000 150 32256 150 32512 151 32768 151 33024 152 33280 152 33536 152 33792 152 34048 153 34304 153 34560 154 34816 154 35072 154 35328 154 35584 155 35840 155 36096 156 36352 156 36608 156 36864 157 37120 157 37376 157 37632 158 37888 158 38144 158 38400 159 38656 159 38912 159 39168 160 39424 160 39680 160 39936 161 40192 161 40448 161 40704 162 40960 162 41216 162 41472 163 41728 163 41984 163 42240 164 42496 164 42752 164 43008 165 43264 165 43520 166 43776 166 44032 166 44288 166 44544 167 44800 167 45056 168 45312 168 45568 168 45824 168 46080 169 46336 169 46592 170 46848 170 47104 170 47360 170 47616 171 47872 171 48128 172 48384 172 48640 172 48896 173 49152 173 49408 173 49664 174 49920 174 50176 174 50432 175 50688 175 50944 175 51200 176 51456 176 51712 176 51968 177 52224 177 52480 178 52736 178 52992 178 53248 178 53504 179 53760 179 54016 180 54272 180 54528 180 54784 181 55040 181 55296 181 55552 182 55808 182 56064 182 56320 183 56576 183 56832 183 57088 184 57344 184 57600 184 57856 185 58112 185 58368 185 58624 186 58880 186 59136 186 59392 187 59648 187 59904 188 60160 188 60416 188 60672 188 60928 189 61184 189 61440 190 61696 190 61952 190 62208 190 62464 191 62720 191 62976 192 63232 192 63488 187 63676 4 63744 187 63933 3 64000 193 64256 193 64512 194 64768 194 65024 189 65214 4 65280 186
263633,0 255 256 255 512 511 1024 162 1191 88 1280 153 1449 86 1536 151 1708 49 1763 28 1792 148 1965 47 2019 174 2221 47 2276 27 2304 144 2478 46 2533 26 2560 144 2736 44 2789 26 2816 143 3001 35 3046 25 3072 107 3183 32 3259 33 3302 133 3439 32 3517 31 3558 134 3694 33 3773 31 3814 25 3840 144 4029 31 4069 26 4096 144 4285 31 4325 26 4352 144 4541 31 4580 27 4608 144 4797 32 4832 31 4864 144 5053 66 5120 144 5309 66 5376 144 5564 67 5632 144 5821 66 5888 145 6077 66 6144 145 6332 67 6400 145 6588 213 6844 213 7099 68 7168 145 7355 68 7424 144 7611 68 7680 76 7757 67 7866 69 7936 65 8015 65 8122 54 8177 14 8192 63 8273 63 8377 55 8436 11 8448 63 8530 72 8632 56 8692 11 8704 62 8786 78 8886 57 8949 10 8960 61 9043 79 9141 58 9206 9 9216 61 9300 79 9395 59 9463 8 9472 59 9556 80 9650 60 9720 7 9728 58 9812 80 9905 60 9976 7 9984 58 10068 81 10159 62 10233 6 10240 57 10324 81 10414 62 10489 6 10496 57 10579 83 10669 63 10745 6 10752 56 10823 2 10833 85 10925 63 11001 6 11008 56 11077 7 11085 90 11181 63 11257 6 11264 56 11323 3 11331 100 11437 63 11513 6 11520 167 11692 63 11770 5 11776 167 11948 63 12026 5 12032 168 12203 64 12282 5 12288 168 12459 65 12538 5 12544 168 12715 65 12794 5 12800 168 12971 65 13050 5 13056 167 13227 66 13306 5 13312 167 13483 66 13562 5 13568 166 13739 66 13818 5 13824 165 13995 66 14074 5 14080 164 14251 66 14329 6 14336 164 14508 65 14585 6 14592 162 14763 67 14841 6 14848 160 15019 67 15097 6 15104 158 15275 68 15353 6 15360 158 15531 68 15609 6 15616 158 15787 67 15865 6 15872 158 16043 67 16120 7 16128 158 16298 68 16375 8 16384 158 16554 68 16631 8 16640 157 16809 69 16887 8 16896 157 17064 70 17144 7 17152 157 17320 69 17399 8 17408 156 17575 70 17655 165 17831 70 17911 8 17920 156 18086 70 18169 6 18176 155 18342 69 18425 161 18597 70 18682 5 18688 153 18853 70 18938 5 18944 146 19108 71 19194 5 19200 145 19362 73 19442 6 19449 151 19610 81 19697 14 19712 143 19865 83 19952 15 19968 142 20120 84 20207 16 20224 140 20374 105 20480 139 20629 106 20736 139 20883 108 20992 138 21137 110 21248 138 21391 112 21504 138 21645 114 21760 138 21900 115 22016 255 22272 255 22528 255 22784 223 23010 29 23040 223 23267 28 23296 223 23527 4 23535 16 23552 222 23784 2 23792 15 23808 222 24048 15 24064 223 24304 15 24320 224 24560 15 24576 228 24807 2 24815 16 24832 244 25077 10 25088 244 25333 10 25344 196 25541 47 25589 10 25600 195 25799 45 25846 9 25856 194 26055 43 26103 8 26112 195 26312 42 26360 7 26368 195 26569 40 26617 6 26624 195 26826 39 26876 3 26880 196 27083 37 27133 2 27136 196 27339 37 27390 1 27392 196 27595 38 27648 197 27854 34 27904 198 28110 34 28160 200 28366 6 28378 22 28416 201 28623 1 28635 21 28672 201 28891 21 28928 201 29147 21 29184 202 29402 22 29440 203 29658 21 29696 205 29911 23 29952 212 30165 24 30208 236 30464 234 30720 234 30976 234 31232 233 31488 233 31744 233 32000 233 32256 233 32512 233 32768 233 33024 233 33280 233 33536 233 33792 233 34038 2 34041 6 34048 234 34293 10 34304 236 34547 12 34560 237 34801 14 34816 255 35072 83 35159 168 35328 83 35416 167 35584 83 35674 165 35840 83 35930 165 36096 83 36187 164 36352 83 36443 145 36591 16 36608 84 36699 144 36849 14 36864 84 36955 144 37105 14 37120 85 37210 146 37361 14 37376 87 37464 149 37618 13 37632 237 37873 14 37888 236 38129 14 38144 236 38386 13 38400 234 38643 12 38656 234 38899 12 38912 180 39095 51 39155 12 39168 178 39353 49 39411 190 39611 48 39667 12 39680 177 39869 22 39893 23 39923 12 39936 178 40125 21 40151 21 40178 13 40192 180 40382 19 40407 22 40433 14 40448 181 40638 18 40667 18 40686 1 40688 15 40704 184 40895 17 40924 35 40960 188 41151 16 41180 35 41216 207 41435 36 41472 206 41691 36 41728 206 41946 244 42201 246 42457 246 42712 17 42736 224 42967 16 42993 223 43222 16 43249 223 43477 16 43506 223 43730 18 43762 240 44018 238 44274 174 44451 60 44530 174 44708 58 44786 173 44964 57 45042 173 45221 55 45298 173 45477 55 45553 174 45733 55 45809 174 45989 55 46064 174 46245 55 46320 173 46501 55 46575 173 46757 54 46831 170 47013 54 47087 169 47269 53 47342 169 47524 54 47598 168 47780 53 47854 169 48035 53 48110 169 48290 54 48366 170 48544 56 48622 174 48798 58 48878 233 49113 1 49133 239 49389 240 49644 19 49664 224 49900 19 49920 224 50156 19 50176 223 50412 19 50432 222 50668 19 50688 221 50924 19 50944 220 51179 20 51200 220 51435 20 51456 220 51690 21 51712 221 51946 21 51968 222 52200 23 52224 223 52456 23 52480 222 52711 24 52736 223 52967 24 52992 222 53223 24 53248 222 53479 24 53504 222 53735 24 53760 222 53991 24 54016 222 54247 24 54272 222 54495 1 54503 24 54528 224 54759 24 54784 224 55015 24 55040 174 55217 45 55271 24 55296 174 55474 44 55527 24 55552 175 55730 44 55782 25 55808 176 55985 45 56038 25 56064 223 56293 26 56320 224 56548 26 56576 253 56832 253 57088 254 57344 255 57600 255 57856 255 58112 255 58368 255 58624 255 58880 255 59136 255 59392 255 59648 255 59904 255 60160 255 60416 255 60672 255 60928 4608
747518,0 65536
632056,0 9727 9728 255 9984 251 10236 3 10240 250 10492 2 10496 250 10748 3 10752 255 11008 255 11264 255 11520 255 11776 253 12032 251 12288 247 12544 245 12800 241 13056 239 13312 236 13568 233 13824 230 14080 227 14336 224 14592 221 14848 218 15104 215 15360 212 15616 209 15872 206 16128 204 16384 201 16640 198 16896 195 17152 192 17408 189 17664 186 17920 183 18176 180 18432 177 18688 174 18944 171 19200 169 19456 165 19712 163 19968 159 20224 157 20480 153 20736 151 20992 147 21248 145 21504 141 21760 139 22016 136 22272 133 22528 130 22784 127 23040 124 23296 121 23552 118 23808 115 24064 112 24320 110 24576 107 24832 104 25088 101 25344 98 25600 95 25856 92 26112 89 26368 86 26624 83 26880 80 27136 77 27392 75 27648 71 27904 69 28160 65 28416 63 28672 59 28928 57 29184 53 29440 51 29696 47 29952 45 30208 42 30464 39 30720 36 30976 33 31232 30 31488 27 31744 24 32000 21 32256 18 32512 15 32768 13 33024 10 33280 7 33536 4 33792 1
331069,0 19555 19556 2715 22272 255 22528 255 22784 255 23040 255 23296 255 23552 255 23808 255 24064 255 24320 255 24576 255 24832 255 25088 255 25344 255 25600 388 25992 252 26248 252 26503 3 26507 251 26759 3 26763 251 27015 1 27019 253 27273 2149 29423 254 29681 9 29691 4 29696 234 29937 9 29947 4 29952 233 30193 9 30203 4 30208 230 30439 2 30445 13 30459 4 30464 230 30695 33835 64531 255 64792 249 65049 245 65306 230
104502,0 65536
000047,0 65536
487585,0 455 456 48 507 2 510 200 712 2 715 35 752 2 755 5 764 201 972 33 1013 3 1020 198 1228 34 1269 206 1476 1 1484 246 1740 246 1997 245 2253 245 2509 245 2764 246 3018 248 3272 252 3525 2186 5713 253 5971 251 6227 251 6483 251 6739 251 6994 7761 14756 254 15014 252 15270 248 15519 3 15525 245 15772 2 15776 246 16024 2 16028 3 16032 246 16284 250 16540 249 16796 249 17051 250 17306 1100 18411 131 18544 112 18659 3 18669 128 18800 111 18927 125 19057 109 19183 125 19312 109 19439 125 19568 106 19695 125 19824 106 19951 125 20080 104 20206 126 20335 100 20461 228 20716 229 20971 229 21223 233 21475 235 21730 236 21985 52 22039 183 22240 52 22296 182 22495 53 22552 184 22750 55 22808 185 23003 249 23256 2490 25755 247 26012 246 26268 246 26525 243 26781 243 27036 122 27169 113 27290 124 27424 116 27541 1 27543 126 27676 248 27931 36 27970 209 28186 37 28227 209 28441 38 28480 212 28696 253 28952 2586 31540 252 31796 250 32052 249 32308 250 32563 252 32817 110 32930 252 33187 250 33445 248 33702 247 33958 247 34213 249 34468 329 34801 252 35058 252 35315 2 35319 8 35328 238 35576 7 35584 238 35833 6 35840 238 36091 4 36096 239 36348 3 36352 240 36604 3 36608 240 36859 4 36864 241 37115 4 37120 243 37371 4 37376 244 37627 4 37632 244 37884 1 37886 1 37888 244 38137 1 38139 2 38144 245 38393 1 38396 1 38400 246 38648 2 38652 3 38656 247 38904 2 38908 3 38912 248 39164 3 39168 248 39421 2 39424 248 39677 2 39680 246 39936 245 40192 245 40448 245 40704 245 40958 1 40960 245 41212 1 41216 5 41225 235 41467 4 41472 4 41483 35 41520 196 41723 4 41728 4 41739 35 41777 195 41978 5 41984 3 41996 33 42034 194 42233 6 42240 3 42252 32 42291 193 42488 7 42496 3 42508 31 42547 194 42742 9 42752 3 42765 29 42803 204 43008 3 43021 28 43059 204 43264 3 43277 27 43314 205 43520 3 43532 28 43570 205 43776 4 43788 27 43826 205 44032 4 44043 28 44082 205 44288 4 44299 28 44336 207 44544 4 44553 30 44591 208 44800 4 44808 31 44845 210 45056 4 45064 32 45100 211 45312 4 45320 247 45568 4 45576 247 45824 6 45832 247 46080 7 46088 247 46336 255 46592 255 46848 255 47104 255 47360 255 47616 255 47872 255 48128 255 48384 255 48640 255 48896 255 49152 255 49408 255 49664 255 49920 255 50176 255 50432 255 50688 39 50728 215 50944 39 50985 214 51200 39 51242 213 51456 40 51499 212 51712 40 51755 212 51968 40 52011 212 52224 39 52268 211 52480 39 52524 211 52736 39 52780 211 52992 39 53036 211 53248 39 53293 210 53504 39 53549 210 53760 40 53805 210 54016 41 54060 2003 56064 255 56320 255 56576 255 56832 255 57088 255 57344 255 57600 255 57856 255 58112 255 58368 255 58624 255 58880 255 59136 255 59392 255 59648 5888
890795,0 25875 25879 251 26137 248 26393 247 26650 246 26906 245 27163 243 27419 240 27675 239 27932 237 28189 234 28446 232 28702 232 28958 231 29215 229 29471 229 29726 229 29982 227 30237 228 30493 227 30737 5 30748 228 30991 241 31246 242 31502 62 31567 177 31757 61 31825 175 32012 62 32081 175 32267 62 32338 174 32523 62 32594 174 32779 62 32850 174 33034 63 33107 173 33289 64 33363 107 33471 65 33545 64 33619 107 33728 64 33800 65 33875 103 33981 1 33984 63 34056 65 34131 104 34240 63 34304 1 34311 66 34387 105 34496 61 34560 1 34562 71 34644 104 34752 61 34816 73 34899 106 35008 60 35072 74 35155 107 35264 60 35328 75 35410 108 35520 61 35584 78 35665 109 35775 63 35840 190 36031 64 36096 255 36352 446 36799 255 37055 19 37076 234 37312 18 37332 232 37568 18 37587 231 37824 16 37843 231 38081 3 38086 244 38337 3 38342 243 38593 248 38849 248 39105 247 39361 247 39616 106 39727 136 39872 106 39984 135 40127 107 40239 135 40381 111 40495 135 40637 249 40892 251 41148 253 41403 351 41755 139 41896 112 42014 136 42152 111 42270 135 42408 110 42526 134 42663 110 42782 134 42919 109 43037 60 43099 73 43174 109 43292 62 43355 73 43430 108 43547 63 43611 73 43686 108 43803 136 43942 252 44198 251 44455 250 44711 249 44967 246 45224 234 45461 6 45480 233 45720 2 45737 230 45993 229 46250 98 46349 127 46506 96 46607 68 46676 52 46762 95 46867 63 46932 52 47018 95 47124 62 47189 50 47274 94 47384 58 47445 50 47530 95 47641 54 47703 48 47785 96 47897 53 47957 49 48041 96 48153 54 48213 48 48297 97 48410 53 48469 48 48552 98 48667 52 48724 49 48806 100 48924 51 48979 49 49059 103 49180 52 49235 48 49313 106 49437 51 49491 47 49569 106 49694 99 49824 108 49950 98 50080 110 50206 98 50337 113 50462 99 50593 115 50718 99 50849 115 50974 99 51105 116 51230 99 51361 116 51485 99 51616 118 51741 99 51872 118 51997 99 52127 119 52252 101 52383 120 52507 103 52639 227 52895 227 53152 226 53406 228 53662 228 53917 229 54173 229 54429 229 54684 229 54939 230 55194 111 55309 114 55427 1 55449 112 55567 112 55683 3 55688 7 55704 114 55824 112 55939 13 55959 115 56079 114 56195 15 56215 116 56334 115 56451 16 56471 253 56727 254 56983 255 57239 255 57495 142 57640 251 57898 248 58154 248 58410 248 58665 249 58919 2599 61519 253 61777 1 61779 249 62033 249 62289 249 62545 249 62801 249 63057 246 63313 245 63569 245 63820 2 63823 247 64075 499 64575 961
283877,0 46319 46323 253 46577 18959
000090, 
986585,0 65536
238364,0 850 851 3908 4760 366 5127 251 5379 6 5386 610 5997 510 6508 37 6546 123 6670 2871 9542 255 9798 1325 11124 745 11870 254 12125 1503 13629 2816 16446 84 16531 3388 19920 2624 22545 6 22552 2 22555 761 23317 256 23574 2 23577 566 24144 196 24341 253 24595 2043 26642 1262 27905 4 27910 250 28162 254 28419 253 28676 254 28932 1405 30339 898 31238 526 31765 253 32019 256 32276 518 32795 253 33049 510 33560 12 33573 240 33814 256 34071 1268 35340 2 35344 249 35594 5 35600 250 35855 258 36114 249 36364 510 36878 257 37136 254 37392 254 37648 1275 38924 1789 40714 16 40731 239 40971 253 41225 248 41474 7 41482 5009 46492 41 46534 511 47046 469 47516 3667 51184 1736 52921 1166 54088 430 54520 5035 59556 134 59691 881 60574 1417 61992 347 62340 162 62504 58 62563 180 62745 78 62824 181 63006 1024 64031 586 64622 250 64881 101 64983 145 65138 171 65310 38 65350 6 65357 13 65371 12 65395 90 65487 49
516869,0 65536
850742,0 30463 30464 255 30720 255 30976 255 31232 255 31488 255 31744 255 32000 3583 35584 255 35840 255 36096 255 36352 255 36608 255 36864 28672
274444,0 65536
187649,0 255 256 255 512 255 768 255 1024 255 1280 255 1536 255 1792 255 2048 255 2304 767 3072 255 3328 255 3584 3583 7168 3839 11008 255 11264 255 11520 255 11776 255 12032 255 12288 255 12544 767 13312 255 13568 255 13824 255 14080 2047 16128 255 16384 255 16640 255 16896 255 17152 255 17408 255 17664 255 17920 255 18176 255 18432 15265 33701 251 33958 249 34215 247 34471 248 34728 248 34984 249 35240 250 35496 251 35752 252 36008 253 36264 5719 41984 255 42240 255 42496 255 42752 255 43008 255 43264 255 43520 255 43776 255 44032 255 44288 255 44544 255 44800 255 45056 255 45312 255 45568 202 45771 52 45824 200 46028 51 46080 198 46285 50 46336 197 46541 50 46592 197 46797 50 46848 196 47053 50 47104 196 47309 50 47360 196 47565 50 47616 196 47821 50 47872 196 48076 51 48128 196 48332 51 48384 195 48587 45 48634 5 48640 196 48842 46 48890 5 48896 196 49096 45 49146 5 49152 196 49351 46 49402 5 49408 244 49658 5 49664 244 49914 5 49920 244 50170 5 50176 244 50426 5 50432 243 50682 5 50688 243 50937 6 50944 243 51193 6 51200 244 51449 6 51456 244 51703 8 51712 245 51958 9 51968 255 52224 255 52480 255 52736 255 52992 255 53248 255 53504 255 53760 255 54016 255 54272 255 54528 255 54784 255 55040 255 55296 10240
000081,0 65536
293458,0 148 150 83 234 156 391 6 400 3 408 234 648 4 656 2 664 234 913 1 918 236 1169 241 1425 243 1681 245 1927 1 1936 250 2192 252 2447 2215 4664 166 4832 85 4921 163 5089 83 5177 161 5346 82 5432 160 5602 83 5688 160 5858 245 6114 245 6370 244 6626 244 6882 244 7138 244 7394 244 7650 245 7906 246 8163 246 8420 246 8676 247 8933 247 9189 248 9445 250 9700 222 9925 28 9955 221 10183 248 10440 191 10638 46 10697 189 10896 43 10954 189 11153 42 11212 187 11410 6 11421 29 11468 188 11667 4 11679 27 11725 188 11923 4 11938 25 11981 191 12177 9 12195 24 12238 193 12432 13 12451 25 12495 208 12706 26 12751 238 12992 1 13008 245 13264 230 13495 15 13521 228 13753 13 13778 225 14009 14 14034 223 14266 13 14289 223 14522 12 14544 224 14778 13 14799 226 15034 13 15054 227 15290 13 15308 230 15546 13 15563 231 15802 249 16058 251 16314 252 16568 3399 19968 255 20224 255 20480 255 20736 255 20992 1206 22202 252 22459 251 22715 174 22892 74 22972 67 23040 105 23149 74 23228 67 23296 106 23405 74 23485 66 23552 107 23660 76 23741 66 23808 255 24064 255 24320 254 24576 253 24832 251 25088 246 25344 164 25515 72 25600 164 25776 58 25835 3 25856 164 26033 52 26086 5 26112 163 26290 48 26339 4 26368 163 26547 48 26624 162 26805 37 26843 4 26880 162 27061 38 27136 162 27319 15 27337 14 27392 162 27577 27 27648 162 27833 18 27852 3 27904 161 28089 19 28160 161 28346 13 28416 160 28600 12 28672 160 28853 10 28928 159 29107 10 29184 159 29359 5 29365 3 29440 158 29611 4 29616 4 29696 159 29864 4 29869 3 29952 159 30115 4 30120 4 30208 165 30374 2 30464 165 30720 160 30976 140 31117 16 31232 153 31488 149 31744 141 31886 3 32000 142 32256 137 32512 134 32768 129 33024 126 33280 118 33399 3 33536 119 33792 114 34048 110 34304 106 34560 103 34816 94 34911 4 35072 95 35328 91 35584 87 35840 83 36096 64 36161 15 36352 59 36414 9 36424 3 36608 72 36864 63 36928 3 37120 64 37376 59 37632 57 37888 52 38144 49 38400 44 38656 41 38912 37 39168 33 39424 29 39680 25 39936 21 40192 17 40448 13 40704 10 40960 5 41216 2
000067,0 19455 19456 255 19712 45824
905849,0 65536
841484,0 99 104 58 165 6 174 15 190 7 198 7 206 5 212 7 256 164 422 39 462 6 470 5 512 220 768 220 1024 220 1280 220 1536 221 1792 221 2048 221 2304 221 2560 222 2816 222 3072 222 3328 222 3584 223 3840 223 4096 223 4352 170 4528 47 4608 167 4787 45 4864 166 5044 44 5120 164 5301 43 5376 163 5558 42 5632 162 5814 43 5888 162 6069 44 6144 162 6325 44 6400 162 6580 45 6656 161 6836 46 6912 162 7090 48 7168 162 7345 49 7424 162 7600 51 7680 162 7855 52 7936 163 8110 53 8192 162 8364 55 8448 163 8619 56 8704 162 8875 57 8960 163 9131 39 9172 16 9216 163 9387 38 9428 16 9472 163 9643 35 9685 16 9728 162 9897 36 9942 15 9984 162 10153 35 10198 15 10240 163 10408 36 10453 17 10496 164 10663 37 10708 18 10752 203 10963 19 11008 203 11218 20 11264 203 11472 22 11520 231 11776 231 12032 231 12288 231 12544 232 12800 232 13056 232 13312 233 13568 233 13824 233 14080 233 14336 234 14592 234 14848 234 15104 234 15360 235 15616 235 15872 235 16128 235 16384 236 16640 236 16896 236 17152 236 17408 237 17664 237 17920 237 18176 238 18432 238 18688 238 18944 238 19200 238 19456 239 19712 239 19968 239 20224 239 20480 240 20736 240 20992 240 21248 240 21504 241 21760 241 22016 241 22272 241 22528 242 22784 237 23023 3 23040 237 23279 3 23296 237 23536 3 23552 237 23792 3 23808 238 24048 3 24064 238 24304 3 24320 239 24560 3 24576 186 24764 51 24817 3 24832 185 25021 50 25073 3 25088 184 25278 51 25330 2 25344 183 25535 49 25586 3 25600 182 25791 49 25842 3 25856 182 26047 50 26098 3 26112 182 26303 54 26368 182 26559 16 26578 36 26624 183 26814 16 26835 35 26880 183 27070 15 27093 33 27136 183 27326 15 27352 31 27392 182 27582 15 27619 20 27648 181 27838 16 27877 18 27904 180 28094 16 28133 18 28160 180 28351 16 28389 19 28416 182 28607 17 28645 19 28672 185 28862 18 28901 19 28928 209 29157 19 29184 209 29401 8 29413 20 29440 210 29652 15 29668 21 29696 249 29952 249 30208 250 30464 250 30720 250 30976 251 31232 251 31488 251 31744 251 32000 252 32256 252 32512 252 32768 252 33024 253 33280 141 33424 109 33536 139 33682 107 33792 138 33938 108 34048 138 34195 107 34304 138 34451 107 34560 138 34708 106 34816 139 34964 106 35072 140 35220 107 35328 140 35477 106 35584 140 35733 106 35840 140 35989 247 36244 249 36500 249 36756 251 37011 5484 42496 255 42752 255 43008 255 43264 255 43520 255 43776 255 44032 255 44288 255 44544 255 44800 255 45056 255 45312 2815 48128 255 48384 255 48640 255 48896 255 49152 255 49408 255 49664 15799 65464 71
636648,0 125 256 125 512 125 768 126 1024 126 1280 126 1536 126 1792 126 2048 126 2304 127 2560 127 2816 127 3072 128 3328 128 3584 128 3840 128 4096 128 4352 128 4608 129 4864 129 5120 129 5376 130 5632 130 5888 130 6144 130 6400 130 6656 130 6912 131 7168 131 7424 131 7680 132 7936 132 8192 132 8448 132 8704 132 8960 132 9216 133 9472 133 9728 133 9984 133 10240 134 10496 134 10752 134 11008 134 11264 134 11520 134 11776 135 12032 135 12288 136 12544 136 12800 136 13056 136 13312 136 13568 136 13824 137 14080 137 14336 137 14592 137 14848 138 15104 138 15360 138 15616 138 15872 138 16128 138 16384 139 16640 139 16896 139 17152 139 17408 140 17664 140 17920 140 18176 140 18432 140 18688 141 18944 141 19200 141 19456 142 19712 142 19968 142 20224 142 20480 142 20736 142 20992 143 21248 143 21504 143 21760 144 22016 144 22272 144 22528 144 22784 144 23040 144 23296 145 23552 145 23808 145 24064 146 24320 146 24576 146 24832 146 25088 146 25344 146 25600 147 25856 147 26112 147 26368 148 26624 148 26880 148 27136 148 27392 148 27648 148 27904 149 28160 149 28416 149 28672 150 28928 150 29184 150 29440 150 29696 150 29952 150 30208 151 30464 151 30720 151 30976 152 31232 152 31488 152 31744 152 32000 152 32256 152 32512 152 32768 153 33024 153 33280 153 33536 154 33792 154 34048 154 34304 154 34560 154 34816 155 35072 155 35328 155 35584 155 35840 156 36096 156 36352 156 36608 156 36864 156 37120 156 37376 157 37632 157 37888 158 38144 158 38400 158 38656 158 38912 158 39168 158 39424 158 39680 159 39936 159 40192 159 40448 160 40704 160 40960 160 41216 160 41472 160 41728 160 41984 161 42240 161 42496 161 42752 162 43008 162 43264 162 43520 162 43776 162 44032 162 44288 163 44544 163 44800 163 45056 164 45312 164 45568 164 45824 164 46080 164 46336 164 46592 165 46848 165 47104 165 47360 166 47616 166 47872 166 48128 166 48384 166 48640 166 48896 167 49152 167 49408 167 49664 168 49920 168 50176 168 50432 168 50688 168 50944 168 51200 169 51456 169 51712 169 51968 170 52224 170 52480 170 52736 170 52992 170 53248 170 53504 171 53760 171 54016 171 54272 171 54528 172 54784 172 55040 172 55296 172 55552 172 55808 173 56064 173 56320 173 56576 173 56832 174 57088 174 57344 174 57600 174 57856 174 58112 174 58368 175 58624 175 58880 175 59136 176 59392 176 59648 176 59904 176 60160 176 60416 177 60672 177 60928 177 61184 177 61440 178 61696 178 61952 178 62208 178 62464 178 62720 178 62976 179 63232 179 63488 179 63744 180 64000 180 64256 180 64512 180 64768 180 65024 180 65280 180
711772,0 38399 38400 255 38656 255 38912 255 39168 255 39424 255 39680 255 39936 255 40192 255 40448 255 40704 255 40960 255 41216 5631 46848 255 47104 255 47360 255 47616 255 47872 255 48128 255 48384 255 48640 255 48896 255 49152 255 49408 255 49664 255 49920 255 50176 255 50432 255 50688 255 50944 255 51200 255 51456 14080
661320,0 65536
391427,1 18686 18688 255 18944 255 19200 255 19456 255 19712 255 19968 255 20224 3346 23571 255 23827 253 24084 251 24341 249 24598 248 24854 249 25110 249 25367 250 25624 250 25881 251 26138 251 26395 251 26652 252 26908 254 27165 253 27423 47 27473 202 27679 45 27730 61 27792 139 27936 34 27971 7 27987 58 28051 172 28228 3 28244 56 28309 169 28503 51 28566 167 28759 51 28824 165 29016 49 29081 164 29253 5 29273 48 29338 163 29507 12 29529 47 29595 162 29760 16 29785 46 29851 183 30039 48 30107 236 30364 235 30621 234 30863 4 30877 234 31116 9 31133 233 31371 12 31388 234 31626 251 31881 252 32136 253 32392 253 32648 252 32904 253 33159 6103 39265 251 39521 250 39777 249 40033 197 40231 50 40289 197 40487 50 40545 249 40800 251 41057 252 41312 253 41568 254 41823 289 42117 9 42131 236 42377 1 42388 233 42646 230 42903 229 43160 222 43418 71 43492 146 43675 71 43749 1 43752 142 43932 71 44009 137 44147 7 44155 2 44190 72 44264 150 44447 223 44703 222 44960 220 45217 219 45473 218 45700 8 45730 217 45954 11 45987 216 46208 14 46243 236 46487 7 46499 238 46741 9 46756 251 47012 252 47268 91 47360 162 47523 801 48327 251 48585 248 48842 53 48896 192 49100 51 49152 102 49257 87 49356 51 49408 102 49514 3 49519 80 49612 51 49664 103 49771 84 49868 51 49920 106 50027 83 50124 51 50176 111 50289 77 50380 51 50432 111 50544 1 50546 75 50636 51 50688 114 50803 74 50892 51 50944 189 51147 52 51200 189 51399 56 51456 189 51653 58 51712 189 51908 59 51968 189 52164 59 52224 188 52419 60 52480 187 52675 60 52736 185 52931 60 52992 183 53187 60 53248 182 53443 60 53504 181 53699 60 53760 179 53954 61 54016 178 54209 62 54272 178 54464 63 54528 177 54720 63 54784 177 54975 64 55040 177 55230 243 55486 244 55741 66 55808 178 55997 66 56064 179 56253 66 56320 180 56510 65 56576 181 56764 67 56832 183 57018 69 57088 250 57340 2 57344 251 57596 2 57600 251 57852 3 57856 255 58112 255 58368 6920 65290 246
403905,0 255 256 62 319 1013 1337 251 1593 251 1850 251 2106 251 2362 251 2618 251 2874 250 3129 252 3384 8135 11520 255 11776 255 12032 10 12043 244 12288 8 12299 244 12544 8 12555 253 12811 253 13067 253 13323 253 13579 253 13836 252 14092 252 14347 253 14603 37970 52574 2 52578 68 52647 179 52837 63 52905 177 53093 63 53163 175 53349 63 53420 176 53604 64 53676 178 53855 70 53933 248 54189 249 54444 252 54700 3853 58555 253 58812 252 59069 251 59325 251 59581 251 59837 251 60091 5445
534313,0 126 131 249 391 83 475 161 647 243 904 243 1156 2 1160 244 1413 248 1670 248 1926 250 2180 54 2235 199 2437 51 2492 198 2695 48 2749 155 2905 41 2952 46 3005 155 3164 39 3209 44 3261 66 3328 89 3421 38 3465 44 3518 65 3584 86 3671 2 3677 38 3721 43 3774 65 3840 85 3929 1 3933 39 3977 44 4030 65 4096 84 4189 39 4233 43 4286 65 4352 84 4444 41 4489 43 4542 65 4608 83 4699 43 4744 44 4798 65 4864 83 4956 42 5000 44 5053 66 5120 83 5213 41 5256 44 5309 66 5376 84 5470 40 5512 45 5565 66 5632 85 5727 39 5768 45 5821 66 5888 85 5983 39 6024 46 6077 66 6144 86 6237 41 6280 46 6332 67 6400 88 6492 91 6588 67 6656 130 6787 53 6842 69 6912 255 7168 255 7424 255 7680 958 8639 253 8896 251 9152 83 9239 164 9407 83 9497 163 9663 83 9754 163 9918 84 10010 249 10266 250 10521 253 10775 2394 13171 252 13428 250 13684 250 13940 249 14197 248 14452 2 14455 246 14707 250 14963 169 15133 81 15219 252 15474 164 15643 251 15900 62 15964 185 16156 61 16222 183 16412 60 16478 183 16668 60 16734 183 16923 61 16991 183 17177 63 17246 218 17465 31 17501 218 17723 3 17727 248 17979 252 18236 250 18492 250 18748 250 19003 252 19259 5583 24843 254 25100 254 25355 285 25642 254 25898 1493 27392 255 27648 255 27904 255 28160 255 28416 10 28429 5 28436 235 28672 10 28686 2 28692 15 28708 219 28928 9 28949 234 29184 8 29207 232 29440 7 29463 13 29477 1 29480 215 29696 6 29718 12 29737 214 29952 6 29974 11 29994 213 30208 5 30229 12 30251 212 30464 4 30485 13 30507 212 30720 4 30740 14 30763 212 30976 3 30996 14 31018 213 31232 1 31252 235 31507 236 31763 236 32019 236 32275 236 32531 237 32787 237 33043 237 33299 237 33554 238 33808 240 34061 243 34316 248 34570 251 34825 41 34869 209 35080 42 35126 251 35382 251 35638 251 35894 251 36150 81 36233 167 36406 80 36491 165 36662 79 36747 165 36917 79 37004 164 37173 68 37243 9 37261 45 37307 117 37429 68 37500 8 37517 45 37563 116 37685 69 37756 9 37773 45 37819 115 37941 81 38029 45 38075 113 38196 87 38284 46 38332 111 38451 135 38588 85 38674 7 38685 13 38706 136 38844 87 38932 1 38946 6 38961 137 39100 86 39216 226 39471 228 39727 64 39792 164 39981 66 40048 165 40236 182 40419 51 40491 181 40675 63 40745 29 40780 91 40872 56 40931 64 40999 27 41040 87 41128 56 41188 94 41299 84 41384 57 41444 94 41555 142 41700 94 41811 238 42068 236 42326 10 42341 219 42584 3 42597 219 42840 4 42854 217 43094 7 43110 217 43349 10 43366 217 43604 234 43859 23 43884 210 44112 26 44139 25 44171 179 44361 59 44427 1 44429 177 44615 61 44684 179 44870 62 44940 179 45125 63 45196 182 45379 65 45452 249 45706 251 45962 252 46217 1474 47697 251 47954 76 48031 4 48036 122 48159 44 48210 74 48294 116 48416 42 48466 74 48550 116 48672 42 48721 73 48806 116 48929 41 48976 73 49062 111 49176 1 49186 40 49232 72 49318 110 49442 40 49483 77 49573 109 49698 118 49828 109 49945 4 49954 118 50082 111 50200 128 50337 113 50453 131 50592 115 50708 132 50848 248 51104 248 51360 248 51616 248 51872 249 52128 249 52384 249 52641 247 52898 246 53155 245 53412 244 53668 202 53873 39 53923 202 54129 38 54179 201 54385 38 54435 201 54641 38 54691 201 54897 38 54948 201 55151 40 55204 201 55407 40 55460 200 55662 41 55715 201 55919 41 55971 201 56175 41 56227 201 56431 41 56482 204 56687 42 56738 93 56832 154 56994 93 57088 154 57250 93 57344 154 57505 94 57600 154 57761 250 58017 251 58272 253 58528 254 58783 255 59040 254 59296 254 59554 252 59811 251 60067 252 60323 251 60580 250 60836 249 61091 250 61347 250 61603 250 61859 250 62115 250 62371 249 62627 250 62881 253 63137 2216 65358 2 65364 172
799282,0 245 256 244 512 45 561 159 721 35 768 42 817 158 977 34 1024 43 1072 195 1280 243 1531 2 1536 242 1785 5 1792 241 2035 4 2042 1 2048 244 2293 3 2304 242 2547 2 2560 241 2816 47 2864 191 3072 235 3328 49 3379 42 3423 137 3584 49 3636 40 3680 132 3840 49 3891 43 3936 129 4096 49 4147 43 4192 126 4352 50 4403 168 4608 215 4864 213 5120 52 5176 37 5216 113 5376 52 5432 37 5472 110 5632 52 5688 36 5728 106 5888 52 5945 35 5984 2 5987 100 6144 51 6202 34 6241 1 6244 95 6400 49 6459 32 6500 93 6656 49 6715 32 6756 90 6912 49 6969 33 7012 86 7168 49 7225 31 7270 81 7424 26 7452 20 7480 33 7528 76 7680 26 7708 2 7711 17 7736 34 7784 72 7936 25 7964 2 7968 16 7992 34 8040 69 8192 24 8225 16 8248 34 8295 66 8448 25 8482 16 8504 34 8539 1 8550 65 8704 26 8739 15 8760 37 8805 63 8960 26 8996 16 9016 40 9060 60 9216 26 9252 17 9273 100 9472 28 9508 18 9530 96 9728 29 9765 17 9787 91 9984 30 10020 18 10043 88 10240 31 10276 17 10300 83 10496 32 10531 18 10558 79 10752 53 10814 75 11008 54 11070 72 11264 55 11327 64 11392 3 11520 56 11584 59 11644 4 11776 56 11839 61 12032 57 12094 59 12288 57 12350 55 12544 58 12606 50 12657 2 12800 58 12861 50 13056 108 13312 105 13568 97 13666 4 13824 95 13920 2 14080 96 14336 92 14592 85 14678 3 14848 81 14930 2 15104 82 15360 79 15616 75 15872 68 15943 1 16128 69 16384 62 16447 2 16640 60 16701 1 16896 55 16952 3 17152 56 17408 49 17458 3 17664 45 17710 4 17920 1 17922 2 17928 35 17964 2 18184 35 18441 27 18469 2 18699 26 18957 19 19213 17 19469 13 19725 11 19980 8 20235 1 20237 4 20484 5 20491 2 20738 6 20745 1 20993 5 21250 2
000048, 
701596,0 9079 9082 252 9338 252 9594 251 9851 250 10107 250 10362 251 10618 252 10874 252 11129 253 11385 254 11641 6245 17887 179 18067 74 18143 178 18324 74 18399 178 18580 254 18836 5126 23966 251 24225 246 24481 245 24737 185 24923 3 24927 53 24993 133 25127 49 25181 1 25183 52 25248 133 25386 45 25439 52 25503 133 25642 45 25696 56 25753 1 25758 133 25898 44 25952 194 26153 45 26208 193 26408 45 26463 193 26664 44 26719 193 26919 45 26975 193 27172 48 27231 193 27428 47 27487 193 27683 48 27742 196 27939 49 27997 247 28251 250 28505 253 28759 13263 42023 253 42280 253 42536 254 42793 254 43048 3190 46244 249 46500 38 46539 209 46756 38 46796 207 47012 246 47268 246 47524 246 47780 246 48035 248 48291 248 48546 250 48802 251 49056 6495 55552 250 55804 3 55808 250 56060 3 56064 250 56316 254 56572 254 56827 5435 62264 252 62521 250 62777 249 63034 247 63290 247 63546 247 63801 248 64057 1479
000031, 
726981,0 474 475 255 732 254 989 2541 3532 2 3536 79 3620 165 3793 77 3879 161 4050 76 4135 158 4306 76 4391 157 4562 76 4648 155 4817 76 4904 152 5073 77 5161 150 5329 77 5417 147 5585 76 5674 144 5841 76 5930 143 6097 75 6186 142 6352 76 6441 142 6607 76 6697 142 6862 76 6952 142 7114 80 7207 142 7369 80 7462 143 7624 80 7718 143 7879 81 7974 142 8135 81 8230 142 8391 81 8487 142 8646 82 8743 142 8902 57 8960 24 8999 142 9157 58 9216 24 9255 142 9413 58 9472 25 9511 142 9669 58 9728 25 9766 143 9925 57 9984 25 10021 144 10181 56 10240 25 10277 36 10315 107 10436 55 10496 26 10532 37 10572 106 10690 57 10752 26 10787 38 10829 106 10944 59 11008 27 11042 39 11085 45 11135 3 11141 53 11200 59 11264 27 11297 40 11341 41 11401 1 11403 47 11452 63 11520 28 11552 40 11598 40 11664 107 11776 29 11806 42 11854 39 11921 106 12032 72 12111 36 12179 104 12288 72 12367 35 12435 104 12544 72 12623 35 12687 108 12800 18 12819 53 12879 35 12941 110 13056 14 13076 51 13135 35 13196 111 13312 12 13332 50 13391 35 13450 112 13568 12 13588 50 13647 34 13705 97 13803 15 13824 11 13845 50 13903 34 13960 91 14053 4 14059 15 14080 10 14102 49 14159 34 14214 90 14311 2 14316 14 14332 3 14336 10 14358 49 14415 33 14470 90 14573 27 14615 49 14671 33 14725 91 14829 27 14871 49 14927 33 14980 94 15085 26 15127 49 15181 37 15235 132 15383 49 15437 40 15490 133 15639 49 15693 42 15736 2 15741 1 15744 135 15894 50 15948 30 15980 154 16150 50 16205 27 16236 154 16406 50 16461 25 16492 154 16661 52 16716 26 16747 155 16915 81 17003 156 17170 54 17225 26 17258 158 17425 54 17483 23 17514 159 17679 55 17739 23 17769 160 17932 58 17995 23 18025 161 18187 58 18250 24 18281 161 18443 58 18505 26 18536 162 18700 56 18761 29 18791 163 18955 57 19017 193 19212 55 19272 27 19300 166 19468 55 19528 25 19556 162 19724 54 19783 26 19812 103 19917 56 19980 52 20039 25 20068 102 20172 56 20235 53 20294 24 20324 99 20424 1 20428 56 20491 53 20549 21 20579 99 20684 52 20738 2 20746 54 20805 20 20835 99 20940 52 21001 54 21061 18 21090 100 21195 53 21256 55 21317 16 21346 100 21451 53 21506 1 21511 56 21572 16 21602 100 21705 56 21762 60 21828 12 21857 221 22083 13 22113 222 22338 13 22369 223 22594 12 22624 237 22880 238 23135 239 23390 241 23645 243 23901 243 24156 245 24411 246 24666 248 24922 248 25177 250 25432 1998 27432 253 27690 250 27947 249 28203 249 28457 251 28713 249 28968 249 29224 248 29480 131 29614 114 29736 37 29777 89 29870 114 29992 37 30033 90 30127 112 30248 37 30291 87 30383 112 30504 37 30546 89 30639 112 30760 38 30800 92 30894 114 31015 39 31055 209 31271 249 31526 250 31782 250 32038 250 32294 250 32550 250 32805 251 33061 251 33316 252 33572 252 33828 252 34084 251 34339 252 34595 146 34744 102 34851 144 35001 99 35107 144 35256 100 35363 143 35512 100 35619 143 35767 101 35875 142 36021 103 36131 142 36276 104 36387 140 36529 107 36644 136 36784 108 36900 137 37040 108 37156 248 37412 247 37667 248 37923 248 38178 249 38434 249 38689 249 38946 248 39201 249 39457 248 39713 248 39969 247 40225 247 40480 248 40736 248 40991 249 41247 249 41502 249 41757 42 41800 206 42013 41 42059 203 42268 41 42315 202 42524 41 42571 201 42779 42 42828 198 43034 43 43084 197 43289 44 43340 196 43544 45 43596 195 43799 46 43852 194 44054 47 44108 193 44308 50 44364 193 44562 52 44620 193 44817 53 44876 193 45071 55 45131 251 45387 2923 48311 254 48568 136 48708 110 48826 132 48967 106 49083 129 49223 105 49340 126 49478 106 49597 123 49733 106 49854 121 49988 106 50110 120 50244 105 50366 119 50499 105 50623 117 50755 104 50879 64 50944 52 51011 103 51134 65 51200 51 51266 104 51387 68 51456 51 51521 104 51638 73 51712 50 51776 104 51892 75 51968 49 52031 105 52147 76 52224 48 52287 105 52403 76 52480 48 52543 105 52659 76 52736 48 52799 106 52914 77 52992 49 53053 109 53169 78 53248 50 53300 1 53308 112 53425 78 53504 34 53539 138 53679 80 53760 33 53796 219 54016 33 54052 219 54272 31 54308 219 54528 30 54564 219 54784 29 54820 3 54825 214 55040 28 55077 2 55080 215 55296 26 55339 212 55552 21 55575 3 55596 211 55808 19 55833 1 55852 211 56064 19 56108 211 56320 18 56363 212 56576 18 56619 231 56874 232 57129 233 57384 234 57639 216 57856 17 57894 217 58112 16 58149 218 58368 16 58402 221 58624 16 58657 222 58880 16 58911 241 59166 242 59421 243 59676 244 59932 246 60187 247 60442 250 60697 252 60952 902 61856 254 62112 490 62603 253 62859 252 63115 13 63133 233 63369 15 63389 231 63623 19 63644 232 63879 20 63900 1461 65363 173
689810,0 65536
548413,0 65536
777433,0 410 412 246 669 243 939 229 1193 1 1195 229 1444 2 1447 233 1700 236 1947 1 1956 236 2212 236 2468 236 2724 236 2980 236 3234 239 3488 242 3744 242 4000 242 4256 243 4512 244 4767 245 5023 246 5278 247 5534 247 5789 249 6043 3565 9612 1 9615 247 9872 246 10129 244 10385 244 10641 244 10897 244 11153 245 11409 253 11664 1559 13228 2 13232 247 13485 1 13488 247 13744 246 13997 249 14252 250 14508 250 14763 251 15019 250 15274 250 15530 250 15785 251 16041 251 16296 252 16551 252 16806 253 17061 8172 25237 252 25494 250 25750 250 26006 251 26261 485 26748 253 27005 251 27263 248 27519 248 27775 248 28031 247 28285 249 28539 250 28793 253 29047 28042 57090 4 57096 249 57346 2 57352 248 57608 248 57865 247 58121 247 58378 246 58634 246 58890 246 59145 247 59400 248 59656 248 59912 248 60167 249 60422 250 60676 253 60930 2813 63744 255 64000 255 64256 255 64512 255 64768 768
810943,0 278 279 2037 2318 762 3081 1534 4616 1548 6166 251 6419 4094 10515 1536 12053 1798 13853 1019 14873 2578 17452 2305 19758 761 20521 1776 22300 253 22556 278 22835 3589 26426 2758 29185 2050 31236 2320 33557 242 33800 255 34056 821 34878 4336 39215 8713 47929 4249 52181 252 52437 251 52693 251 52949 252 53205 253 53461 253 53717 11819
692688,0 6400 6401 255 6657 1 6659 253 6913 256 7170 255 7426 254 7681 1 7683 253 7937 255 8193 1 8195 253 8451 253 8706 1 8708 252 8962 1 8964 1 8966 250 9219 253 9475 1 9477 251 9731 1 9733 251 9988 1 9990 250 10244 1 10246 250 10502 250 10757 251 11013 1 11015 249 11271 249 11526 1 11528 248 11782 1 11784 248 12041 247 12295 1 12297 247 12553 247 12809 247 13064 1 13066 246 13322 246 13579 245 13835 245 14091 245 14347 245 14604 244 14861 243 15115 245 15373 243 15629 243 15884 1 15886 242 16142 242 16399 241 16653 243 16911 241 17166 1 17168 240 17422 1 17424 240 17680 240 17935 241 18191 1 18193 239 18449 239 18704 1 18706 238 18960 1 18962 238 19218 238 19473 239 19731 237 19987 237 20242 1 20244 236 20500 236 20757 235 21013 235 21269 235 21525 235 21780 1 21782 234 22038 234 22293 235 22551 233 22807 233 23062 1 23064 232 23320 232 23577 231 23831 233 24089 231 24345 231 24600 1 24602 230 24858 230 25113 231 25369 1 25371 229 25627 229 25882 1 25884 228 26138 1 26140 228 26396 228 26651 229 26907 1 26909 227 27165 227 27420 1 27422 226 27676 1 27678 226 27935 225 28189 1 28191 225 28447 225 28703 225 28958 1 28960 224 29216 224 29473 223 29729 1 29731 221 29985 223 30240 1 30242 222 30498 222 30755 221 31009 223 31267 221 31523 221 31778 1 31780 220 32036 220 32293 219 32548 220 32805 219 33060 1 33062 218 33316 1 33318 218 33574 218 33830 218 34087 217 34343 217 34598 1 34600 216 34854 1 34856 216 35112 216 35367 1 35369 215 35625 215 35881 215 36136 1 36138 214 36394 214 36651 213 36905 1 36907 213 37163 213 37419 213 37674 1 37676 212 37933 211 38187 213 38445 211 38701 211 38956 1 38958 210 39214 210 39471 209 39725 211 39983 209 40239 209 40496 208 40752 208 41008 208 41265 207 41521 207 41778 206 42032 1 42034 206 42290 206 42546 206 42803 205 43060 204 43316 204 43572 204 43829 203 44085 203 44341 203 44597 203 44854 202 45110 202 45366 202 45623 201 45879 201 46136 200 46392 200 46649 199 46904 200 47161 199 47417 199 47674 198 47930 1 47932 196 48186 198 48443 197 48699 197 48956 196 49210 1 49212 196 49468 196 49724 196 49981 195 50237 195 50494 194 50750 194 51007 193 51261 1 51263 193 51519 193 51775 193 52030 1 52032 192 52288 192 52545 191 52799 1 52801 191 53057 191 53313 191 53568 1 53570 190 53827 189 54082 190 54339 189 54595 189 54852 188 55108 188 55365 187 55620 188 55877 187 56134 186 56388 1 56390 186 56646 186 56902 186 57159 185 57415 185 57672 184 57926 1 57928 184 58184 184 58439 1 58441 183 58697 183 58953 183 59210 182 59466 182 59723 181 59979 181 60235 181 60491 181 60748 180 61004 180 61260 180 61517 179 61773 179 62030 178 62286 178 62543 177 62798 178 63055 177 63311 177 63568 176 63824 176 64080 176 64337 175 64593 175 64850 174 65106 174 65363 173
000004,0 65536
563581,0 6494 6495 255 6752 253 7010 251 7267 250 7523 251 7779 251 8035 252 8291 253 8546 44776 53323 12213
927691,0 65536
000030,0 65536
863364,0 50 66 239 323 239 579 239 836 235 1072 1 1092 238 1348 238 1589 1 1604 238 1860 239 2116 239 2372 238 2627 239 2883 239 3139 238 3395 239 3651 240 3907 241 4163 242 4418 244 4674 244 4929 247 5185 247 5439 250 5694 4195 9890 8421 18312 258 18572 254 18829 1 18831 170 19002 78 19087 249 19343 168 19512 79 19599 247 19855 247 20112 244 20370 240 20626 239 20883 237 21139 237 21395 141 21540 92 21652 139 21800 88 21908 138 22056 89 22164 138 22313 89 22420 138 22569 89 22676 137 22825 91 22931 138 23081 91 23187 137 23338 91 23443 137 23594 91 23699 137 23851 91 23955 137 24107 91 24211 137 24364 90 24467 137 24620 89 24722 139 24876 89 24978 139 25132 89 25233 140 25388 89 25488 141 25644 89 25743 143 25901 89 25999 143 26157 90 26254 146 26413 91 26510 148 26669 93 26765 150 26925 94 27020 152 27181 247 27437 247 27693 247 27948 248 28204 249 28460 249 28715 251 28968 1114 30083 255 30340 6 30347 248 30596 2 30600 2 30603 248 30856 251 31112 2 31115 3 31119 247 31367 3 31372 2 31375 4 31384 237 31624 2 31629 1 31632 3 31640 193 31835 41 31880 1 31899 188 32093 39 32156 186 32350 38 32412 186 32607 37 32669 185 32863 37 32925 186 33119 37 33182 185 33375 36 33439 184 33631 35 33695 184 33886 36 33952 184 34142 36 34208 185 34397 38 34464 186 34652 40 34720 230 34975 232 35230 185 35416 48 35486 235 35741 237 35996 170 36167 67 36252 239 36508 239 36764 239 37020 239 37276 239 37532 239 37788 198 37988 38 38043 199 38244 38 38299 199 38500 36 38555 199 38755 37 38811 199 39011 37 39067 237 39324 236 39580 236 39837 233 40093 233 40349 233 40606 232 40862 228 41092 1 41118 228 41375 227 41632 225 41889 184 42075 1 42079 35 42128 9 42146 183 42330 40 42384 11 42403 182 42592 32 42635 3 42640 12 42660 182 42846 34 42892 2 42896 12 42917 181 43102 32 43149 1 43152 13 43173 136 43312 74 43387 3 43407 16 43430 135 43568 73 43643 3 43663 17 43686 135 43823 72 43900 2 43920 16 43942 135 44079 72 44156 2 44176 17 44198 209 44413 1 44433 17 44453 210 44665 1 44691 229 44921 3 44947 234 45184 7 45204 234 45440 8 45460 244 45716 245 45972 245 46228 246 46484 246 46736 1 46740 161 46904 50 46955 39 46996 161 47161 90 47252 137 47392 252 47650 250 47907 248 48163 249 48418 251 48673 51 48726 200 48927 4141 53071 245 53320 2 53329 242 53586 204 53794 32 53843 203 54054 27 54099 203 54311 26 54355 203 54568 25 54611 203 54824 25 54867 203 55080 25 55124 202 55336 25 55380 203 55592 24 55636 236 55892 236 56148 236 56404 236 56659 237 56915 237 57171 237 57426 237 57682 237 57937 237 58193 235 58449 234 58704 234 58960 234 59216 233 59473 230 59731 228 59987 228 60235 3 60240 231 60490 237 60744 239 60997 243 61250 246 61504 248 61759 249 62013 253 62268 3268
222553,0 65536
748680,0 65536
000080, 
567636,0 128 137 26 175 80 256 126 394 24 432 79 512 126 650 24 688 79 768 124 906 24 944 200 1161 25 1199 201 1417 26 1453 202 1673 26 1706 204 1928 238 2183 238 2438 238 2691 239 2945 240 3200 240 3455 240 3711 240 3966 241 4220 244 4474 247 4725 254 4980 34 5018 252 5273 252 5528 253 5784 253 6041 252 6297 252 6553 252 6809 253 7065 253 7321 255 7577 2406 9984 255 10240 255 10496 255 10752 255 11008 255 11264 255 11520 767 12288 255 12544 255 12800 255 13056 255 13312 255 13568 255 13824 5966 19791 255 20047 1124 21173 251 21430 250 21687 250 21943 251 22199 253 22453 9403 31863 247 32120 246 32376 245 32632 244 32888 206 33095 37 33143 206 33351 37 33399 206 33608 36 33654 208 33863 38 33909 248 34164 250 34419 1420 35840 977 36819 251 37076 250 37333 248 37589 248 37846 247 38103 246 38360 245 38619 243 38880 239 39137 239 39394 240 39651 239 39907 133 40043 104 40163 133 40300 105 40418 134 40556 108 40668 2 40673 136 40812 254 41069 2183 43253 980 44236 252 44493 250 44750 249 45005 249 45261 249 45516 250 45772 251 46028 195 46228 51 46285 193 46485 51 46541 191 46743 50 46798 189 46999 51 47056 86 47143 100 47256 50 47313 186 47513 49 47571 78 47651 103 47770 48 47828 181 48027 47 48083 181 48283 47 48339 181 48540 47 48595 180 48797 234 49053 233 49310 231 49567 229 49824 227 50081 226 50337 226 50575 4 50593 225 50829 7 50848 226 51085 9 51104 226 51340 11 51359 227 51596 14 51613 230 51851 1231 53085 253 53343 251 53599 251 53856 254 54111 996 55111 252 55367 255 55623 1524 57151 250 57407 249 57663 249 57918 7618
349461,0 65536
416208,6909 2 7162 6 7414 10 7668 12 7920 16 8174 18 8426 22 8680 24 8931 29 9185 31 9437 35 9691 37 9943 41 10196 44 10449 47 10702 50 10955 53 11208 56 11461 59 11713 63 11966 66 12219 69 12472 72 12725 75 12977 79 13231 81 13483 85 13736 88 13989 91 14242 94 14495 97 14748 100 15000 104 15253 107 15507 109 15760 112 16012 17 16030 14 16045 83 16266 118 16518 122 16772 124 17024 128 17277 131 17529 135 17783 137 18035 141 18288 144 18541 147 18794 150 19047 153 19300 156 19553 159 19806 162 20058 166 20312 168 20564 172 20818 174 21070 106 21177 71 21323 109 21433 71 21575 114 21690 70 21829 187 22081 191 22335 193 22587 197 22840 200 23093 203 23346 206 23599 209 23852 212 24104 216 24358 218 24610 222 24864 224 25116 228 25369 231 25621 235 25875 237 26127 241 26381 243 26633 247 26886 250 27139 7841 34981 2381 37363 256 37620 256 37877 2054 39932 256 40189 4058 44248 6353 50602 16 50619 989 51609 31 51642 7 51650 242 51896 257 52154 4 52159 217 52377 35 52413 224 52638 27 52667 516 53184 253 53438 729 54168 282 54454 520 54975 252 55228 253 55482 769 56252 801 57054 957 58012 808 58821 245 59067 10 59078 250 59329 2 59332 22 59355 484 59840 277 60118 12 60131 230 60362 256 60619 510 61130 516 61647 498 62146 12 62159 239 62400 253 62654 3 62658 504 63164 273 63438 200 63639 92 63732 680 64415 334 64750 507 65265 159 65425 11 65437 30 65470 6 65477 24 65502 8 65522 14
232617,0 610 612 252 871 250 1127 251 1381 5 1387 247 1635 1954 3591 253 3852 248 4111 245 4368 244 4625 243 4883 5 4889 235 5149 231 5408 229 5665 228 5923 227 6183 223 6441 221 6698 221 6920 2 6955 220 7176 2 7211 223 7468 223 7723 225 7962 2 7979 231 8212 12 8233 251 8488 5335 13824 55 13886 5 13893 186 14080 55 14151 184 14336 56 14407 184 14592 56 14663 184 14848 57 14919 184 15104 59 15173 186 15360 64 15428 187 15616 255 15872 255 16128 255 16384 255 16640 255 16896 255 17152 255 17408 38 17447 255 17705 3 17711 2 17717 237 17956 1 17978 197 18176 34 18236 195 18432 34 18494 2 18500 187 18688 34 18757 186 18944 31 18977 1 19013 186 19200 31 19270 185 19456 32 19526 185 19712 16 19731 11 19782 185 19968 14 19989 7 20039 198 20249 1 20295 196 20551 195 20808 188 21064 184 21250 1 21320 184 21576 184 21831 185 22076 5 22086 186 22328 11 22340 188 22583 201 22837 203 23093 203 23347 205 23602 206 23857 207 24112 208 24368 208 24623 209 24879 209 25134 210 25389 211 25645 211 25901 211 26157 211 26413 211 26670 210 26926 210 27183 209 27439 209 27695 209 27951 209 28207 209 28425 1 28427 3 28462 210 28680 9 28718 210 28934 12 28974 211 29186 19 29231 232 29488 5 29494 226 29744 4 29749 228 30000 5 30006 229 30256 5 30263 231 30505 11 30519 235 30757 14 30775 251 31032 249 31289 248 31546 247 31803 246 32060 246 32316 2656 34973 255 35229 254 35486 252 35742 251 35998 250 36255 248 36511 247 36767 246 37023 244 37279 239 37535 239 37791 238 38047 238 38302 239 38558 240 38813 242 39068 243 39323 244 39577 246 39825 3 39832 247 40081 5 40088 247 40337 3300 43641 251 43898 250 44153 251 44409 251 44663 253 44918 9403 54322 255 54578 10958
149617, 
403524,0 65536
000070,0 65536
305222,0 65536
000054,0 65536
222596,0 65536
433193,0 38367 38368 255 38624 256 38883 253 39140 252 39396 254 39652 14971 54624 252 54882 250 55139 249 55396 248 55652 250 55908 252 56165 253 56423 251 56680 254 56935 8601
000044, 
919234,0 65197 65200 12 65217 234 65458 6 65474 62
255130,0 65536
682813,0 89 256 90 512 90 768 90 1024 90 1280 90 1536 91 1792 91 2048 91 2304 91 2560 92 2816 92 3072 92 3328 92 3584 92 3840 92 4096 93 4352 93 4608 93 4864 94 5120 94 5376 94 5632 94 5888 94 6144 94 6400 94 6656 95 6912 95 7168 95 7424 96 7680 96 7936 96 8192 96 8448 96 8704 96 8960 97 9216 97 9472 97 9728 98 9984 98 10240 98 10496 98 10752 98 11008 98 11264 99 11520 99 11776 99 12032 99 12288 100 12544 100 12800 100 13056 100 13312 100 13568 100 13824 101 14080 101 14336 101 14592 102 14848 102 15104 102 15360 102 15616 102 15872 102 16128 103 16384 103 16640 103 16896 103 17152 104 17408 104 17664 104 17920 104 18176 104 18432 105 18688 105 18944 105 19200 105 19456 106 19712 106 19968 106 20224 106 20480 106 20736 106 20992 107 21248 107 21504 107 21760 107 22016 108 22272 108 22528 108 22784 108 23040 108 23296 108 23552 109 23808 109 24064 109 24320 110 24576 110 24832 110 25088 110 25344 110 25600 110 25856 111 26112 111 26368 111 26624 112 26880 112 27136 112 27392 112 27648 112 27904 112 28160 113 28416 113 28672 113 28928 113 29184 113 29440 114 29696 114 29952 114 30208 114 30464 114 30720 115 30976 115 31232 115 31488 115 31744 116 32000 116 32256 116 32512 116 32768 116 33024 117 33280 117 33536 117 33792 117 34048 117 34304 118 34560 118 34816 118 35072 118 35328 118 35584 119 35840 119 36096 119 36352 119 36608 120 36864 120 37120 120 37376 120 37632 120 37888 121 38144 121 38400 121 38656 121 38912 121 39168 122 39424 122 39680 122 39936 122 40192 122 40448 123 40704 123 40960 123 41216 123 41472 124 41728 124 41984 124 42240 124 42496 124 42752 125 43008 125 43264 125 43520 125 43776 126 44032 126 44288 126 44544 126 44800 126 45056 127 45312 127 45568 127 45824 127 46080 127 46336 128 46592 128 46848 128 47104 128 47360 128 47616 129 47872 129 48128 129 48384 129 48640 130 48896 130 49152 130 49408 130 49664 130 49920 131 50176 131 50432 131 50688 131 50944 131 51200 132 51456 132 51712 132 51968 132 52224 132 52480 133 52736 133 52992 133 53248 133 53504 134 53760 134 54016 134 54272 134 54528 134 54784 134 55040 135 55296 135 55552 135 55808 135 56064 136 56320 136 56576 136 56832 136 57088 136 57344 137 57600 137 57856 137 58112 137 58368 138 58624 138 58880 138 59136 138 59392 138 59648 139 59904 139 60160 139 60416 139 60672 140 60928 140 61184 140 61440 140 61696 140 61952 140 62208 141 62464 141 62720 141 62976 141 63232 142 63488 142 63744 142 64000 142 64256 142 64512 143 64768 143 65024 142 65280 138
839719,0 65536
702433,0 65536
981723,0 2534 2535 251 2788 2 2795 247 3052 246 3309 245 3566 244 3822 244 4079 243 4336 242 4592 243 4849 242 5106 241 5362 241 5618 244 5873 248 6129 250 6384 252 6639 2320 8960 255 9216 255 9472 255 9728 255 9984 255 10240 255 10496 255 10752 255 11008 255 11264 254 11520 254 11776 254 12032 254 12288 255 12544 251 12796 3 12800 251 13052 3 13056 250 13309 2 13312 195 13509 1 13511 51 13565 1 13568 194 13768 50 13821 2 13824 194 14024 50 14076 3 14080 194 14280 50 14331 4 14336 193 14537 247 14792 82 14879 157 15047 81 15135 155 15302 82 15391 153 15558 81 15647 151 15813 82 15903 150 16069 84 16158 150 16325 238 16580 238 16835 179 17017 1 17019 55 17091 179 17275 56 17347 179 17533 55 17602 180 17790 55 17857 181 18047 55 18113 178 18303 56 18367 180 18559 243 18815 243 19071 240 19313 1 19326 242 19582 244 19837 245 20092 249 20346 15791 36143 249 36400 247 36657 245 36913 170 37085 73 37169 170 37343 71 37425 170 37599 70 37680 171 37855 70 37935 173 38109 72 38189 248 38445 249 38700 251 38954 11598 50556 251 50813 250 51069 250 51325 251 51581 251 51837 252 52093 253 52349 4680 57031 253 57288 252 57544 187 57732 65 57799 188 57988 7548
000043,0 65536
308936,0 65536
000085,61132 6 61387 8 61643 8 61898 10 62154 10 62411 9 62667 8 62924 6
270495,0 910 911 250 1168 248 1423 249 1677 206 1887 40 1933 205 2144 39 2189 205 2401 37 2446 204 2657 38 2703 203 2914 37 2960 202 3171 36 3216 202 3427 36 3472 203 3683 35 3728 204 3939 35 3984 207 4193 36 4239 247 4495 247 4751 248 5007 248 5262 250 5517 3235 8755 251 9017 244 9273 244 9527 246 9782 248 10037 3495 13536 251 13794 248 14050 247 14306 247 14562 247 14818 247 15074 247 15329 248 15585 249 15841 249 16096 251 16352 252 16607 1085 17695 251 17952 249 18209 247 18465 246 18721 69 18791 176 18978 65 19046 177 19235 64 19301 177 19491 64 19556 178 19746 243 20002 243 20257 244 20513 244 20769 244 21025 244 21281 244 21537 244 21793 244 22049 244 22305 244 22560 246 22816 247 23072 248 23327 252 23580 945 24530 250 24787 249 25044 247 25300 247 25556 246 25813 245 26069 245 26325 245 26581 245 26836 246 27092 246 27348 246 27603 248 27859 249 28113 4222 32337 253 32593 252 32849 251 33104 252 33360 252 33616 252 33872 16098 49971 253 50228 250 50485 249 50742 248 50997 248 51251 251 51503 5987 57491 252 57748 251 58004 250 58260 250 58515 250 58771 249 59027 249 59282 250 59538 250 59793 252 60048 5488
778684,1 22561 22563 253 22824 3 22828 1 22835 236 23091 235 23346 235 23602 235 23857 236 24112 237 24365 240 24620 241 24875 242 25131 243 25387 243 25642 244 25898 245 26154 246 26409 249 26665 252 26919 865 27791 248 28051 243 28308 242 28565 240 28821 239 29077 238 29334 237 29590 236 29845 237 30100 90 30192 145 30355 90 30448 144 30609 92 30704 143 30863 95 30960 142 31118 96 31216 141 31373 238 31629 237 31884 238 32139 238 32394 238 32650 238 32905 240 33160 242 33414 3484 36899 253 37157 252 37414 338 37753 2 37756 1 37758 249 38012 2 38015 248 38268 2 38271 247 38527 246 38784 245 39041 245 39297 245 39554 244 39810 245 40066 246 40321 248 40577 249 40832 251 41087 3150 44243 249 44500 248 44757 247 45013 165 45182 78 45269 165 45439 79 45519 1 45524 166 45696 83 45780 167 45953 251 46214 1 46216 244 46471 246 46727 248 46981 251 47236 1147 48384 255 48640 255 48896 255 49152 7394 56555 246 56812 243 57069 241 57326 239 57582 238 57837 239 58093 239 58348 240 58603 240 58858 218 59078 21 59113 241 59369 241 59625 47 59677 189 59880 47 59937 184 60136 47 60194 183 60392 47 60450 183 60647 49 60706 182 60902 54 60960 185 61157 244 61413 245 61668 246 61924 247 62179 248 62433 252 62687 2833 65522 14
337798,0 65536
000052,0 65536
000041,0 65536
402654,0 65536
000065, 
772465,0 65536
326172,0 65536
000002,0 1023 1024 252 1277 2 1280 252 1533 2 1536 251 1790 1 1792 251 2046 1 2048 251 2302 1 2304 252 2557 2 2560 255 2816 503 3322 253 3578 253 3834 254 4090 255 4346 61190
423047,0 3242 3244 254 3500 254 3756 2995 6757 249 7017 244 7274 240 7531 239 7787 68 7857 169 8042 64 8116 167 8298 63 8373 169 8552 42 8595 20 8631 171 8807 43 8852 17 8887 173 9062 44 9109 16 9143 215 9360 2 9365 15 9400 214 9621 15 9656 213 9877 15 9912 71 9984 140 10133 15 10168 66 10236 1 10240 139 10389 14 10424 26 10457 33 10496 138 10645 14 10680 25 10715 31 10752 138 10901 14 10936 23 10973 28 11008 138 11157 13 11192 23 11230 27 11264 137 11414 13 11448 22 11487 26 11520 137 11670 14 11704 22 11744 25 11776 137 11925 15 11961 21 12001 1 12003 23 12032 138 12181 17 12217 21 12260 22 12288 137 12436 18 12472 22 12517 21 12544 137 12692 22 12727 23 12774 20 12800 137 12948 24 12982 23 13031 19 13056 137 13204 28 13236 25 13287 19 13312 137 13460 57 13541 21 13565 1 13568 137 13716 56 13796 22 13821 1 13824 138 13972 56 14051 24 14076 3 14080 139 14228 54 14307 24 14332 3 14336 140 14483 54 14563 24 14588 3 14592 141 14739 53 14818 25 14844 3 14848 142 14995 51 15073 26 15100 3 15104 142 15249 1 15251 50 15328 27 15356 3 15360 142 15505 1 15507 49 15583 32 15616 142 15760 51 15838 32 15872 143 16016 50 16092 34 16128 194 16347 35 16384 192 16603 35 16640 192 16858 36 16896 185 17114 36 17152 184 17371 35 17408 138 17552 40 17628 34 17664 138 17808 39 17884 34 17920 138 18065 37 18140 34 18176 138 18323 34 18396 34 18432 139 18580 33 18651 34 18688 140 18836 33 18907 34 18944 142 19091 33 19163 34 19200 142 19347 33 19418 34 19456 179 19673 35 19712 178 19928 36 19968 177 20184 37 20224 176 20439 40 20480 176 20695 217 20951 217 21206 217 21462 217 21718 217 21973 217 22229 217 22485 217 22741 218 22997 218 23253 219 23509 220 23765 221 24021 221 24277 222 24534 222 24790 162 24956 23 24980 32 25047 161 25215 19 25237 33 25303 160 25472 18 25492 34 25558 159 25729 53 25814 41 25856 117 25985 55 26069 41 26112 117 26241 56 26325 41 26368 116 26497 56 26580 41 26624 116 26754 54 26834 41 26880 116 27010 55 27089 41 27136 116 27266 56 27343 43 27392 116 27522 56 27598 43 27648 116 27778 56 27852 35 27893 3 27904 116 28034 57 28107 34 28151 1 28160 116 28289 59 28362 34 28416 116 28545 60 28618 34 28672 116 28800 61 28873 34 28926 1 28928 115 29054 64 29128 34 29180 3 29184 115 29308 66 29383 34 29432 2 29436 98 29536 19 29561 70 29637 36 29687 100 29792 20 29815 73 29892 37 29943 99 30049 136 30198 99 30305 137 30454 98 30562 139 30709 99 30818 140 30964 99 31075 141 31219 99 31331 243 31587 156 31744 86 31843 155 32000 86 32100 151 32252 1 32256 86 32356 151 32512 86 32613 150 32768 86 32870 149 33024 87 33127 148 33280 88 33383 148 33536 38 33577 48 33639 148 33792 38 33834 48 33895 148 34048 38 34090 51 34151 148 34304 38 34346 53 34405 150 34560 38 34603 54 34660 153 34816 38 34860 55 34916 153 35072 39 35117 209 35328 39 35373 210 35584 39 35631 3 35636 203 35840 39 35887 3 35892 2 35896 6 35905 190 36096 40 36143 3 36148 2 36152 6 36162 189 36352 40 36400 2 36404 11 36418 189 36608 40 36656 2 36659 204 36864 41 36912 207 37120 42 37167 1 37169 187 37360 64 37427 185 37617 65 37683 186 37875 1 37877 5 37884 3 37888 238 38134 2 38140 3 38144 120 38266 116 38390 2 38396 3 38400 120 38522 126 38656 121 38778 127 38912 249 39168 250 39424 250 39680 251 39936 251 40192 251 40444 2 40448 255 40704 82 40787 254 41044 253 41300 253 41557 247 41806 4 41813 247 42068 248 42323 249 42579 249 42835 249 43092 248 43345 1 43347 251 43600 254 43856 254 44112 254 44368 254 44623 964 45589 1268 46861 251 47117 250 47374 249 47630 248 47885 249 48140 248 48394 250 48649 251 48905 251 49161 251 49417 251 49673 250 49928 83 50012 166 50184 82 50270 164 50440 76 50526 75 50604 85 50690 1 50696 74 50782 75 50861 84 50952 74 51038 76 51116 85 51208 72 51293 164 51464 70 51545 168 51719 70 51799 169 51975 69 52052 172 52231 68 52307 173 52488 66 52561 176 52745 65 52816 177 53001 65 53072 177 53258 64 53327 178 53515 64 53582 179 53771 246 54028 246 54285 245 54541 247 54797 247 55053 247 55309 248 55565 249 55821 251 56076 252 56330 132 56463 1503 57975 239 58216 2 58235 235 58492 232 58749 229 59005 229 59262 228 59518 228 59775 226 60031 226 60287 175 60463 7 60471 42 60543 173 60730 40 60799 172 60988 39 61053 173 61245 38 61306 175 61502 32 61559 177 61759 31 61813 179 62015 19 62036 5 62043 3 62069 179 62271 19 62301 2 62324 180 62527 19 62580 180 62783 17 62837 178 63039 17 63093 177 63291 21 63349 175 63544 24 63606 174 63799 25 63862 176 64054 26 64119 178 64308 28 64375 179 64564 28 64631 179 64818 31 64887 219 65143 183 65329 33 65400 136
000066,55575 4 55830 6 56084 1 56086 5 56343 2
000086, 
584567,0 210 219 246 476 93 572 150 732 92 828 150 988 246 1244 246 1500 246 1755 247 2011 247 2267 247 2523 248 2779 249 3034 251 3289 2410 5703 251 5959 250 6215 250 6471 249 6727 249 6984 246 7240 67 7308 61 7372 22 7396 89 7496 67 7564 60 7631 19 7653 88 7751 68 7820 60 7889 17 7911 86 8007 68 8076 60 8146 16 8167 86 8263 128 8402 16 8424 85 8518 128 8658 16 8681 85 8773 128 8914 16 8936 86 9027 130 9170 17 9191 222 9426 18 9446 223 9681 243 9937 243 10192 154 10348 88 10448 153 10604 88 10703 154 10859 89 10958 154 11115 89 11213 146 11370 91 11468 145 11625 92 11723 145 11880 94 11978 145 12135 243 12391 243 12646 243 12901 245 13157 245 13413 245 13669 245 13924 246 14180 247 14436 247 14691 248 14946 249 15201 92 15296 155 15457 91 15553 154 15712 92 15810 154 15966 95 16066 251 16321 253 16576 1170 17750 251 18006 250 18262 249 18518 247 18773 247 19028 248 19283 251 19537 3984 23524 252 23780 252 24036 253 24292 254 24547 236 24788 250 25045 249 25301 249 25557 253 25812 1858 27674 252 27931 250 28187 250 28442 113 28557 135 28698 112 28815 132 28954 68 29025 1 29031 34 29072 131 29210 68 29287 33 29328 131 29465 69 29543 33 29585 130 29721 66 29799 34 29841 130 29977 64 30053 36 30096 131 30232 65 30309 37 30352 132 30487 67 30565 37 30608 202 30821 39 30864 202 31076 40 31120 203 31332 42 31376 54 31435 144 31586 45 31632 53 31691 144 31842 98 31947 145 32099 250 32355 251 32607 1 32613 249 32871 92 32966 152 33127 93 33222 38 33262 112 33383 132 33519 111 33639 133 33775 111 33894 134 34032 110 34150 134 34289 109 34406 134 34545 109 34662 134 34801 3 34805 10 34816 94 34918 133 35062 4 35067 4 35072 95 35174 133 35318 3 35323 4 35328 95 35428 134 35574 3 35580 3 35584 96 35683 135 35830 4 35840 233 36086 4 36096 232 36343 1 36352 232 36608 232 36864 232 37120 232 37376 232 37632 232 37879 1 37888 233 38135 1 38144 233 38391 1 38400 234 38646 3 38656 234 38902 3 38912 235 39157 4 39168 236 39413 4 39424 236 39669 4 39680 237 39923 1 39925 4 39936 237 40179 1 40182 3 40192 238 40435 1 40438 4 40448 238 40690 8 40704 238 40946 8 40960 237 41202 8 41216 238 41458 8 41468 1 41472 238 41714 8 41724 1 41728 238 41969 9 41980 2 41984 238 42225 10 42236 2 42240 239 42480 15 42496 255 42752 255 43008 255 43264 2676 45943 252 46199 252 46453 10634 57088 255 57344 255 57600 255 57856 255 58112 255 58368 7168
000014,182 7 244 6 253 2 438 8 500 5 509 2 694 7 756 5 766 1 950 7 1012 5 1022 1 1207 5 1267 6 1277 3 1411 4 1464 3 1523 6 1531 5 1666 6 1779 13 1921 9 2036 12 2177 10 2292 12 2433 11 2548 3 2552 8 2688 12 2809 7 2943 14 3010 4 3057 4 3065 7 3198 15 3222 3 3233 4 3265 7 3313 4 3321 7 3448 22 3478 4 3489 5 3519 10 3569 4 3578 6 3701 25 3733 5 3744 7 3774 11 3824 5 3834 6 3956 27 3989 5 3999 9 4030 12 4081 4 4090 6 4211 29 4244 6 4255 10 4286 12 4337 3 4349 3 4467 38 4511 11 4542 13 4593 2 4606 1 4722 38 4767 11 4798 14 4978 36 5023 11 5055 14 5233 37 5278 12 5310 16 5488 38 5533 12 5566 17 5743 40 5787 14 5822 17 5998 41 6042 15 6078 18 6254 58 6334 18 6390 1 6509 59 6589 18 6645 3 6764 60 6845 18 6902 1 7016 64 7101 17 7158 1 7271 64 7357 17 7413 2 7527 53 7613 16 7669 2 7710 5 7782 52 7870 14 7925 2 7965 8 8038 52 8127 13 8161 4 8219 13 8294 51 8384 12 8417 4 8474 16 8550 51 8640 12 8672 6 8729 18 8806 51 8896 13 8928 6 8984 19 9062 51 9153 12 9183 7 9239 20 9318 51 9409 12 9439 7 9494 21 9574 51 9665 12 9696 5 9748 23 9830 51 9921 11 9952 4 10004 22 10087 51 10178 10 10259 23 10343 51 10434 9 10515 22 10599 50 10690 8 10771 21 10856 49 10946 7 11026 10 11039 8 11114 47 11203 5 11282 9 11296 7 11371 45 11538 8 11553 6 11628 44 11776 1 11795 7 11810 5 11885 43 12032 2 12051 7 12066 5 12146 38 12288 2 12308 6 12323 3 12403 37 12544 2 12565 5 12660 36 12822 4 12917 36 13079 1 13173 36 13316 3 13430 35 13571 6 13685 36 13826 8 13941 37 14081 10 14197 37 14337 11 14454 36 14579 6 14592 14 14656 1 14710 36 14833 9 14848 15 14911 5 14966 36 15088 11 15104 18 15166 10 15222 35 15343 13 15360 20 15422 11 15479 34 15598 14 15616 21 15678 11 15735 13 15753 15 15853 15 15872 22 15934 11 15991 5 16010 13 16108 15 16128 22 16190 11 16248 3 16267 10 16363 16 16384 23 16445 12 16523 8 16619 15 16640 23 16701 11 16875 14 16896 23 16958 9 17131 14 17152 23 17215 7 17387 13 17408 24 17472 3 17642 14 17664 25 17896 15 17923 22 18150 17 18180 22 18406 16 18436 22 18662 15 18693 20 18918 14 18950 19 19176 11 19206 19 19433 9 19463 17 19586 3 19689 8 19719 17 19840 6 19856 3 19946 6 19975 17 20096 6 20111 4 20121 8 20203 3 20231 16 20351 7 20367 5 20375 12 20486 17 20607 7 20622 21 20742 17 20863 7 20878 22 20998 17 21119 7 21133 23 21254 17 21375 7 21389 24 21510 17 21631 7 21645 24 21766 17 21886 9 21902 25 21929 1 22022 17 22141 10 22158 29 22278 17 22397 10 22414 30 22534 17 22653 10 22670 30 22790 17 22909 10 22926 31 23046 17 23165 9 23182 31 23302 16 23422 7 23438 32 23558 15 23678 7 23695 31 23815 11 23935 5 23951 32 24073 7 24192 3 24208 31 24332 2 24449 1 24464 32 24721 32 24757 2 24978 40 25237 38 25494 38 25750 39 26007 38 26263 39 26520 38 26622 1 26776 38 26876 4 27033 37 27131 5 27289 36 27386 6 27546 34 27641 7 27802 28 27896 8 28059 4 28067 18 28152 8 28325 16 28407 9 28582 13 28662 10 28842 4 28913 15 29169 15 29424 16 29680 16 29936 16 30192 6 30201 7 30450 2 30458 6 30714 6 30971 5 31228 3 33022 1 33277 3 33533 3 33790 1 38730 4 38985 6 39241 8 39496 10 39752 10 40008 11 40264 11 40520 12 40776 13 41032 14 41195 4 41289 13 41448 9 41545 14 41703 12 41726 1 41801 15 41957 15 41982 1 42057 16 42211 19 42237 3 42314 16 42466 30 42571 15 42722 30 42827 15 42977 31 43083 15 43233 31 43338 16 43489 31 43594 16 43745 31 43850 15 44001 31 44106 12 44258 30 44363 7 44515 29 44772 28 45029 27 45285 27 45541 27 45797 27 46053 27 46308 28 46564 28 46820 28 47075 29 47330 30 47585 31 47840 32 48096 32 48352 32 48608 32 48864 32 49120 32 49377 31 49633 31 49888 32 50142 34 50397 35 50653 35 50908 36 51163 37 51418 38 51672 40 51927 41 52124 3 52181 43 52378 7 52436 44 52633 8 52691 45 52887 11 52947 45 53141 13 53202 46 53396 14 53458 46 53652 14 53692 11 53712 48 53908 13 53946 15 53966 50 54164 13 54201 71 54421 11 54456 72 54677 11 54712 72 54933 10 54968 72 55189 10 55223 73 55445 9 55479 73 55702 7 55735 73 55992 72 56248 72 56504 72 56760 72 56849 2 57017 71 57103 6 57273 71 57358 8 57530 76 57612 10 57787 77 57867 12 58048 88 58305 87 58563 86 58820 85 59077 85 59334 83 59596 1 59599 13 59613 14 59630 43 59856 10 59872 8 59887 16 59904 25 60116 1 60131 3 60143 16 60160 25 60399 16 60416 24 60655 16 60672 24 60910 17 60928 24 61166 17 61184 23 61405 4 61419 44 61659 7 61674 45 61913 10 61928 48 62168 64 62424 65 62680 4 62688 57 62937 2 62945 56 63200 57 63455 58 63709 35 63745 24 63964 36 64002 24 64219 37 64259 24 64476 27 64505 7 64515 24 64733 26 64762 6 64770 25 64990 25 65018 6 65026 25 65248 22 65274 6 65282 25 65531 4
000029, 
826515,0 65536
904357,0 9440 9441 254 9699 250 9956 248 10212 248 10468 248 10724 27 10752 220 10979 28 11008 221 11235 28 11264 223 11491 28 11520 255 11776 255 12032 255 12288 255 12544 255 12800 255 13056 255 13312 255 13568 255 13824 255 14080 255 14336 255 14592 255 14848 255 15104 255 15360 255 15616 255 15872 255 16128 255 16384 255 16640 255 16896 255 17152 255 17408 255 17664 255 17920 255 18176 255 18432 255 18688 255 18944 255 19200 255 19456 2281 21739 253 21997 249 22253 248 22510 245 22767 243 23023 243 23279 245 23536 235 23772 10 23792 234 24029 10 24048 248 24304 249 24560 250 24815 253 25069 6097 31167 255 31426 253 31684 251 31940 250 32197 249 32455 247 32712 246 32968 246 33224 246 33480 247 33735 249 33989 252 34243 5415 39659 255 39916 253 40172 254 40428 254 40684 899 41585 253 41842 251 42098 251 42354 251 42610 251 42865 252 43121 252 43377 250 43632 251 43884 2 43887 6195 50085 253 50343 252 50598 4 50603 767 51371 255 51627 255 51884 1026 52911 12624
447372,0 60 78 236 334 96 432 138 589 97 687 139 845 237 1101 238 1356 238 1612 237 1868 236 2124 236 2380 235 2637 234 2893 234 3149 234 3404 235 3660 235 3915 236 4170 236 4426 236 4681 237 4938 236 5195 235 5451 235 5708 234 5964 98 6064 135 6219 97 6321 134 6474 98 6578 133 6730 97 6834 133 6986 95 7090 134 7243 93 7346 134 7498 95 7602 135 7754 95 7859 135 8011 47 8059 47 8114 133 8248 1 8267 97 8369 101 8471 32 8504 1 8523 203 8728 33 8779 202 8987 30 9034 203 9243 3 9247 26 9290 203 9499 4 9505 24 9545 78 9627 123 9757 2 9761 24 9799 78 9884 124 10018 24 10052 80 10141 126 10274 24 10306 82 10397 127 10530 113 10653 246 10909 246 11164 246 11420 246 11676 246 11931 246 12179 3 12185 235 12423 3 12428 246 12687 243 12943 243 13199 243 13455 242 13709 174 13887 66 13964 175 14143 3 14148 61 14219 177 14399 3 14406 59 14473 180 14655 3 14665 57 14728 186 14923 55 14983 188 15180 249 15436 252 15696 250 15953 250 16210 250 16467 249 16723 249 16979 250 17235 251 17490 1197 18688 251 18940 3 18944 250 19196 2 19200 250 19452 1 19456 250 19712 249 19968 250 20224 250 20480 250 20732 1 20736 250 20988 2 20992 251 21244 3 21248 86 21336 163 21500 3 21504 85 21594 161 21756 2 21760 84 21851 128 21982 29 22012 2 22016 83 22107 125 22239 27 22268 2 22272 75 22350 3 22363 124 22495 27 22524 3 22528 69 22619 124 22752 26 22780 3 22784 67 22875 124 23009 25 23036 3 23040 66 23131 124 23265 25 23292 3 23296 67 23387 124 23520 26 23548 2 23552 67 23643 125 23776 25 23804 2 23808 68 23898 128 24031 26 24060 2 24064 68 24153 131 24287 26 24316 2 24320 68 24408 162 24572 2 24576 69 24663 163 24828 1 24832 69 24919 163 25084 1 25088 68 25174 164 25340 2 25344 68 25430 164 25596 2 25600 62 25685 166 25852 2 25856 57 25940 171 26112 55 26195 172 26368 54 26450 228 26706 228 26961 229 27216 231 27465 1 27467 1 27470 104 27575 73 27649 55 27719 110 27832 72 27905 56 27973 112 28092 128 28228 113 28351 127 28483 114 28606 129 28736 116 28860 247 29113 1525 30639 254 30895 254 31151 1173 32330 251 32587 251 32844 250 33100 250 33355 254 33611 199 33811 54 33867 199 34071 51 34123 200 34325 53 34382 253 34639 252 34896 252 35152 253 35407 92 35500 255 35756 255 36012 255 36268 957 37228 252 37485 251 37740 252 37995 4860 42859 252 43116 252 43372 252 43628 254 43883 779 44665 164 44831 85 44923 162 45087 84 45180 162 45343 84 45437 246 45693 247 45951 245 46207 245 46463 219 46684 2 46687 21 46719 219 46940 1 46944 20 46975 220 47202 18 47231 220 47460 16 47487 219 47719 13 47743 219 47975 13 48000 219 48232 12 48257 218 48488 12 48513 217 48745 10 48770 146 48917 69 49001 10 49026 216 49258 9 49282 215 49514 10 49539 147 49687 66 49769 11 49796 212 50025 11 50052 211 50281 13 50307 211 50537 14 50563 211 50792 16 50819 192 51016 12 51048 17 51075 191 51272 10 51304 20 51331 191 51530 6 51559 22 51586 192 51788 2 51814 24 51841 192 52070 216 52325 166 52494 46 52580 166 52751 45 52836 166 53007 44 53092 166 53263 44 53348 168 53517 45 53604 214 53859 216 54101 5 54112 221 54355 235 54611 236 54866 238 55121 239 55376 241 55631 241 55887 241 56142 222 56372 12 56398 69 56472 147 56629 1 56631 8 56654 68 56728 146 56888 6 56909 69 56986 143 57145 1 57147 3 57165 69 57242 85 57329 56 57400 6 57421 68 57497 69 57575 6 57587 53 57655 7 57676 69 57753 68 57842 53 57910 9 57931 71 58008 68 58097 54 58164 12 58187 72 58264 67 58354 53 58420 18 58440 132 58573 12 58612 50 58675 151 58830 9 58868 50 58931 151 59088 2 59091 3 59125 50 59186 152 59344 1 59383 49 59442 152 59595 1 59639 49 59697 157 59895 50 59953 158 60150 51 60210 160 60391 1 60405 53 60466 161 60643 8 60660 54 60723 161 60897 11 60915 56 60979 162 61151 14 61171 57 61235 164 61404 82 61491 251 61744 124 61872 251 62128 250 62384 244 62629 3 62639 105 62748 137 62894 106 63006 134 63149 106 63263 131 63404 106 63520 128 63659 107 63776 127 63915 109 64032 128 64170 112 64287 129 64424 249 64680 856
000036,19 10 152 41 229 25 275 11 408 41 485 25 531 11 664 5 672 33 742 23 788 10 920 5 927 34 998 24 1043 12 1079 4 1176 5 1183 33 1254 25 1299 12 1334 6 1432 5 1438 33 1511 24 1555 12 1590 6 1688 39 1768 23 1810 14 1831 8 1845 8 1945 37 2025 22 2065 18 2085 10 2101 8 2202 36 2281 19 2302 1 2321 31 2358 7 2459 35 2539 14 2577 31 2614 7 2715 35 2796 8 2834 31 2871 7 2971 35 3053 6 3091 30 3127 8 3227 35 3312 2 3348 29 3383 11 3483 21 3505 13 3605 29 3639 12 3739 19 3761 13 3861 30 3893 15 3996 16 4017 13 4117 47 4252 15 4273 13 4373 47 4530 12 4629 48 4786 3 4792 6 4885 28 4915 18 5044 1 5048 7 5141 27 5174 16 5303 9 5396 28 5432 14 5559 10 5652 28 5690 13 5814 15 5891 1 5906 31 5946 17 6070 19 6091 5 6160 34 6202 19 6326 33 6389 7 6416 15 6434 18 6458 20 6536 4 6584 34 6644 11 6672 15 6690 19 6714 21 6791 7 6799 6 6842 33 6899 12 6928 15 6946 20 6971 20 7042 1 7044 18 7099 14 7115 17 7154 14 7185 14 7202 20 7227 20 7273 7 7296 23 7358 10 7372 16 7410 14 7442 12 7457 22 7487 8 7500 1 7527 10 7551 25 7614 10 7628 16 7665 15 7699 11 7713 22 7782 11 7806 26 7870 11 7883 18 7920 16 7960 4 7969 22 8037 13 8062 26 8117 3 8125 32 8174 18 8226 21 8279 5 8293 13 8319 25 8373 4 8380 38 8428 20 8483 11 8496 7 8533 8 8549 14 8575 25 8629 47 8683 21 8741 9 8752 7 8785 13 8805 15 8833 23 8885 47 8938 22 8999 7 9008 7 9041 14 9061 15 9089 23 9141 47 9194 22 9256 5 9265 5 9296 16 9317 15 9345 23 9396 47 9449 23 9514 1 9522 3 9551 18 9573 16 9601 24 9652 47 9704 24 9807 18 9829 16 9857 25 9907 48 9960 24 10062 20 10084 17 10113 26 10163 49 10215 25 10317 41 10369 27 10411 2 10420 49 10470 26 10572 42 10625 27 10677 75 10827 44 10881 26 10933 75 11072 5 11082 47 11138 25 11186 1 11188 69 11261 2 11326 39 11367 18 11395 23 11441 71 11581 40 11623 19 11652 22 11697 71 11835 42 11879 20 11910 20 11954 70 12090 43 12135 21 12167 20 12210 59 12270 9 12344 68 12424 20 12465 58 12527 7 12580 6 12596 73 12682 18 12720 59 12784 4 12834 10 12849 76 12944 12 12976 58 13089 92 13201 10 13232 58 13344 93 13458 9 13488 58 13601 92 13715 9 13744 58 13857 92 13973 8 14001 56 14113 92 14235 2 14257 55 14370 91 14514 53 14626 91 14771 51 14882 91 15028 49 15138 92 15285 48 15394 92 15490 3 15543 46 15650 92 15745 5 15800 13 15820 24 15908 91 16001 7 16056 14 16076 24 16165 101 16312 15 16332 22 16421 101 16563 1 16568 15 16588 21 16677 102 16817 5 16825 15 16843 20 16933 18 16954 81 17072 7 17081 16 17099 19 17188 19 17210 81 17327 40 17438 108 17572 2 17583 36 17692 110 17826 8 17839 35 17947 57 18006 52 18081 11 18096 3 18102 9 18112 14 18202 56 18262 52 18335 15 18358 9 18370 12 18457 57 18518 53 18590 17 18614 9 18628 9 18711 60 18773 54 18845 19 18869 11 18884 9 18966 118 19101 20 19124 13 19140 9 19221 120 19357 47 19472 126 19613 47 19727 128 19869 46 19982 136 20126 38 20237 139 20384 35 20492 87 20580 52 20641 34 20747 142 20898 33 21000 145 21155 31 21255 146 21411 28 21511 146 21661 3 21668 25 21767 146 21914 6 21925 24 22022 147 22171 3 22182 23 22278 146 22440 21 22534 119 22660 16 22698 4 22707 11 22789 120 22919 12 22965 9 23040 127 23175 12 23223 6 23296 130 23432 11 23552 130 23689 10 23808 132 23947 7 24064 133 24206 3 24320 133 24576 133 24832 134 25088 135 25344 135 25600 136 25856 137 26112 137 26368 138 26624 24 26650 112 26880 20 26907 112 27136 13 27163 113 27319 5 27397 5 27420 112 27573 8 27677 112 27828 10 27933 113 28082 19 28189 114 28337 21 28437 2 28446 114 28592 23 28692 4 28702 114 28847 25 28948 6 28956 4 28962 7 28970 102 29102 27 29155 11 29204 11 29219 6 29226 102 29358 33 29409 14 29460 11 29476 108 29614 33 29661 19 29716 12 29732 108 29870 33 29915 21 29971 14 29987 109 30126 32 30170 22 30227 125 30382 31 30425 22 30483 123 30638 31 30680 23 30739 119 30894 31 30934 21 30994 112 31108 5 31150 32 31189 21 31250 110 31365 4 31406 33 31444 21 31506 109 31621 4 31661 35 31698 22 31763 108 31877 4 31916 59 32019 108 32134 3 32171 60 32274 108 32391 2 32422 64 32530 108 32677 65 32785 109 32931 67 33041 101 33147 2 33184 69 33297 100 33438 71 33553 100 33694 70 33810 100 33949 64 34014 5 34066 100 34205 64 34304 3 34324 98 34461 64 34560 3 34582 96 34717 64 34816 4 34839 93 34972 65 35072 3 35097 93 35228 65 35328 3 35356 96 35483 67 35584 3 35613 96 35739 67 35840 3 35870 96 35994 68 36096 2 36108 1 36126 96 36250 67 36352 2 36363 5 36382 96 36503 69 36608 2 36618 10 36638 95 36753 74 36864 1 36874 14 36894 94 37008 75 37129 18 37149 95 37263 75 37385 77 37466 34 37519 75 37641 76 37724 5 37732 25 37774 74 37896 77 37989 25 38029 73 38152 76 38245 27 38285 71 38408 77 38501 27 38540 71 38665 76 38758 27 38796 70 38921 77 39015 27 39051 70 39177 78 39272 26 39308 51 39362 15 39434 78 39533 14 39551 3 39564 50 39617 15 39691 76 39791 10 39807 4 39821 63 39947 76 40049 3 40063 4 40078 61 40192 1 40204 74 40318 6 40334 60 40448 1 40461 69 40573 7 40591 59 40677 4 40704 1 40718 67 40828 8 40848 59 40930 7 40960 1 40975 65 41083 9 41104 59 41184 10 41232 65 41338 11 41361 59 41439 11 41472 1 41490 63 41594 11 41617 60 41694 12 41728 1 41748 61 41850 11 41872 62 41950 12 41984 1 42005 60 42106 11 42128 63 42205 13 42240 1 42261 60 42362 11 42384 63 42461 11 42496 1 42517 60 42619 11 42640 63 42717 10 42752 1 42772 60 42875 10 42897 63 42974 8 43008 1 43028 60 43132 9 43153 62 43233 2 43237 8 43264 2 43283 61 43389 7 43408 63 43490 11 43520 2 43539 61 43645 6 43664 62 43746 10 43776 2 43794 62 43902 3 43918 64 43994 2 44000 12 44032 2 44050 62 44174 64 44249 19 44288 2 44305 64 44429 68 44505 19 44544 2 44560 66 44685 69 44761 18 44800 3 44816 66 44941 70 45016 18 45056 5 45072 67 45198 69 45272 13 45312 8 45327 68 45454 68 45529 10 45568 9 45584 68 45711 67 45785 9 45824 10 45840 69 45967 67 46042 5 46080 10 46097 69 46224 66 46336 3 46341 6 46353 70 46481 64 46592 3 46597 7 46608 72 46739 59 46848 3 46853 8 46864 77 46996 56 47104 4 47109 9 47120 77 47253 54 47360 94 47509 10 47520 43 47616 95 47766 7 47776 42 47872 96 48022 4 48032 42 48128 96 48265 4 48277 6 48287 42 48384 97 48520 57 48640 98 48774 58 48896 98 49029 57 49152 98 49284 57 49346 2 49408 98 49539 57 49601 5 49664 98 49794 58 49856 6 49920 98 50049 60 50112 7 50176 98 50304 61 50368 7 50432 1 50436 94 50560 61 50624 7 50692 94 50807 3 50815 63 50880 7 50949 93 51063 3 51071 63 51137 6 51206 92 51320 1 51327 63 51395 4 51440 1 51464 90 51583 63 51652 2 51694 6 51720 90 51839 64 51949 11 51978 88 52095 64 52205 15 52236 86 52352 64 52460 17 52495 83 52608 64 52715 20 52753 80 52864 65 52970 22 53010 78 53120 66 53226 22 53266 78 53376 68 53481 23 53521 78 53632 69 53735 25 53778 77 53889 69 53989 27 54034 77 54145 69 54244 28 54290 76 54402 68 54499 29 54546 76 54659 67 54753 31 54803 73 54916 66 55008 32 55059 72 55175 64 55264 32 55315 71 55432 64 55518 34 55571 71 55688 64 55771 38 55827 70 55945 57 56005 2 56026 40 56078 1 56083 70 56201 57 56281 42 56333 3 56339 69 56457 57 56537 42 56588 5 56594 69 56713 56 56793 42 56844 74 56969 56 57049 38 57088 3 57100 74 57225 56 57298 2 57305 38 57344 3 57356 75 57472 6 57481 56 57553 5 57560 37 57600 3 57612 76 57726 66 57799 3 57808 39 57856 2 57868 77 57981 66 58054 5 58063 37 58112 1 58123 80 58236 66 58309 6 58319 35 58378 82 58492 65 58565 7 58575 33 58634 82 58748 65 58820 8 58831 32 58890 82 59004 65 59075 10 59088 30 59124 3 59148 80 59260 40 59304 2 59308 17 59331 10 59343 22 59380 4 59406 77 59516 39 59565 17 59585 31 59635 5 59662 78 59772 39 59821 47 59890 8 59918 78 60028 38 60077 46 60142 13 60173 79 60283 39 60332 46 60397 15 60428 80 60539 39 60588 46 60652 17 60682 83 60795 23 60821 13 60844 45 60907 19 60934 88 61051 21 61078 12 61100 36 61142 1 61163 20 61189 89 61307 20 61335 11 61356 35 61418 22 61443 92 61563 19 61593 9 61612 35 61673 119 61819 18 61849 9 61868 35 61927 122 62074 19 62106 7 62125 17 62145 13 62175 5 62182 124 62322 4 62328 20 62364 4 62382 15 62403 11 62430 132 62577 27 62639 13 62662 7 62686 132 62831 29 62896 11 62921 3 62942 34 62977 96 63087 29 63152 9 63198 34 63233 95 63342 31 63410 5 63454 35 63490 94 63598 31 63710 35 63748 92 63854 31 63966 35 64004 91 64110 31 64222 35 64260 91 64366 31 64479 35 64516 91 64622 30 64735 128 64878 30 64991 128 65135 28 65247 33 65281 1 65284 90 65391 27 65504 32
123643,0 65536
000089,0 18 67 4 90 45 230 45 322 7 345 47 486 46 578 7 601 47 742 48 825 18 856 48 915 2 998 49 1049 3 1073 27 1111 49 1169 6 1255 55 1327 30 1366 50 1424 8 1511 57 1583 32 1621 51 1679 10 1767 58 1838 35 1875 53 1932 14 2023 59 2093 91 2187 16 2279 60 2348 111 2536 59 2604 111 2792 58 2859 113 3048 58 3114 114 3303 58 3370 114 3559 58 3626 114 3815 58 3881 116 4070 59 4137 116 4324 61 4392 117 4578 64 4648 117 4833 67 4904 117 5089 188 5345 188 5601 188 5858 188 6113 189 6369 189 6624 190 6879 192 7134 193 7390 194 7645 196 7900 197 8155 199 8411 199 8667 199 8923 191 9116 6 9179 189 9373 4 9435 30 9469 153 9691 29 9728 147 9947 26 9984 147 10203 24 10240 146 10459 24 10496 146 10714 24 10750 1 10752 146 10970 24 11005 149 11225 26 11261 149 11481 26 11516 150 11736 28 11772 114 11889 33 11992 28 12028 113 12145 32 12249 28 12284 113 12401 25 12506 28 12540 113 12657 23 12763 27 12795 138 13019 28 13051 14 13068 118 13237 7 13275 28 13306 14 13326 112 13450 3 13493 9 13507 5 13531 45 13585 32 13618 75 13705 5 13748 11 13762 9 13786 46 13843 29 13874 74 13960 7 14004 24 14039 48 14100 102 14216 7 14260 25 14294 42 14337 4 14356 101 14473 7 14516 26 14549 10 14562 30 14612 100 14729 7 14772 28 14804 11 14821 27 14867 12 14884 61 14948 19 14986 6 15006 3 15028 43 15079 25 15123 10 15142 9 15152 47 15207 10 15242 6 15261 5 15283 45 15344 16 15379 8 15399 7 15409 44 15464 8 15499 5 15517 5 15538 46 15600 16 15635 7 15655 6 15666 42 15721 6 15756 3 15773 5 15792 48 15856 16 15892 6 15912 4 15922 41 15978 4 16029 4 16047 48 16111 17 16150 1 16178 40 16235 2 16287 1 16303 48 16367 17 16434 38 16490 3 16559 48 16623 17 16690 36 16745 4 16815 49 16879 17 16947 34 17001 4 17072 49 17136 16 17204 33 17256 5 17329 48 17393 15 17461 31 17512 5 17586 48 17651 13 17718 30 17768 5 17842 48 17908 12 17973 30 18025 3 18099 47 18164 12 18229 31 18356 46 18421 11 18484 36 18550 4 18612 46 18677 11 18739 39 18805 5 18868 45 18933 11 18994 41 19061 6 19125 43 19189 10 19250 41 19316 7 19381 42 19445 8 19506 41 19571 8 19637 41 19702 5 19762 41 19827 8 19893 40 20018 40 20083 8 20149 39 20274 40 20339 9 20405 29 20530 30 20561 3 20595 9 20662 27 20749 5 20786 28 20850 10 20919 26 21002 8 21042 28 21106 10 21176 25 21256 10 21297 28 21362 9 21433 24 21512 11 21552 29 21619 7 21689 25 21767 12 21807 29 21942 29 21973 2 22013 3 22023 13 22063 28 22196 37 22267 5 22279 13 22319 21 22341 5 22450 40 22522 6 22535 14 22576 3 22584 10 22703 43 22777 7 22790 15 22842 6 22957 46 23033 7 23046 28 23099 3 23212 47 23288 8 23301 30 23467 47 23544 8 23557 30 23722 48 23800 8 23814 30 23978 48 24056 8 24070 30 24234 48 24311 9 24326 29 24490 49 24567 9 24582 29 24736 2 24745 50 24823 9 24839 28 24989 7 25000 51 25078 10 25095 28 25244 63 25329 15 25351 28 25499 66 25584 16 25608 27 25755 67 25839 17 25864 28 26011 67 26095 17 26121 27 26268 67 26351 17 26379 25 26524 67 26607 17 26631 2 26636 25 26779 68 26864 16 26886 3 26891 26 27016 5 27034 69 27122 14 27142 4 27147 25 27271 8 27289 70 27380 12 27398 3 27403 25 27526 12 27544 71 27639 9 27655 2 27660 24 27781 90 27897 7 27916 23 27974 4 28036 91 28154 6 28172 23 28229 6 28291 91 28411 5 28428 23 28483 8 28547 91 28667 5 28684 23 28738 10 28802 92 28924 4 28940 22 28994 11 29058 92 29180 4 29197 21 29249 12 29314 92 29436 4 29453 21 29505 13 29570 91 29692 4 29710 19 29761 13 29826 90 29948 4 29968 17 30017 13 30083 88 30204 4 30230 9 30274 11 30339 15 30361 65 30460 4 30487 7 30530 11 30595 15 30617 64 30716 4 30743 6 30786 11 30841 4 30849 17 30873 63 31000 4 31044 8 31096 27 31129 63 31303 5 31349 30 31384 64 31560 4 31602 34 31639 65 31817 1 31857 35 31895 65 32112 104 32368 103 32622 105 32878 105 33134 105 33391 103 33647 103 33883 4 33904 102 34138 7 34160 101 34393 10 34415 102 34648 14 34665 2 34671 102 34903 126 35158 126 35413 122 35667 123 35922 124 36177 125 36433 126 36689 126 36945 127 37201 127 37457 111 37570 14 37713 110 37828 11 37969 109 38091 2 38225 108 38481 107 38736 106 38991 106 39246 84 39337 16 39501 85 39594 14 39756 86 39851 12 40010 88 40110 8 40265 89 40368 4 40520 90 40775 90 41031 90 41286 91 41542 90 41798 90 42053 91 42304 96 42559 66 42629 28 42815 63 42886 27 43071 55 43142 27 43327 55 43398 27 43583 54 43653 28 43839 53 43908 29 44095 53 44163 29 44352 51 44418 29 44609 49 44674 27 44865 44 44929 27 45122 43 45185 27 45379 41 45442 25 45635 41 45687 3 45697 25 45891 40 45942 6 45953 18 46149 38 46198 6 46209 18 46407 35 46454 6 46465 18 46664 33 46710 7 46721 18 46921 12 46934 7 46943 5 46966 7 46977 19 47178 9 47191 4 47222 9 47232 20 47438 2 47478 30 47617 5 47734 30 47872 7 47990 30 48128 7 48161 3 48247 29 48384 8 48416 6 48434 13 48503 29 48640 8 48670 9 48686 18 48759 29 48896 8 48925 36 49016 29 49152 8 49179 39 49272 29 49408 8 49434 40 49529 28 49664 8 49688 42 49786 27 49920 8 49943 43 50043 26 50176 7 50198 45 50301 23 50432 8 50454 45 50559 21 50688 8 50710 45 50817 18 50944 8 50965 46 51074 16 51200 8 51221 46 51333 3 51456 9 51467 5 51475 48 51712 68 51901 2 51968 70 52155 6 52224 72 52409 8 52480 74 52664 10 52736 76 52919 11 52992 77 53175 11 53248 78 53431 12 53504 79 53687 12 53711 2 53760 79 53943 13 53967 3 54016 80 54199 19 54223 5 54272 80 54454 21 54479 13 54528 80 54709 22 54735 14 54784 80 54965 23 54991 14 55040 79 55220 25 55247 15 55296 78 55476 42 55552 74 55644 2 55732 41 55808 74 55899 5 55988 41 56064 74 56154 7 56244 41 56320 74 56410 7 56428 11 56500 40 56576 75 56666 9 56678 18 56757 39 56832 75 56921 32 57015 36 57088 76 57177 32 57272 35 57344 77 57433 32 57528 34 57600 78 57689 31 57784 33 57856 79 57945 31 58039 27 58093 5 58112 79 58201 30 58295 25 58330 4 58348 8 58368 80 58457 30 58551 24 58586 5 58603 10 58624 80 58714 28 58807 23 58842 5 58848 4 58858 12 58880 81 58970 28 59063 23 59098 12 59112 15 59136 82 59226 27 59319 25 59354 29 59392 82 59482 28 59575 30 59610 3 59615 24 59648 82 59737 29 59831 65 59904 82 59993 30 60088 64 60160 82 60249 31 60345 64 60416 82 60504 35 60602 63 60672 81 60759 37 60859 63 60928 81 61015 38 61115 62 61184 80 61271 40 61372 61 61440 80 61527 42 61630 59 61696 81 61783 43 61865 5 61892 53 61952 82 62039 44 62120 10 62147 55 62208 82 62295 44 62375 12 62401 57 62464 83 62552 44 62631 13 62654 60 62720 18 62741 62 62809 6 62817 35 62886 15 62908 62 62976 17 62997 63 63065 5 63074 34 63142 16 63163 55 63220 6 63232 16 63253 63 63321 5 63329 36 63398 75 63477 5 63488 15 63509 63 63577 5 63584 39 63654 75 63735 1 63744 15 63765 63 63832 50 63910 75 64000 14 64021 63 64087 52 64165 77 64256 14 64277 63 64343 53 64421 77 64512 13 64533 63 64598 54 64676 79 64768 11 64789 63 64854 55 64932 79 65024 9 65045 63 65109 56 65188 79 65280 8 65302 61 65365 56 65445 78
442220,0 231 246 173 423 72 498 1293 1792 255 2048 255 2304 255 2560 255 2816 62720
000056,0 21248 21249 255 21505 255 21762 254 22018 254 22274 254 22530 254 22786 254 23042 254 23298 254 23554 254 23810 254 24066 254 24322 254 24578 254 24834 40702
000098,249 7 505 7 762 6 1018 6 1274 6 1530 6 1786 6 2042 6 2299 5 2556 4 2812 4 3068 4 3324 4 3581 3 3837 3 4092 4 4347 5 4602 6 4857 7 5113 7 5369 7 5625 7 5882 6 6138 6 6394 6 6650 6 6906 6 7162 5 7418 5 7675 4 42237 2 42493 2 42749 2 43006 1 43262 1 43518 1 43774 1
000046,107 20 363 21 618 22 873 24 902 3 1129 24 1157 4 1385 25 1413 4 1641 30 1897 30 2152 31 2409 30 2665 30 2921 30 3178 28 3433 29 3472 3 3689 27 3727 5 3945 27 3983 5 4201 26 4239 5 4457 25 4496 3 4714 24 4929 3 4970 23 5015 5 5089 1 5184 5 5227 22 5270 7 5343 7 5439 7 5483 21 5526 7 5598 9 5695 7 5740 20 5781 8 5854 10 5950 8 5996 20 6038 6 6110 11 6204 11 6252 20 6294 6 6366 12 6448 3 6458 14 6508 20 6552 1 6622 12 6702 7 6712 16 6764 20 6878 13 6955 29 7019 20 7134 13 7206 33 7275 18 7390 13 7452 1 7460 34 7530 16 7646 12 7707 3 7715 34 7786 16 7903 11 7962 4 7970 35 8042 15 8162 7 8219 1 8224 37 8299 13 8419 5 8479 37 8558 5 8677 1 8735 37 8990 37 9206 3 9246 36 9460 7 9499 39 9712 12 9754 40 9967 14 10009 40 10220 17 10264 41 10472 21 10519 42 10726 23 10775 42 10981 24 11031 42 11237 25 11286 43 11493 26 11542 42 11749 26 11797 43 12005 26 12053 43 12261 26 12309 42 12517 25 12565 42 12773 23 12821 42 13030 21 13078 41 13287 19 13334 41 13545 8 13557 5 13591 39 13802 7 13814 3 13848 38 14008 3 14059 5 14105 37 14263 4 14315 5 14362 6 14370 28 14520 3 14619 4 14627 26 14885 24 15141 23 15397 23 15654 21 15911 19 16173 13 16430 11 16687 2 16692 2 20130 6 20385 8 20485 1 20641 9 20896 10 21152 11 21408 11 21664 13 21920 15 22176 16 22433 15 22689 15 22945 14 23201 14 23457 13 23714 11 23971 9 24230 4 26709 3 26964 5 27220 5 27477 3 40229 6 40483 9 40738 11 40994 11 41250 11 41506 11 41762 11 42018 10 42274 10 42530 10 42787 9 43044 8 43301 7 43557 7 43813 7 43946 6 44069 7 44200 15 44324 8 44455 21 44580 8 44711 24 44836 8 44967 31 45092 8 45223 35 45349 7 45479 37 45606 6 45735 38 45863 4 45990 40 46246 41 46502 41 46757 42 47012 43 47268 43 47523 45 47779 46 48035 46 48291 47 48547 49 48711 4 48803 52 48966 11 49060 52 49221 14 49316 53 49475 16 49573 53 49730 18 49830 53 49985 18 50086 54 50241 18 50343 53 50496 19 50600 52 50752 18 50856 51 51008 18 51112 50 51264 17 51368 49 51521 16 51624 48 51778 15 51880 43 52035 13 52136 42 52292 12 52392 41 52551 9 52648 29 52683 3 52766 4 52809 7 52904 29 53022 5 53066 6 53160 28 53277 6 53323 5 53416 28 53532 7 53580 3 53672 27 53787 7 53928 27 54043 6 54185 25 54298 6 54443 23 54554 6 54701 20 54810 6 54958 19 55066 6 55214 18 55322 6 55471 17 55579 5 55727 16 55835 6 55984 14 56090 7 56241 12 56346 7 56502 6 56600 10 56853 12 57108 13 57364 13 57620 13 57876 12 58133 10 58389 9 58646 7 58903 5 63127 4 63382 6 63638 6 63894 6 64150 6 64406 5 64662 5 64919 3
315120,0 65536
317877,0 4119 4122 252 4379 250 4636 249 4892 248 5149 248 5405 248 5662 248 5918 248 6173 249 6429 251 6683 42064 48749 253 49005 252 49262 251 49517 252 49772 254 50028 254 50283 916 51200 255 51456 255 51712 255 51968 255 52224 255 52480 255 52736 255 52992 74 53068 179 53248 74 53324 179 53504 74 53580 179 53760 255 54016 255 54272 255 54528 255 54784 255 55040 255 55296 255 55552 255 55808 255 56064 255 56320 6513 62835 253 63093 247 63350 246 63606 246 63863 245 64119 246 64375 246 64631 246 64890 243 65147 242 65404 1 65406 6 65415 121
655919,0 10125 10129 251 10387 1 10389 247 10644 1 10646 246 10901 247 11157 1 11160 244 11414 245 11671 244 11927 245 12182 245 12437 246 12693 246 12948 247 13204 248 13459 251 13712 1000 14714 253 14971 251 15228 250 15484 250 15740 251 15996 251 16252 251 16507 252 16763 252 17018 3206 20225 255 20481 255 20737 255 20993 255 21249 512 21762 255 22018 255 22274 510 22785 1 22787 253 23041 1 23043 253 23297 1 23299 253 23553 1 23555 253 23809 1 23811 253 24065 2 24068 252 24322 1 24324 252 24578 1 24580 252 24834 254 25090 254 25347 253 25603 1 25605 251 25859 1 25862 250 26115 1 26118 250 26372 1 26374 250 26628 1 26630 250 26884 1 26886 250 27141 1 27143 249 27399 246 27646 2 27655 242 27899 5 27911 238 28150 5 28159 1 28167 233 28402 4 28412 2 28423 228 28652 6 28680 224 28905 4 28936 225 29192 219 29448 215 29704 210 29961 206 30217 200 30473 196 30729 191 30986 186 31240 1 31242 176 31419 4 31498 177 31755 165 31922 4 32010 163 32174 4 32265 159 32425 3 32521 1 32523 153 32677 4 32777 1 32779 152 33035 148 33291 143 33546 1 33548 138 33802 1 33804 133 34060 129 34316 123 34573 119 34829 114 35085 110 35341 104 35598 99 35854 94 36110 90 36366 85 36623 80 36879 74 37135 71 37391 66 37647 62 37904 55 38160 51 38416 46 38672 43 38928 37 39185 32 39441 27 39697 23 39953 18 40210 13 40465 4 40470 4 40723 2
000006,191 56 446 57 702 56 958 56 1213 57 1469 57 1724 58 1980 59 2235 60 2491 61 2748 60 3004 60 3259 61 3514 61 3763 68 4014 77 4269 79 4525 80 4780 81 5036 26 5067 51 5290 27 5324 51 5545 28 5580 52 5800 28 5836 52 6055 27 6093 51 6311 24 6349 51 6567 23 6605 51 6823 22 6860 52 7079 22 7116 52 7335 20 7371 53 7591 19 7625 55 7848 16 7880 56 8106 3 8136 55 8392 51 8647 50 8902 51 9157 52 9411 55 9666 56 9921 58 10176 59 10432 59 10688 59 10944 59 11200 59 11457 59 11714 61 11971 61 12227 61 12484 37 12525 19 12743 31 12780 20 13000 30 13035 21 13256 30 13291 21 13512 30 13546 22 13769 55 14025 55 14282 54 14538 54 14795 53 15052 8 15061 43 15318 42 15574 42 15830 42 16086 42 16330 4 16340 44 16584 7 16595 45 16839 9 16851 45 17094 10 17107 45 17349 11 17363 45 17604 12 17619 45 17859 13 17874 46 18115 12 18130 46 18372 11 18386 46 18629 9 18641 10 18657 31 18887 6 18897 9 18914 30 19153 9 19170 30 19409 8 19427 29 19665 8 19683 9 19695 17 19921 7 19940 8 19952 16 20178 6 20196 7 20210 4 20436 2 20453 6 20710 5 20967 3 21723 2 21977 5 22227 12 22482 13 22737 14 22992 16 23247 17 23502 19 23758 20 24014 20 24270 21 24526 21 24783 12 24798 5 24822 2 24830 1 25039 10 25055 3 25079 9 25296 8 25335 9 25553 6 25591 9 25810 4 25847 9 26103 9 26358 10 26613 11 26869 11 27124 12 27379 13 27635 13 27890 14 28146 14 28402 14 28658 14 28914 14 29169 15 29425 15 29680 16 29936 16 30192 12 30206 1 30449 8 30706 6 30964 3
000020,0 65536
409913,0 11226 11235 247 11491 247 11746 244 11992 1 12002 244 12247 3 12258 244 12503 3 12509 3 12513 17189 29703 8062 37771 3 37775 243 38029 1 38032 240 38288 238 38544 237 38800 235 39055 235 39311 75 39388 158 39567 75 39646 155 39822 76 39903 4 39908 146 40078 76 40165 143 40334 77 40423 140 40590 77 40679 139 40846 77 40936 138 41103 76 41192 137 41358 77 41449 136 41612 30 41645 46 41705 136 41859 38 41902 45 41961 136 42113 40 42159 44 42217 136 42369 40 42416 40 42472 137 42624 40 42672 38 42728 137 42879 41 42928 38 42984 137 43135 41 43184 34 43240 138 43390 42 43440 30 43472 2 43495 139 43646 42 43696 28 43751 139 43901 44 43952 27 44006 141 44157 44 44207 27 44261 142 44412 47 44461 28 44516 144 44668 78 44771 145 44924 78 45026 146 45179 79 45280 148 45435 80 45534 150 45691 80 45786 154 45946 81 46040 157 46201 82 46294 159 46456 84 46549 161 46712 85 46803 5008 51812 254 52069 253 52325 253 52581 253 52836 4648 57485 254 57743 251 57999 251 58255 251 58512 250 58768 251 59024 251 59279 253 59535 254 59791 5745
544420,0 65536
962767,0 5974 5976 2 5979 250 6235 249 6491 247 6747 247 7003 246 7257 248 7512 250 7764 8067 15835 36 15872 214 16094 33 16128 214 16352 31 16384 214 16610 29 16640 214 16867 19 16891 4 16896 214 17125 15 17148 3 17152 214 17382 13 17404 3 17408 215 17639 11 17660 3 17664 215 17895 11 17915 4 17920 191 18114 22 18149 15 18166 2 18171 4 18176 190 18371 23 18401 30 18432 190 18627 24 18654 33 18688 191 18883 60 18944 255 19200 255 19456 255 19712 255 19968 255 20224 255 20480 255 20736 255 20992 255 21248 255 21504 255 21760 255 22016 255 22272 255 22528 255 22784 255 23040 255 23296 255 23552 42 23597 210 23808 42 23855 208 24064 43 24111 208 24320 46 24367 208 24576 255 24832 255 25088 255 25344 255 25600 511 26112 255 26368 255 26624 253 26880 251 27136 250 27392 250 27648 250 27904 250 28160 250 28416 142 28559 3 28563 103 28672 141 28820 102 28924 2 28928 140 29078 101 29180 2 29184 139 29334 8 29352 83 29436 2 29440 139 29592 2 29610 80 29692 2 29696 139 29865 81 29948 2 29952 139 30120 82 30204 1 30208 139 30375 83 30460 1 30464 140 30624 91 30720 140 30877 93 30976 140 31132 94 31232 141 31387 95 31488 141 31642 96 31744 142 31895 99 32000 36 32040 102 32149 101 32256 36 32296 211 32508 2 32512 36 32552 211 32764 3 32768 38 32807 216 33024 255 33280 918 34200 254 34458 248 34708 1 34714 245 34970 244 35225 244 35480 245 35735 246 35991 246 36247 187 36435 3 36442 38 36481 12 36501 186 36705 43 36756 187 36964 41 37011 187 37221 40 37266 186 37478 41 37521 186 37735 227 37989 1 37991 226 38245 228 38501 94 38599 129 38740 4 38757 93 38855 129 38994 10 39013 93 39109 98 39211 29 39249 12 39268 193 39469 26 39505 13 39523 194 39726 25 39760 15 39778 195 39982 25 40016 213 40239 23 40272 213 40496 22 40528 213 40752 22 40783 214 41008 21 41039 213 41263 17 41295 213 41519 13 41533 1 41553 211 41775 13 41810 210 42032 12 42067 209 42288 12 42324 209 42544 11 42582 48 42631 158 42799 12 42839 46 42887 3 42892 154 43055 12 43095 45 43149 154 43311 13 43352 44 43405 109 43515 4 43520 43 43564 16 43608 45 43661 108 43772 3 43776 60 43864 46 43917 63 43981 2 43987 7 43996 22 44019 5 44028 3 44032 61 44120 47 44172 64 44255 18 44278 2 44288 62 44376 48 44427 64 44511 18 44544 66 44632 114 44768 17 44800 68 44888 70 44965 37 45025 16 45056 70 45144 70 45223 35 45280 16 45312 70 45400 70 45480 34 45535 17 45564 3 45568 71 45657 69 45737 33 45791 17 45820 3 45824 72 45913 70 45994 33 46046 19 46076 3 46080 72 46169 70 46251 32 46302 20 46332 3 46336 72 46425 71 46508 31 46557 23 46588 3 46592 73 46679 74 46764 31 46812 25 46839 3 46844 3 46848 73 46935 75 47020 31 47067 36 47104 73 47190 60 47252 4 47257 13 47275 31 47323 111 47445 61 47508 54 47578 114 47700 57 47760 2 47764 53 47833 115 47954 59 48016 3 48020 53 48089 38 48128 78 48208 61 48273 56 48344 39 48384 140 48529 55 48600 39 48640 138 48785 55 48854 41 48896 137 49041 55 49109 42 49152 136 49297 56 49365 42 49408 135 49552 57 49620 43 49664 135 49808 58 49875 44 49920 133 50063 62 50131 44 50176 133 50318 67 50387 40 50432 133 50573 110 50688 133 50829 109 50944 132 51084 110 51200 132 51339 111 51456 132 51595 110 51712 132 51849 112 51968 60 52031 69 52104 113 52224 60 52289 184 52480 62 52544 185 52736 248 52992 248 53248 248 53504 248 53760 248 54016 248 54272 248 54528 134 54664 3 54668 108 54784 133 54921 1 54925 107 55040 83 55125 48 55182 107 55296 83 55381 47 55438 2 55441 105 55552 132 55694 2 55697 109 55808 132 55952 111 56064 132 56209 8 56219 100 56320 131 56465 3 56469 3 56476 99 56576 130 56721 3 56725 3 56732 99 56832 130 56977 9 56988 230 57234 117 57357 117 57491 115 57614 116 57747 114 57871 116 58003 115 58128 116 58258 117 58384 118 58505 1 58513 121 58639 4099 62739 305 63047 252 63304 250 63561 249 63817 249 64073 249 64329 250 64584 252 64839 253 65095 253 65352 184
976097,0 44799 44800 3071 47872 255 48128 255 48384 255 48640 241 48885 10 48896 240 49142 9 49152 240 49399 8 49408 240 49655 8 49664 241 49911 8 49920 243 50167 8 50176 244 50423 8 50432 255 50688 255 50944 255 51200 255 51456 255 51712 255 51968 255 52224 255 52480 255 52736 255 52992 254 53248 254 53504 252 53760 250 54016 248 54272 245 54528 243 54784 241 55040 239 55296 236 55552 234 55808 232 56064 230 56320 227 56576 225 56832 223 57088 221 57344 218 57600 216 57856 213 58112 211 58368 209 58624 207 58880 205 59136 202 59392 200 59648 198 59904 195 60160 193 60416 191 60672 189 60928 186 61184 184 61440 181 61696 179 61952 177 62208 175 62464 173 62720 171 62976 168 63232 166 63488 163 63744 162 64000 159 64256 157 64512 155 64768 152 65024 150 65280 147
000033, 
000091, 
474754,0 262 264 5857 6123 254 6379 48063 54444 252 54701 250 54957 249 55213 248 55468 248 55723 249 55979 248 56233 220 56465 18 56488 218 56723 15 56743 211 56955 3 56980 14 56997 108 57107 101 57236 13 57252 107 57368 2 57376 87 57492 12 57508 107 57632 87 57748 10 57765 106 57889 86 58003 11 58021 106 58145 85 58258 12 58277 106 58401 82 58512 14 58533 107 58656 82 58767 15 58789 107 58912 82 59020 18 59045 107 59168 82 59252 2 59273 21 59300 109 59424 78 59504 2 59508 2 59528 137 59679 74 59760 1 59784 137 59935 73 60039 138 60191 71 60295 137 60447 70 60550 138 60704 62 60767 3 60806 138 60960 62 61024 2 61061 138 61216 62 61280 2 61316 138 61473 60 61571 139 61730 60 61827 139 61985 61 62082 140 62241 61 62337 143 62497 61 62592 145 62752 62 62847 147 63008 62 63102 149 63264 61 63347 160 63519 62 63601 163 63775 62 63856 164 64031 63 64110 166 64287 63 64365 167 64544 62 64621 167 64800 63 64876 168 65056 64 65131 168 65312 61 65388 148
255544,0 15360 15361 255 15617 255 15874 254 16130 254 16386 254 16643 253 16899 253 17155 253 17412 252 17668 252 17924 252 18181 251 18437 251 18693 251 18949 251 19206 250 19462 250 19719 249 19975 249 20231 249 20488 248 20744 248 21000 248 21257 247 21513 247 21769 247 22026 246 22282 246 22538 246 22795 245 23051 245 23307 245 23564 244 23820 244 24077 243 24333 243 24589 243 24845 243 25102 242 25358 242 25615 241 25871 241 26127 241 26383 241 26640 240 26896 240 27153 239 27409 239 27665 239 27921 239 28178 238 28434 238 28691 237 28947 237 29203 237 29459 237 29716 236 29972 236 30229 235 30485 235 30741 235 30997 235 31254 234 31510 234 31767 233 32023 233 32279 233 32535 233 32792 232 33048 232 33305 231 33561 231 33817 231 34073 231 34330 230 34586 230 34843 229 35099 229 35355 229 35611 229 35868 228 36124 228 36381 227 36637 227 36893 227 37149 227 37406 226 37662 226 37919 225 38175 225 38431 225 38687 225 38944 224 39200 224 39457 223 39713 223 39969 223 40225 223 40482 222 40738 222 40995 221 41251 221 41507 221 41763 221 42020 220 42276 220 42533 219 42789 219 43045 219 43301 219 43558 218 43814 218 44070 218 44327 217 44583 217 44839 217 45096 216 45352 216 45608 216 45865 215 46121 215 46378 214 46634 214 46890 214 47146 214 47403 213 47659 213 47916 212 48172 212 48428 212 48685 211 48941 211 49197 211 49454 210 49710 210 49966 210 50223 209 50479 209 50735 209 50992 208 51248 208 51504 208 51761 207 52017 207 52273 207 52530 206 52786 206 53042 206 53299 205 53555 205 53811 205 54068 204 54324 204 54580 204 54837 203 55093 203 55349 203 55606 202 55862 202 56118 202 56375 201 56631 201 56887 201 57144 200 57400 200 57656 200 57912 200 58169 199 58425 199 58682 198 58938 198 59194 198 59450 198 59707 197 59963 197 60220 196 60476 196 60732 196 60989 195 61245 195 61501 195 61758 194 62014 194 62270 194 62527 193 62783 193 63039 193 63296 192 63552 192 63808 192 64064 192 64321 191 64577 191 64834 190 65090 190 65347 189
158770,0 982 988 250 1244 1470 2719 249 2975 247 3231 246 3486 247 3742 247 3998 247 4254 247 4510 247 4766 247 5022 246 5278 247 5534 247 5790 248 6046 249 6302 250 6557 251 6813 252 7068 253 7323 5594 12920 252 13176 251 13432 251 13688 251 13944 251 14200 250 14456 22 14480 226 14712 21 14737 225 14968 21 14993 225 15224 19 15248 52 15302 172 15480 18 15504 52 15560 169 15735 19 15760 52 15816 169 15991 18 16016 52 16073 167 16246 18 16271 53 16328 168 16502 18 16527 54 16584 168 16757 20 16782 56 16839 169 17013 20 17037 227 17268 21 17293 227 17523 23 17547 229 17777 2548 20326 252 20584 250 20839 250 21095 250 21350 8430 29783 252 30039 252 30295 252 30549 3168 33720 4 33725 248 33982 4 33987 177 34166 64 34238 172 34422 66 34494 172 34678 70 34750 172 34934 244 35189 249 35442 7364 42808 254 43068 3 43075 240 43332 238 43590 236 43847 234 44104 232 44360 232 44617 231 44873 231 45130 229 45386 229 45642 230 45882 9 45898 231 46135 13 46154 252 46410 254 46666 199 46868 253 47126 251 47384 250 47642 249 47900 248 48157 249 48413 251 48667 16869
688285,13 243 270 242 526 242 782 242 1038 242 1295 241 1551 241 1807 241 2063 241 2319 241 2576 240 2832 240 3088 240 3344 240 3600 240 3857 239 4113 239 4369 239 4625 239 4881 239 5138 238 5394 238 5650 238 5907 237 6163 237 6419 237 6675 237 6931 237 7187 237 7444 236 7700 236 7956 236 8213 235 8469 235 8725 235 8981 235 9237 235 9493 235 9750 234 10006 234 10262 234 10518 234 10775 233 11031 233 11287 233 11543 233 11799 233 12056 232 12312 232 12568 232 12824 232 13081 231 13337 231 13593 231 13849 231 14105 231 14362 230 14618 230 14874 230 15130 230 15386 230 15643 229 15899 229 16155 229 16411 229 16667 229 16924 228 17180 228 17436 228 17693 227 17949 227 18205 227 18461 227 18717 227 18973 227 19230 226 19486 226 19742 226 19999 225 20254 226 20511 225 20767 225 21023 225 21279 225 21536 224 21792 224 22048 224 22304 224 22561 223 22817 223 23073 223 23329 223 23585 223 23842 222 24098 222 24354 222 24610 222 24866 222 25123 221 25379 221 25635 221 25891 221 26148 220 26404 220 26660 220 26916 220 27172 220 27429 219 27685 219 27941 219 28197 219 28453 219 28710 218 28966 218 29222 218 29479 217 29735 217 29991 217 30247 217 30503 217 30759 217 31016 216 31272 216 31528 216 31784 216 32041 215 32297 215 32553 215 32809 215 33065 215 33322 214 33578 214 33834 214 34090 214 34346 214 34603 213 34859 213 35115 213 35371 213 35628 212 35884 212 36140 212 36396 212 36653 211 36909 211 37165 211 37421 211 37677 211 37934 210 38190 210 38446 210 38702 210 38959 209 39215 209 39471 209 39727 209 39983 209 40239 209 40496 208 40752 208 41008 208 41265 207 41521 207 41777 207 42033 207 42289 207 42546 206 42802 206 43058 206 43314 206 43571 205 43827 205 44083 205 44339 205 44595 205 44851 205 45108 204 45364 204 45620 204 45876 204 46133 203 46389 203 46645 203 46901 203 47157 203 47414 202 47670 202 47926 202 48182 202 48438 202 48694 202 48951 201 49207 201 49463 201 49720 200 49976 200 50232 200 50488 200 50745 199 51001 199 51257 199 51513 199 51769 199 52025 199 52282 198 52538 198 52794 198 53050 198 53307 197 53563 197 53819 197 54075 197 54332 196 54588 196 54844 196 55100 196 55357 195 55613 195 55869 195 56125 195 56381 195 56637 195 56894 194 57150 194 57406 194 57662 194 57918 194 58175 193 58431 193 58687 193 58943 193 59200 192 59456 192 59712 192 59968 192 60225 191 60480 192 60737 191 60993 191 61249 191 61505 191 61762 190 62018 190 62274 190 62530 190 62787 189 63043 189 63299 189 63555 189 63811 189 64068 188 64324 188 64580 188 64837 187 65093 187 65350 186
680771,0 65536
000076,0 65536
596931,0 961 964 252 1220 252 1476 253 1733 252 1989 252 2245 253 2502 253 2759 4867 7628 254 7884 254 8141 253 8397 254 8653 5460 14117 251 14374 197 14575 49 14630 196 14832 47 14886 195 15088 48 15142 194 15345 48 15397 194 15602 48 15652 192 15857 242 16113 241 16369 240 16624 239 16879 239 17135 237 17391 236 17646 236 17900 237 18152 240 18406 242 18661 242 18916 243 19172 242 19428 242 19683 243 19939 242 20195 242 20451 241 20706 242 20962 241 21218 241 21473 241 21728 242 21983 243 22238 245 22493 248 22744 1838 24583 254 24840 253 25097 253 25353 253 25608 200 25809 253 26067 250 26324 248 26581 246 26838 244 27095 243 27351 243 27607 242 27862 242 28116 243 28371 244 28624 247 28879 248 29131 452 29585 253 29843 249 30099 249 30356 248 30612 248 30868 248 31124 248 31380 249 31636 250 31892 250 32148 251 32404 253 32660 253 32916 255 33172 578 33753 252 34011 249 34267 249 34524 249 34780 249 35036 249 35292 250 35548 252 35804 1902 37707 255 37964 254 38220 254 38476 8198 46676 250 46934 246 47191 244 47447 244 47703 244 47960 244 48215 247 48471 248 48727 250 48982 252 49237 202 49441 1 49443 251 49699 248 49954 247 50209 247 50465 193 50659 52 50721 193 50915 51 50977 189 51172 49 51233 188 51428 48 51489 187 51685 47 51744 188 51941 47 52000 188 52197 47 52256 188 52452 48 52511 190 52708 48 52767 191 52963 48 53023 244 53279 243 53534 244 53790 243 54045 243 54301 243 54557 242 54812 242 55068 242 55324 241 55579 242 55834 244 56088 246 56341 3185 59527 3779 63307 255 63564 254 63819 1717
142027,0 322 323 243 568 10 580 237 827 3 837 236 1081 1 1084 2 1092 237 1336 6 1347 238 1592 8 1602 240 1848 251 2104 3068 5173 253 5431 250 5687 250 5942 223 6169 24 6197 223 6425 23 6452 164 6618 58 6681 22 6707 163 6875 57 6937 21 6963 161 7131 57 7193 21 7219 161 7388 56 7448 22 7475 160 7645 55 7704 21 7730 161 7902 50 7959 22 7985 162 8159 46 8213 25 8240 162 8416 44 8468 190 8671 17 8692 24 8723 191 8927 16 8948 24 8977 192 9182 18 9204 24 9232 193 9437 21 9460 25 9487 77 9565 115 9692 243 9947 244 10202 244 10457 243 10709 1 10712 243 10964 247 11216 251 11472 252 11728 382 12111 253 12368 250 12624 250 12880 250 13136 246 13384 2 13392 247 13640 2 13648 239 13889 10 13903 240 14148 8 14157 255 14414 255 14671 255 14929 255 15186 506 15693 3198 18892 254 19150 251 19407 249 19664 248 19920 248 20176 246 20432 244 20688 243 20944 139 21085 102 21200 137 21341 101 21455 137 21598 99 21711 136 21854 99 21966 136 22110 99 22222 136 22365 100 22477 137 22621 99 22732 138 22875 101 22987 244 23242 245 23497 191 23691 51 23753 189 23948 49 24008 189 24205 37 24244 7 24263 126 24391 60 24461 36 24504 2 24519 125 24647 59 24718 35 24773 128 24902 58 24975 33 25028 188 25231 33 25284 187 25486 34 25536 191 25742 32 25790 193 25997 33 26045 194 26252 34 26299 196 26508 34 26554 197 26762 35 26809 199 27017 35 27064 200 27272 36 27319 202 27526 37 27574 205 27780 39 27829 246 28084 247 28339 248 28594 250 28848 252 29103 1213 30317 495 30815 253 31071 253 31327 252 31583 2283 33867 253 34125 250 34384 246 34640 245 34896 14 34913 227 35152 14 35169 227 35408 14 35425 226 35664 15 35680 227 35920 242 36176 242 36431 242 36686 241 36942 239 37198 34 37233 202 37453 35 37489 201 37709 35 37745 201 37964 36 38001 142 38144 58 38220 179 38400 58 38475 180 38656 59 38730 181 38912 59 38984 183 39168 60 39237 186 39424 61 39491 188 39680 62 39744 158 39904 31 39936 222 40159 32 40192 255 40448 255 40704 174 40883 71 40955 4 40960 173 41139 71 41211 4 41216 173 41395 71 41467 4 41472 172 41652 70 41723 4 41728 172 41908 70 41979 4 41984 172 42164 70 42235 4 42240 172 42420 75 42496 171 42675 75 42752 171 42931 71 43003 3 43008 171 43187 71 43260 2 43264 171 43441 73 43516 2 43520 171 43697 73 43776 171 43952 74 44032 171 44208 73 44288 171 44463 74 44544 170 44719 73 44800 171 44973 75 45056 89 45150 154 45312 89 45407 153 45568 88 45665 48 45716 100 45824 89 45925 43 45973 99 46080 89 46182 41 46229 99 46336 90 46438 40 46486 98 46592 90 46693 41 46742 99 46846 1 46848 92 46946 45 46998 99 47102 1 47104 143 47253 101 47357 2 47360 144 47508 102 47613 2 47616 250 47869 2 47872 250 48125 2 48128 251 48381 2 48384 251 48636 3 48640 255 48896 255 49152 255 49408 255 49664 255 49920 255 50176 255 50432 255 50688 255 50944 255 51200 255 51456 255 51712 49 51763 204 51968 46 52020 203 52224 45 52277 202 52480 44 52533 202 52736 44 52789 202 52992 42 53045 202 53248 42 53300 246 53556 238 53795 3 53811 239 54057 5 54066 238 54312 248 54567 249 54823 250 55079 250 55335 251 55591 253 55846 2199 58047 253 58303 253 58559 254 58815 6721
487629,0 2698 2703 250 2959 243 3216 239 3472 239 3727 240 3983 240 4240 239 4496 239 4751 239 5006 240 5262 239 5518 239 5775 237 6031 236 6286 236 6541 237 6795 239 7051 239 7307 239 7562 240 7818 240 8073 240 8328 240 8583 242 8838 243 9094 131 9234 103 9350 131 9493 101 9605 133 9750 101 9859 135 10007 101 10112 140 10264 246 10519 251 10772 7762 18536 254 18792 254 19048 14253 33304 252 33560 244 33817 243 34073 241 34329 241 34585 241 34842 240 35098 240 35353 243 35609 247 35865 251 36120 9556 45680 252 45937 5614 51552 3 51557 249 51809 1 51814 247 52069 247 52323 249 52580 247 52838 246 53095 245 53352 245 53608 246 53864 247 54119 250 54374 252 54630 10906
442157,0 5119 5120 255 5376 255 5632 255 5888 255 6144 255 6400 255 6656 255 6912 255 7168 255 7424 255 7680 255 7936 255 8192 255 8448 255 8704 255 8960 128 9089 126 9216 128 9345 126 9472 128 9603 124 9728 128 9860 123 9984 129 10116 2 10119 5 10125 114 10240 130 10372 2 10376 3 10382 113 10496 134 10632 4 10637 114 10752 134 10888 119 11008 134 11144 119 11264 255 11520 255 11776 255 12032 255 12288 255 12544 255 12800 255 13056 255 13312 255 13568 255 13824 255 14080 255 14336 255 14592 255 14848 98 14947 156 15104 96 15203 156 15360 96 15459 156 15616 96 15713 158 15872 255 16128 255 16384 255 16640 255 16896 255 17152 255 17408 255 17664 255 17920 255 18176 255 18432 255 18688 255 18944 255 19200 255 19456 255 19712 255 19968 255 20224 255 20480 255 20736 255 20992 255 21248 255 21504 255 21760 255 22016 255 22272 255 22528 255 22784 255 23040 255 23296 255 23552 255 23808 255 24064 255 24320 255 24576 255 24832 255 25088 255 25344 255 25600 255 25856 255 26112 255 26368 1791 28160 255 28416 255 28672 255 28928 255 29184 255 29440 255 29696 255 29952 255 30208 255 30464 255 30720 255 30976 255 31232 255 31488 255 31744 255 32000 255 32256 255 32512 255 32768 255 33024 255 33280 255 33536 255 33792 255 34048 255 34304 255 34560 255 34816 255 35072 255 35328 255 35584 255 35840 255 36096 255 36352 255 36608 255 36864 255 37120 255 37376 255 37632 255 37888 255 38144 255 38400 255 38656 255 38912 255 39168 255 39424 255 39680 255 39936 255 40192 255 40448 255 40704 1535 42240 255 42496 255 42752 1791 44544 255 44800 255 45056 255 45312 255 45568 255 45824 255 46080 255 46336 255 46592 255 46848 255 47104 255 47360 255 47616 255 47872 255 48128 255 48384 255 48640 255 48896 255 49152 255 49408 255 49664 255 49920 255 50176 255 50432 255 50688 255 50944 255 51200 255 51456 255 51712 255 51968 255 52224 255 52480 241 52723 12 52736 241 52979 12 52992 255 53248 255 53504 255 53760 255 54016 255 54272 255 54528 255 54784 255 55040 255 55296 255 55552 255 55808 255 56064 255 56320 255 56576 255 56832 255 57088 255 57344 255 57600 255 57856 255 58112 255 58368 255 58624 255 58880 255 59136 6400
933048,0 116 127 243 383 243 638 243 894 244 1150 244 1405 246 1661 246 1916 247 2172 248 2429 247 2685 248 2941 249 3197 251 3452 15343 18796 254 19055 249 19311 248 19567 246 19822 246 20078 244 20333 241 20588 241 20846 238 21105 233 21363 230 21621 228 21879 225 22137 223 22394 222 22651 221 22909 219 23167 217 23427 213 23686 210 23943 209 24203 205 24462 202 24724 196 24983 104 25088 88 25245 98 25344 87 25503 96 25600 87 25763 92 25856 87 26022 89 26112 87 26281 86 26368 87 26541 82 26624 87 26803 76 26880 87 27065 1 27068 2 27071 151 27332 146 27521 1 27524 2 27591 143 27774 12 27849 141 28027 19 28109 137 28282 24 28367 135 28538 25 28626 132 28793 29 28885 21 28907 107 29049 31 29143 19 29166 104 29305 33 29400 16 29427 99 29561 34 29657 14 29684 98 29817 36 29915 12 29941 98 30074 38 30173 10 30198 97 30330 44 30430 8 30455 3 30459 4 30464 88 30564 5 30587 43 30687 7 30711 2 30716 3 30720 93 30817 9 30844 42 30948 2 30976 113 31090 1 31097 48 31232 170 31488 170 31744 170 32000 170 32172 2 32180 2 32183 18 32256 204 32512 205 32768 206 33024 207 33280 208 33536 209 33792 210 34048 210 34304 212 34560 213 34807 1 34816 214 35063 1 35072 214 35318 2 35328 217 35574 3 35584 220 35830 3 35840 223 36086 3 36096 226 36342 4 36352 229 36598 4 36604 3 36608 232 36853 10 36864 235 37109 248 37361 24469 61836 249 62093 248 62350 247 62606 248 62863 247 63119 248 63375 249 63631 249 63887 251 64142 253 64396 1140
000012,618 5 873 8 1128 10 1384 10 1640 10 1896 10 2152 10 2409 9 2665 8 2683 1 2923 4 2936 6 3190 9 3441 14 3696 16 3951 17 4206 18 4461 18 4716 18 4972 16 5227 16 5483 15 5740 12 5996 11 6252 10 6509 9 6766 8 7023 5 12934 11 13188 14 13443 15 13698 17 13954 17 14210 17 14466 17 14722 16 14979 14 15236 12 15497 5 21244 4 21499 5 21755 5 22011 5 22267 5 22523 5 22781 3 31862 2 32085 3 32091 3 32116 6 32339 12 32371 8 32592 16 32627 8 32845 21 32883 8 33100 23 33140 7 33354 25 33397 6 33609 26 33865 26 34121 25 34377 23 34634 18 34892 11 34921 7 35155 3 35173 11 35428 12 35684 12 35939 12 36196 10 36452 9 36709 7 39501 3 39756 6 40010 9 40265 11 40520 12 40773 16 41027 18 41282 18 41537 19 41792 20 42047 21 42303 22 42559 23 42815 24 43070 25 43326 26 43581 27 43836 29 44090 31 44343 35 44598 36 44853 37 45109 37 45365 37 45621 37 45878 36 46134 36 46354 6 46390 36 46606 12 46646 36 46861 13 46902 35 47116 15 47158 35 47372 15 47415 34 47627 17 47671 33 47883 17 47928 32 48139 17 48186 2 48189 25 48395 16 48447 22 48650 17 48704 21 48906 17 48961 20 49162 17 49217 20 49418 17 49473 20 49674 16 49729 21 49930 15 49984 23 50188 9 50240 23 50447 5 50496 23 50751 25 51007 25 51262 26 51518 26 51774 26 52030 25 52286 25 52542 25 52799 23 52988 3 53055 23 53243 5 53312 21 53498 6 53568 20 53754 6 53825 19 54008 8 54080 19 54263 9 54337 17 54518 10 54593 13 54645 1 54773 11 54849 12 54900 4 55029 11 55106 10 55155 6 55286 10 55337 3 55362 10 55411 7 55542 10 55591 7 55619 8 55668 7 55799 9 55846 9 55876 6 55924 8 56057 5 56099 14 56133 4 56180 10 56354 24 56436 10 56607 28 56692 11 56861 30 56947 12 57116 31 57203 13 57372 31 57459 13 57628 31 57715 13 57884 31 57972 13 58141 30 58228 14 58397 31 58441 1 58484 14 58654 30 58694 6 58740 15 58910 30 58948 9 58977 4 58995 17 59167 4 59173 23 59203 11 59232 11 59251 19 59430 22 59459 11 59488 11 59507 22 59686 21 59714 13 59744 11 59763 23 59914 4 59942 19 59969 15 59999 12 60020 23 60168 7 60197 19 60225 15 60255 10 60278 22 60423 9 60446 26 60480 16 60511 9 60535 21 60679 9 60701 28 60736 16 60762 3 60766 10 60791 21 60935 10 60956 29 60992 15 61018 13 61048 20 61190 16 61210 31 61248 15 61274 3 61280 6 61304 20 61445 32 61480 17 61504 14 61538 2 61560 20 61700 32 61737 16 61760 13 61815 21 61955 34 61994 15 62017 11 62070 22 62209 37 62251 14 62276 7 62325 22 62464 38 62506 15 62581 21 62720 39 62761 16 62837 21 62976 56 63092 21 63232 56 63347 22 63488 56 63602 22 63744 43 63789 10 63854 26 64000 42 64047 8 64109 27 64256 43 64303 7 64364 28 64512 43 64560 6 64620 28 64768 44 64817 4 64876 28 65024 45 65075 1 65132 27 65280 45 65390 25
513583,0 1252 1254 512 1767 255 2023 256 2280 615 2899 252 3155 252 3411 253 3667 7271 10943 249 11201 245 11457 244 11714 242 11971 241 12227 240 12481 241 12735 241 12982 248 13236 248 13491 249 13748 247 14004 246 14261 244 14517 243 14773 243 15028 244 15284 191 15480 48 15539 192 15738 46 15794 193 15994 47 16048 195 16250 250 16506 251 16761 253 17016 2466 19484 252 19742 249 20000 246 20257 243 20512 243 20767 182 20951 59 21022 76 21105 100 21213 53 21276 77 21363 99 21471 50 21531 77 21620 99 21728 50 21786 77 21877 99 21985 49 22042 77 22133 100 22243 1 22245 45 22297 77 22389 101 22506 41 22552 77 22646 100 22763 20 22784 21 22807 77 22902 101 23019 20 23040 99 23158 102 23264 1 23276 19 23296 98 23413 113 23532 19 23552 98 23668 118 23787 16 23804 3 23808 97 23923 140 24064 96 24177 142 24320 95 24430 241 24682 245 24935 247 25189 250 25444 15322 40768 251 41026 240 41268 6 41283 243 41540 245 41796 246 42052 248 42307 250 42561 2757 45319 254 45576 150 45728 101 45831 151 45984 254 46241 252 46497 252 46754 251 47009 253 47264 1579 48848 249 49106 228 49337 15 49363 225 49593 14 49619 224 49849 13 49875 224 50105 13 50131 223 50361 13 50386 225 50616 14 50641 227 50872 15 50896 228 51127 19 51151 254 51406 532 51939 3 51943 248 52201 245 52458 243 52715 242 52971 242 53227 241 53483 241 53739 241 53995 241 54250 243 54503 246 54753 10783
809952,1787 4 2041 7 2293 11 2547 13 2799 17 3053 19 3306 22 3559 25 3811 29 4064 32 4317 35 4570 38 4822 42 5076 44 5328 48 5582 50 5835 53 6087 57 6339 61 6593 63 6845 67 7099 69 7351 73 7604 76 7857 79 8110 82 8363 85 8616 88 8869 91 9122 94 9374 98 9628 100 9880 104 10133 107 10385 111 10639 113 10892 116 11145 119 11397 123 11650 126 11903 129 12156 132 12409 135 12662 138 12915 141 13168 144 13420 148 13674 150 13927 153 14179 157 14431 161 14685 163 14937 167 15191 169 15443 173 15696 176 15949 179 16202 182 16455 185 16708 188 16960 192 17214 194 17466 198 17720 200 17972 204 18225 207 18477 211 18731 213 18983 217 19237 219 19489 223 19742 226 19995 229 20248 232 20501 235 20754 238 21007 241 21260 244 21512 248 21766 250 22018 43518
000053,0 65536
418853,0 65536
524214,0 65536
372637,0 12430 12432 254 12689 254 12944 40473 53422 252 53679 252 53932 5334 59268 252 59524 250 59781 249 60037 249 60293 250 60548 252 60803 4733
000025,39162 5 39417 7 39673 7 39929 7 40185 7 40442 6 40698 6 49399 2 49654 4 49910 5 50167 3 51183 6 51438 10 51693 15 51949 17 52205 18 52461 18 52718 17 52976 15 53233 14 53490 13 53747 13 54003 13 54260 12 54519 9 54722 4 54776 8 54977 6 55034 6 55233 6 55290 6 55489 6 55546 6 55746 5 55801 7 56057 7 56313 6 56569 5 56827 1 57852 3 58106 6 58362 6 58617 7 58873 7 59129 7 59385 7 59641 7 59898 6 60154 6 60410 6 60667 5 60923 5 61179 5 61436 4 61691 5 61944 8 62199 9 62454 10 62709 11 62965 11 63221 11 63476 12 63732 12 63988 12 64244 12 64499 13 64756 12 65012 12 65267 13 65524 12
461675,0 13837 13838 253 14092 3073 17166 3070 20237 512 20750 44786
255132,0 241 245 239 489 1 495 1 503 1 505 1 509 233 743 24 768 224 993 1 995 28 1024 224 1252 27 1280 224 1506 254 1762 254 2018 510 2529 252 2786 250 3043 248 3299 248 3556 246 3812 245 4068 245 4324 245 4580 245 4836 245 5091 246 5347 246 5601 249 5856 250 6110 251 6366 250 6621 252 6875 253 7132 252 7388 252 7644 253 7899 254 8155 231 8388 2 8391 17 8411 231 8652 13 8667 227 8912 237 9175 1 9179 185 9366 37 9437 183 9621 4 9626 32 9689 1 9691 189 9883 31 9945 1 9947 187 10140 27 10201 1 10203 175 10381 7 10397 25 10457 176 10638 5 10653 25 10713 175 10895 4 10909 17 10927 3 10969 175 11152 1 11165 1 11169 12 11184 2 11225 175 11427 1 11431 5 11480 176 11675 3 11682 2 11687 5 11736 175 11931 3 11937 3 11944 4 11992 175 12201 1 12247 176 12503 176 12733 12 12757 178 12984 19 13012 178 13237 25 13265 181 13490 211 13744 212 13999 212 14254 212 14510 211 14766 209 15020 210 15274 211 15530 211 15785 211 16038 198 16242 9 16294 195 16500 7 16550 194 16756 2 16760 4 16806 194 17012 10 17061 195 17268 12 17315 197 17523 16 17570 199 17778 19 17825 201 18034 21 18079 204 18288 30 18335 205 18542 32 18591 239 18847 239 19103 239 19359 238 19615 237 19867 1 19870 239 20122 2 20125 239 20377 3 20381 239 20633 239 20889 239 21144 238 21400 236 21656 238 21898 2 21906 2 21912 38 21952 198 22154 2 22161 45 22208 198 22411 1 22418 44 22464 192 22679 39 22720 192 22937 1 22939 35 22976 191 23197 32 23232 190 23429 1 23454 4 23460 23 23488 190 23684 1 23710 4 23716 22 23745 189 23938 4 23945 1 23967 3 23972 22 24001 197 24200 2 24223 3 24228 21 24258 196 24456 1 24479 3 24484 21 24516 180 24699 3 24703 6 24735 3 24740 19 24773 177 24951 1 24956 2 24961 1 24963 1 24990 4 24996 19 25029 181 25212 2 25246 4 25252 15 25268 2 25285 185 25502 4 25508 14 25541 177 25719 7 25758 4 25764 10 25776 2 25797 185 26014 4 26020 4 26028 2 26051 179 26232 2 26236 1 26270 4 26276 4 26284 2 26307 173 26482 4 26488 2 26492 1 26525 5 26533 1 26563 173 26744 5 26780 6 26818 174 27035 7 27055 7 27073 175 27289 9 27309 10 27327 176 27543 11 27564 15 27581 176 27798 12 27819 193 28053 13 28075 185 28307 15 28330 185 28563 15 28585 185 28818 16 28840 184 29072 17 29096 184 29327 18 29352 183 29580 21 29608 183 29834 24 29863 183 30088 27 30117 184 30342 214 30598 214 30853 214 31107 216 31363 216 31618 217 31873 218 32128 219 32384 219 32640 218 32896 22 32919 194 33152 18 33172 196 33407 19 33428 195 33663 19 33684 195 33919 19 33940 70 34011 123 34174 20 34196 193 34430 20 34452 194 34685 217 34941 217 35196 218 35451 75 35538 132 35705 75 35796 130 35960 76 36053 127 36214 77 36310 126 36469 77 36566 117 36685 1 36687 6 36724 78 36823 110 36979 79 37081 107 37232 82 37337 107 37487 83 37593 106 37742 84 37849 107 37996 85 38105 107 38251 86 38363 103 38467 1 38506 87 38620 102 38761 87 38877 101 39017 87 39134 100 39272 87 39390 100 39527 87 39646 100 39782 88 39903 99 40037 87 40161 97 40292 87 40418 97 40547 88 40674 98 40803 88 40930 98 41059 88 41186 98 41315 88 41441 99 41570 89 41697 95 41793 3 41826 89 41953 95 42049 3 42082 90 42209 95 42305 5 42337 91 42465 95 42561 5 42593 92 42721 95 42817 5 42849 92 42977 95 43073 5 43105 93 43233 95 43329 5 43360 94 43488 96 43585 5 43615 95 43743 96 43841 5 43870 96 43999 97 44097 5 44124 98 44255 103 44376 102 44511 103 44616 1 44629 105 44767 103 44872 1 44883 107 45023 103 45128 1 45136 67 45204 41 45279 107 45391 68 45462 38 45535 179 45719 36 45791 180 45975 35 46047 180 46231 33 46303 180 46487 31 46559 183 46743 30 46816 181 47001 27 47034 6 47072 181 47257 26 47288 11 47328 181 47512 27 47543 14 47584 182 47768 46 47840 231 48096 232 48352 233 48608 234 48863 236 49119 199 49319 37 49375 197 49575 39 49631 197 49831 40 49886 198 50087 42 50141 199 50342 44 50395 247 50644 506 51151 254 51408 253 51664 22 51688 228 51921 20 51944 228 52177 1 52179 18 52201 227 52433 1 52436 2 52439 12 52458 226 52689 1 52695 12 52715 20 52736 204 52945 1 52952 11 52971 18 52992 204 53201 1 53208 11 53227 16 53248 204 53464 11 53483 15 53504 205 53720 11 53738 16 53760 205 53976 11 53993 16 54016 205 54233 10 54248 17 54272 204 54489 11 54503 17 54528 204 54744 33 54784 184 54971 17 55001 32 55040 184 55228 16 55257 32 55296 184 55485 15 55514 2 55518 28 55552 184 55742 14 55774 28 55808 134 55945 49 55997 15 56030 28 56064 134 56201 67 56286 28 56320 134 56457 67 56543 1 56547 23 56576 134 56713 68 56802 24 56832 130 56963 74 57058 24 57088 130 57219 74 57315 23 57344 130 57476 74 57572 22 57600 206 57828 23 57856 205 58081 1 58084 23 58112 206 58336 27 58368 206 58592 27 58624 207 58847 30 58880 208 59103 32 59136 209 59359 32 59392 140 59535 67 59614 33 59648 140 59792 66 59870 173 60051 65 60123 1 60125 171 60297 1 60308 66 60376 176 60564 66 60632 177 60821 65 60888 177 61079 64 61144 171 61317 3 61339 60 61401 170 61596 60 61657 170 61853 59 61914 169 62085 1 62110 229 62371 181 62553 42 62629 53 62684 124 62809 42 62886 53 62940 35 62976 74 63053 1 63055 9 63065 43 63142 163 63312 8 63325 40 63398 162 63568 6 63583 38 63654 162 63825 4 63840 37 63910 162 64083 3 64096 38 64166 163 64337 9 64352 39 64422 163 64593 9 64608 40 64678 164 64848 10 64864 42 64907 1 64934 164 65105 7 65121 41 65190 162 65379 35 65446 90
529350,51 205 307 205 561 207 818 206 1074 206 1330 206 1586 206 1842 206 2098 206 2355 205 2611 205 2867 205 3123 205 3380 204 3636 204 3892 204 4148 204 4405 203 4660 204 4917 203 5173 203 5429 203 5685 203 5942 202 6198 202 6454 202 6710 202 6966 202 7222 202 7479 201 7735 201 7991 201 8248 200 8504 200 8760 200 9016 200 9273 199 9528 200 9785 199 10041 199 10297 199 10553 199 10810 198 11066 198 11322 198 11578 198 11835 197 12090 198 12347 197 12603 197 12859 197 13115 197 13372 196 13628 196 13884 196 14141 195 14397 195 14653 195 14909 195 15165 195 15421 195 15677 195 15934 40 15979 149 16190 40 16237 147 16446 40 16495 145 16703 39 16751 145 16959 41 17007 145 17215 44 17263 145 17471 193 17727 193 17983 193 18239 193 18496 192 18752 192 19008 192 19264 192 19521 191 19777 191 20033 191 20289 191 20545 191 20802 190 21058 190 21314 190 21570 190 21827 189 22083 189 22339 189 22595 189 22851 189 23107 189 23364 188 23620 188 23876 188 24132 188 24389 187 24645 187 24901 187 25157 187 25414 186 25670 186 25926 186 26182 186 26438 186 26695 185 26951 185 27207 185 27463 185 27719 185 27975 185 28232 184 28488 184 28744 184 29000 184 29257 183 29513 183 29769 183 30025 183 30281 183 30537 183 30794 182 31050 182 31306 182 31562 182 31818 182 32075 181 32331 181 32587 181 32843 181 33099 181 33356 180 33612 180 33868 180 34124 180 34380 180 34637 179 34893 179 35149 179 35405 179 35661 179 35918 178 36174 178 36430 178 36687 177 36943 177 37199 177 37455 177 37711 177 37967 177 38224 176 38480 176 38736 176 38992 176 39249 175 39505 175 39761 175 40017 175 40273 175 40529 175 40786 174 41042 174 41298 174 41554 174 41811 173 42067 173 42323 173 42579 173 42835 173 43092 172 43348 172 43604 172 43860 172 44117 171 44373 171 44629 171 44885 171 45141 171 45397 171 45654 170 45910 170 46166 170 46422 170 46679 169 46935 169 47191 169 47447 169 47703 169 47959 169 48216 168 48472 168 48728 168 48984 168 49240 168 49497 167 49753 167 50009 167 50265 167 50521 167 50778 166 51034 166 51290 166 51546 166 51802 166 52059 165 52315 165 52571 165 52827 165 53083 165 53340 164 53596 164 53852 164 54109 163 54365 163 54621 163 54877 163 55133 163 55389 163 55646 162 55902 162 56158 162 56414 162 56671 161 56927 161 57183 161 57439 161 57695 161 57951 161 58208 160 58464 160 58720 160 58976 160 59233 159 59489 159 59745 159 60001 159 60257 159 60514 158 60770 158 61026 158 61282 158 61538 158 61794 158 62051 157 62307 157 62563 157 62819 157 63076 156 63332 156 63588 156 63844 156 64101 155 64356 156 64613 155 64869 155 65126 154 65383 153
000075,0 46335 46336 255 46592 255 46848 255 47104 18432
534649,0 65536
421383,0 808 810 1300 2113 251 2370 250 2627 248 2883 249 3140 248 3396 249 3650 17316 20968 254 21224 602 21828 251 22084 250 22340 250 22596 250 22850 4240 27094 250 27351 248 27607 246 27863 245 28120 242 28376 241 28632 239 28887 239 29143 235 29398 236 29654 235 29908 236 30162 237 30416 238 30668 242 30923 242 31179 242 31434 243 31690 243 31945 6301 38248 254 38505 253 38761 253 39017 253 39271 1405 40684 246 40943 241 41201 238 41457 237 41709 240 41961 243 42215 245 42470 245 42723 249 42974 4034 47009 254 47265 254 47522 3598 51129 244 51392 237 51648 237 51905 236 52162 235 52419 234 52675 234 52931 27 52967 198 53186 26 53225 196 53441 26 53481 196 53685 1 53696 28 53738 196 53937 9 53947 33 53994 244 54251 243 54507 244 54764 244 55020 245 55276 246 55533 247 55788 250 56043 1683 57727 255 57984 252 58243 247 58500 246 58757 244 59013 245 59269 245 59523 499 60024 5512
734470,0 42 73 33 110 57 256 41 330 30 366 57 427 1 512 40 586 32 620 60 682 3 768 40 839 66 907 3 912 6 920 21 1024 40 1091 67 1164 4 1170 5 1176 21 1280 40 1341 73 1420 3 1426 28 1536 40 1592 78 1672 2 1675 35 1792 40 1847 95 1943 23 2048 41 2101 97 2199 23 2304 41 2357 97 2456 23 2560 41 2612 95 2708 2 2712 23 2816 41 2867 96 2964 2 2967 24 3072 41 3122 98 3221 26 3328 42 3377 48 3429 74 3584 29 3619 7 3632 48 3686 74 3840 28 3876 6 3887 49 3943 73 4096 27 4132 7 4142 49 4200 72 4352 26 4388 58 4456 73 4608 25 4644 58 4713 72 4864 25 4901 57 4971 70 5120 24 5158 56 5228 64 5293 4 5376 24 5413 57 5484 70 5632 24 5669 59 5739 71 5888 23 5924 62 5995 71 6144 22 6180 64 6250 72 6400 21 6436 67 6505 74 6656 21 6692 143 6912 21 6947 144 7168 21 7202 145 7424 21 7457 147 7680 21 7712 148 7936 21 7967 149 8192 20 8223 149 8448 20 8477 152 8704 20 8732 153 8960 20 8987 154 9216 20 9242 155 9472 21 9495 159 9728 182 9984 182 10240 183 10496 183 10752 183 11008 183 11264 178 11444 4 11520 178 11700 4 11776 179 11956 4 12032 179 12212 4 12288 96 12385 81 12469 4 12544 92 12642 81 12725 4 12800 91 12899 81 12981 4 13056 90 13155 86 13312 89 13409 89 13568 89 13664 90 13824 89 13918 92 14080 86 14168 2 14173 93 14336 85 14425 1 14428 95 14592 84 14681 1 14683 91 14775 4 14848 82 14937 93 15031 4 15104 82 15193 93 15287 4 15360 82 15449 93 15544 4 15616 81 15704 100 15872 81 15960 100 16128 81 16216 73 16292 25 16384 81 16472 73 16549 24 16640 82 16726 73 16808 21 16896 83 16981 74 17065 20 17152 159 17323 19 17408 158 17581 17 17664 159 17838 16 17920 159 18095 15 18176 159 18350 17 18432 159 18606 17 18688 159 18862 17 18944 159 19119 16 19200 159 19373 19 19456 59 19519 96 19630 18 19712 58 19776 96 19885 19 19968 58 20033 96 20141 19 20224 59 20289 99 20397 20 20480 58 20545 101 20653 20 20736 57 20801 103 20907 22 20992 56 21057 128 21248 55 21313 129 21504 46 21552 3 21569 129 21760 41 21825 129 22016 40 22080 130 22272 40 22336 131 22528 39 22592 131 22784 38 22849 130 23040 38 23104 132 23296 38 23359 133 23552 38 23614 134 23808 39 23862 142 24064 39 24115 146 24320 39 24367 150 24576 40 24620 153 24832 198 25088 198 25344 198 25600 198 25856 199 26112 199 26368 199 26624 200 26880 200 27136 200 27392 200 27648 200 27904 201 28160 201 28416 201 28672 202 28928 202 29184 202 29440 202 29696 202 29952 203 30208 203 30464 203 30720 204 30976 204 31232 7 31242 194 31488 6 31499 193 31744 1 31756 192 32014 191 32270 157 32428 33 32527 83 32612 71 32685 33 32783 81 32869 70 32941 33 33038 82 33125 105 33294 82 33382 104 33550 82 33639 4 33645 97 33806 81 33897 3 33903 96 34048 4 34061 81 34160 95 34304 6 34316 82 34416 95 34560 93 34670 98 34816 93 34925 99 35072 93 35181 99 35328 93 35437 99 35584 93 35693 99 35840 94 35947 102 36096 95 36192 113 36352 209 36608 210 36864 210 37120 210 37376 210 37632 210 37888 211 38144 211 38400 211 38656 212 38912 212 39168 212 39424 212 39680 212 39936 213 40192 213 40448 213 40704 166 40871 47 40960 161 41131 43 41216 160 41387 43 41472 159 41644 42 41728 158 41901 42 41984 158 42159 40 42240 158 42415 40 42496 158 42670 42 42752 159 42926 42 43008 159 43182 42 43264 160 43439 41 43520 160 43695 41 43776 159 43951 42 44032 159 44206 43 44288 158 44461 44 44544 158 44716 46 44800 157 44971 47 45056 155 45227 47 45312 154 45482 48 45568 154 45737 50 45824 154 45992 51 46080 154 46247 52 46336 155 46502 54 46592 156 46758 54 46848 158 47013 55 47104 161 47266 58 47360 220 47616 221 47872 221 48128 214 48343 6 48384 214 48600 6 48640 222 48896 222 49152 222 49408 222 49664 223 49920 223 50176 223 50432 224 50688 224 50944 224 51200 224 51456 224 51712 225 51968 225 52224 225 52480 226 52736 226 52992 226 53248 226 53504 226 53760 227 54016 5 54024 219 54272 5 54280 219 54528 4 54537 218 54784 4 54794 218 55040 5 55052 216 55296 5 55308 216 55552 5 55565 216 55808 7 55821 216 56064 8 56077 216 56320 9 56332 217 56576 230 56832 230 57088 230 57344 230 57600 231 57856 231 58112 231 58368 231 58624 232 58880 232 59136 232 59392 232 59648 233 59904 233 60160 233 60416 234 60672 234 60928 234 61184 234 61440 234 61696 235 61952 235 62208 235 62464 236 62720 236 62976 236 63232 236 63488 237 63744 237 64000 237 64256 237 64512 233 64746 4 64768 233 65002 4 65024 232 65261 1 65280 230
925045,0 65536
504868,0 65536
000018,135 55 203 27 391 55 459 27 502 1 646 56 715 16 732 11 757 4 901 57 970 17 990 9 1013 5 1156 58 1224 19 1247 8 1268 7 1412 87 1504 7 1524 8 1668 88 1761 5 1779 9 1923 90 2019 2 2035 9 2179 92 2291 10 2435 93 2547 10 2691 94 2802 11 2947 94 3058 12 3203 94 3313 14 3459 95 3567 17 3715 95 3822 18 3971 94 4078 18 4228 92 4332 20 4484 90 4586 22 4741 88 4840 24 4997 87 5094 26 5253 83 5349 27 5510 80 5604 28 5766 80 5859 29 6022 80 6115 29 6279 79 6370 30 6535 79 6626 30 6792 77 6882 30 7049 76 7138 30 7307 74 7394 30 7564 73 7650 30 7821 72 7906 30 8078 71 8162 30 8335 70 8419 29 8573 3 8591 70 8675 29 8825 9 8848 70 8930 30 9076 16 9104 112 9331 18 9360 112 9586 20 9616 112 9842 21 9872 112 10097 22 10127 113 10353 22 10381 115 10609 22 10636 116 10864 19 10892 116 11119 19 11148 116 11374 19 11405 115 11630 17 11661 115 11887 14 11917 115 12143 11 12173 115 12429 105 12537 7 12684 104 12793 7 12938 105 13049 7 13194 104 13305 7 13449 104 13562 6 13705 103 13818 6 13961 103 14076 3 14216 103 14472 102 14728 102 14985 100 15241 99 15497 99 15754 97 16010 97 16266 97 16523 95 16779 94 17037 91 17296 85 17555 80 17811 79 18068 78 18324 79 18581 78 18838 78 19102 71 19362 68 19619 68 19877 67 20133 68 20390 67 20646 67 20902 67 21159 66 21416 65 21673 46 21724 13 21930 44 21982 10 22187 42 22239 9 22445 39 22495 9 22704 35 22751 9 22961 33 23006 11 23218 31 23261 12 23475 33 23511 18 23732 53 23990 52 24247 53 24503 54 24760 54 25017 53 25274 8 25290 37 25531 4 25550 33 25598 2 25807 32 25853 3 26062 34 26099 3 26108 4 26318 41 26363 5 26573 44 26618 6 26829 51 27083 53 27338 54 27593 55 27848 56 28104 56 28359 57 28615 57 28870 58 29126 58 29371 4 29382 58 29627 5 29637 59 29883 7 29892 60 30138 70 30394 70 30651 69 30907 69 31164 68 31343 3 31421 67 31598 5 31678 66 31854 5 31934 66 32110 5 32190 66 32365 5 32446 66 32618 7 32701 67 32873 7 32958 66 33127 10 33214 66 33383 10 33470 66 33638 14 33727 65 33894 15 33987 61 34149 17 34244 60 34405 17 34500 60 34661 16 34757 59 34916 17 35013 59 35171 17 35270 58 35427 17 35527 57 35682 18 35783 57 35936 20 36043 47 36093 3 36191 22 36301 43 36349 3 36446 25 36557 41 36605 2 36702 26 36812 41 36958 26 37067 41 37214 26 37323 40 37470 26 37578 40 37726 26 37834 40 37982 25 38090 41 38238 25 38345 43 38494 24 38598 46 38751 23 38852 49 39008 5 39014 16 39107 50 39266 2 39270 16 39363 50 39525 18 39619 50 39781 18 39875 50 40038 17 40130 51 40294 16 40386 51 40552 1 40556 9 40642 50 40897 51 41153 50 41408 51 41664 50 41738 3 41921 48 41993 5 42059 2 42128 3 42177 48 42249 5 42314 4 42382 6 42434 47 42505 5 42569 5 42638 6 42692 45 42761 5 42824 6 42893 7 42951 42 43018 3 43080 6 43132 12 43149 7 43208 40 43336 6 43387 15 43405 7 43465 39 43593 4 43642 25 43721 39 43850 2 43898 24 43977 39 44154 24 44232 40 44305 8 44410 24 44488 40 44558 14 44666 25 44743 41 44812 18 44922 26 44999 40 45068 18 45178 27 45255 40 45323 20 45435 26 45511 39 45579 21 45691 26 45767 38 45835 22 45947 26 46023 21 46046 8 46092 22 46203 27 46279 20 46303 6 46348 22 46458 28 46536 18 46559 6 46604 22 46714 28 46792 18 46816 4 46861 21 46969 29 47049 16 47117 21 47224 31 47311 9 47373 21 47480 31 47572 3 47629 21 47735 32 47886 19 47991 31 48143 18 48247 31 48401 16 48503 30 48658 5 48668 5 48759 29 48924 6 49015 27 49180 6 49271 23 49436 6 49527 18 49692 6 49784 16 49948 6 50041 15 50205 3 50298 13 50555 12 50812 10 51070 7 52829 1 53084 3 53339 4 53595 3 53851 2 55615 2 55635 9 55869 6 55887 16 56125 7 56142 18 56380 9 56394 22 56635 38 56890 39 57144 42 57399 45 57651 50 57904 53 58160 53 58416 52 58671 53 58927 53 59182 53 59438 52 59693 52 59949 53 60205 6 60212 46 60461 4 60468 47 60723 52 60979 55 61235 55 61491 55 61747 55 62003 55 62259 54 62515 53 62771 53 63027 52 63283 51 63541 30 63575 14 63799 5 63809 12 63838 6 64067 5 65093 2
435772,0 211 215 3 234 11 250 5 256 81 339 127 472 2 490 9 507 2 512 220 744 13 760 7 768 224 998 25 1024 226 1253 26 1280 255 1536 255 1792 255 2048 255 2304 255 2560 255 2816 501 3321 6 3328 171 3504 51 3556 16 3578 5 3584 170 3762 48 3815 12 3836 3 3840 169 4019 46 4072 10 4093 2 4096 167 4276 45 4329 8 4352 158 4515 3 4533 44 4586 7 4608 157 4790 42 4843 5 4864 157 5047 41 5102 1 5120 157 5304 40 5376 157 5560 41 5632 157 5816 46 5864 4 5871 1 5886 1 5888 157 6072 58 6141 2 6144 158 6324 2 6327 60 6395 4 6400 159 6571 73 6650 5 6656 165 6825 86 6912 158 7072 95 7168 156 7328 95 7424 154 7584 95 7680 153 7840 95 7936 152 8096 88 8185 6 8192 151 8353 85 8441 6 8448 143 8595 4 8609 66 8677 17 8697 6 8704 141 8852 2 8865 65 8935 16 8953 6 8960 140 9121 64 9192 15 9216 139 9377 64 9448 15 9472 138 9633 63 9705 12 9728 136 9888 64 9960 13 9984 103 10089 31 10144 65 10216 13 10240 103 10351 5 10362 14 10387 1 10399 66 10471 15 10496 103 10619 14 10640 4 10655 66 10726 17 10752 104 10875 15 10895 5 10910 68 10981 19 11008 105 11131 25 11165 98 11264 108 11387 25 11421 98 11520 109 11643 26 11676 99 11776 110 11899 26 11932 211 12148 1 12156 20 12177 3 12187 219 12412 18 12443 100 12544 119 12669 16 12699 36 12739 60 12800 119 12925 15 12954 16 12975 16 12996 53 13050 5 13056 120 13182 10 13194 2 13211 14 13232 14 13253 51 13306 5 13312 122 13438 8 13450 1 13467 13 13489 12 13511 49 13562 3 13568 123 13694 7 13724 12 13747 10 13768 47 13819 2 13824 124 13950 6 13980 12 14003 9 14025 46 14080 125 14207 2 14218 1 14236 11 14261 7 14281 46 14336 129 14474 2 14492 11 14519 5 14537 46 14592 129 14724 1 14730 3 14748 12 14776 4 14791 51 14848 129 14979 5 14986 3 15000 16 15030 7 15045 54 15104 144 15255 17 15285 8 15300 56 15360 147 15508 16 15525 3 15541 10 15554 59 15616 167 15797 73 15872 162 16035 3 16052 28 16081 46 16128 158 16288 2 16291 3 16308 28 16338 45 16384 161 16547 3 16563 28 16595 43 16640 46 16687 109 16799 6 16819 28 16852 33 16888 5 16896 45 16944 107 17056 5 17075 26 17108 33 17144 3 17152 44 17201 104 17312 4 17332 25 17365 31 17400 2 17408 44 17457 103 17570 2 17591 9 17602 11 17621 30 17664 44 17715 101 17847 8 17858 11 17878 28 17920 43 17971 100 18104 4 18116 8 18135 27 18176 42 18227 99 18360 3 18376 4 18392 24 18432 42 18484 82 18569 13 18617 2 18632 4 18648 24 18688 41 18740 80 18827 11 18873 1 18889 6 18904 24 18944 41 18993 83 19083 11 19145 6 19160 24 19200 42 19249 83 19340 11 19385 1 19400 8 19416 26 19456 43 19504 84 19596 11 19640 3 19656 8 19672 28 19712 44 19757 88 19852 12 19892 8 19911 12 19927 29 19968 133 20108 12 20132 4 20148 9 20166 46 20224 134 20364 12 20386 8 20403 12 20421 47 20480 134 20619 13 20641 10 20659 14 20676 48 20736 134 20875 13 20896 11 20914 66 20992 134 21131 13 21152 12 21169 67 21248 134 21388 11 21408 12 21425 67 21504 134 21645 9 21663 13 21681 33 21719 29 21757 2 21760 134 21903 7 21919 14 21937 31 21976 28 22013 2 22016 134 22161 4 22175 14 22193 30 22233 27 22269 2 22272 46 22319 87 22418 3 22431 15 22447 32 22491 24 22526 1 22528 42 22576 86 22675 1 22686 49 22748 23 22784 24 22812 13 22835 83 22941 50 23004 23 23040 23 23069 11 23094 80 23187 1 23196 51 23261 22 23296 22 23327 8 23350 80 23440 5 23451 52 23517 22 23552 22 23584 4 23604 81 23694 65 23772 24 23808 21 23841 1 23859 81 23949 66 24027 27 24064 22 24114 83 24205 67 24282 28 24320 22 24370 83 24460 69 24536 31 24576 24 24625 84 24716 70 24791 33 24832 26 24879 86 24972 72 25045 35 25088 34 25134 87 25227 115 25344 36 25388 90 25482 117 25600 40 25641 214 25856 255 26112 248 26364 1 26368 210 26581 34 26624 209 26838 32 26880 209 27095 30 27136 208 27352 28 27392 208 27610 7 27621 14 27648 207 27870 2 27877 1 27879 12 27904 206 28142 4 28160 206 28416 205 28672 204 28928 204 29145 3 29184 203 29400 4 29440 203 29654 7 29664 2 29692 1 29696 204 29908 15 29947 3 29952 205 30163 16 30202 5 30208 206 30419 17 30459 4 30464 207 30674 18 30715 4 30720 207 30929 18 30976 227 31232 227 31488 227 31744 226 32000 226 32256 226 32512 225 32768 225 33024 225 33280 225 33536 226 33779 8 33792 226 34034 12 34048 227 34284 2 34289 14 34304 229 34537 6 34544 15 34560 255 34816 255 35072 203 35277 24 35304 23 35328 202 35533 24 35562 21 35584 202 35790 22 35819 20 35840 202 36045 22 36076 19 36096 104 36202 96 36300 22 36334 17 36352 103 36459 119 36590 17 36608 103 36716 117 36846 17 36864 103 36972 116 37102 17 37120 105 37227 117 37358 15 37376 223 37616 12 37632 223 37873 7 37888 224 38129 4 38144 226 38385 3 38400 227 38641 4 38656 229 38897 7 38912 236 39153 10 39168 237 39408 12 39424 202 39629 32 39663 12 39680 200 39887 27 39920 10 39936 182 40119 16 40144 26 40176 10 40192 182 40377 13 40401 25 40433 9 40448 162 40611 19 40635 9 40658 23 40687 1 40689 3 40694 5 40704 160 40867 19 40896 1 40914 24 40950 7 40960 157 41123 19 41171 23 41206 9 41216 92 41312 60 41380 18 41427 25 41462 9 41472 90 41569 59 41637 19 41683 26 41718 9 41728 90 41827 57 41893 21 41939 27 41974 9 41984 90 42083 57 42149 22 42195 27 42230 9 42240 92 42339 56 42406 23 42451 27 42487 8 42496 94 42595 56 42662 24 42706 26 42733 2 42743 1 42745 6 42752 155 42918 30 42962 22 42993 1 42995 1 43002 5 43008 155 43174 32 43217 23 43250 6 43258 5 43264 155 43431 33 43472 25 43505 14 43520 154 43687 35 43727 27 43760 15 43776 154 43943 66 44017 11 44032 153 44200 66 44273 12 44288 152 44456 66 44528 12 44544 150 44712 67 44784 12 44800 150 44968 83 45056 149 45224 83 45312 149 45479 83 45568 147 45734 84 45824 146 45989 85 46080 146 46244 85 46336 146 46499 87 46592 146 46755 88 46848 146 47010 91 47104 145 47266 93 47360 145 47520 95 47616 145 47775 96 47872 145 48030 97 48128 144 48285 98 48384 144 48540 99 48640 144 48796 229 49027 11 49051 229 49284 9 49307 230 49540 2 49543 5 49563 230 49796 2 49800 1 49818 232 50073 236 50328 238 50579 1 50582 240 50831 251 51086 253 51340 2808 54150 253 54407 252 54663 253 54918 4760 59680 253 59937 252 60193 251 60449 252 60705 251 60963 249 61220 249 61477 248 61734 247 61991 246 62247 246 62503 247 62759 247 63015 248 63271 249 63527 250 63783 251 64039 253 64295 512 64808 254 65068 249 65325 211
000039,0 65536
252446,0 687 689 254 945 1 949 1 953 1 955 8 964 2 969 233 1204 18 1225 233 1459 1294 2754 2 2757 1 2759 250 3015 228 3247 18 3271 227 3505 17 3527 226 3761 17 3783 225 4016 248 4271 248 4527 248 4781 250 5035 253 5289 3572 8867 250 9123 250 9379 250 9635 250 9891 250 10147 251 10402 252 10657 15710 26368 255 26624 255 26880 255 27136 255 27392 255 27648 255 27904 255 28160 255 28416 255 28672 255 28928 255 29184 255 29440 255 29696 255 29952 255 30208 255 30464 255 30720 255 30976 255 31232 255 31488 255 31744 255 32000 255 32256 255 32512 255 32768 6143 38912 255 39168 255 39424 255 39680 255 39936 510 40448 252 40704 250 40960 247 41216 245 41472 6 41479 236 41728 3 41733 236 41984 5 41995 227 42240 4 42247 229 42496 3 42505 3 42511 219 42753 3 42757 6 42766 217 43008 229 43264 227 43520 208 43729 16 43776 206 43988 11 44032 3 44037 197 44244 8 44288 201 44499 7 44544 198 44745 1 44753 6 44800 198 45000 1 45007 6 45056 190 45248 8 45261 6 45312 189 45515 6 45568 188 45768 6 45824 183 46022 6 46080 182 46277 5 46336 182 46531 5 46592 181 46785 1 46788 1 46848 181 47042 1 47104 182 47295 2 47360 183 47545 2 47550 1 47616 188 47872 186 48128 184 48384 181 48640 179 48896 177 49152 175 49408 173 49664 170 49920 168 50176 165 50432 163 50688 161 50944 159 51200 157 51456 155 51712 152 51968 150 52224 147 52480 145 52736 143 52992 141 53248 139 53504 136 53760 134 54016 132 54272 129 54528 127 54784 24 54809 100 55040 123 55296 120 55552 118 55808 115 56064 113 56320 111 56576 109 56832 107 57088 105 57344 102 57600 100 57856 97 58112 95 58368 93 58624 91 58880 89 59136 86 59392 84 59648 82 59904 79 60160 77 60416 75 60672 73 60928 70 61184 68 61440 66 61696 63 61952 61 62208 59 62464 57 62720 55 62976 52 63232 50 63488 47 63744 45 64000 43 64256 41 64512 39 64768 36 65024 34 65280 32
799155,0 33066 33071 249 33328 248 33584 249 33840 249 34095 251 34351 252 34606 30791 65398 138
980103,0 1260 1262 252 1515 246 1762 2769 4533 253 4789 253 5045 252 5300 253 5554 23499 29054 775 29831 252 30084 271 30357 2029 32387 6710 39099 6950 46053 251 46309 251 46566 250 46823 249 47079 250 47335 250 47592 250 47848 252 48104 252 48357 1 48360 252 48616 34 48652 217 48872 34 48909 217 49128 33 49166 216 49384 24 49409 8 49422 243 49666 7 49678 252 49934 252 50190 217 50409 33 50445 217 50665 34 50701 217 50922 252 51179 251 51435 251 51692 250 51948 250 52204 250 52459 251 52715 252 52970 5324 58295 2046 60342 2567 62911 2625
797883,0 56831 56832 255 57088 255 57344 255 57600 255 57856 255 58112 255 58368 255 58624 255 58880 255 59136 6400
623676,0 226 227 255 483 1277 1762 5645 7408 253 7665 251 7922 250 8178 249 8434 249 8690 249 8945 251 9201 251 9456 2063 11520 255 11776 255 12032 255 12288 767 13056 255 13312 255 13568 255 13824 255 14080 255 14336 255 14592 255 14848 1678 16527 252 16783 251 17040 250 17296 249 17552 92 17645 155 17808 92 17901 155 18063 25 18095 60 18157 155 18319 24 18352 60 18413 155 18574 25 18608 246 18864 245 19119 245 19375 225 19605 15 19630 226 19864 5 19873 1 19875 1 19885 228 20138 232 20387 239 20642 241 20896 244 21152 247 21406 58 21466 192 21659 61 21724 251 21981 250 22238 248 22495 32 22528 215 22753 30 22784 215 23010 29 23040 216 23268 27 23296 217 23524 27 23552 218 23780 27 23808 220 24036 27 24064 223 24293 26 24320 228 24555 20 24576 228 24813 18 24832 229 25069 18 25088 230 25327 16 25344 230 25584 15 25600 230 25840 15 25856 229 26097 14 26112 229 26353 14 26368 229 26605 1 26607 16 26624 230 26861 18 26880 228 27109 1 27116 19 27136 231 27371 20 27392 232 27625 1 27627 20 27648 255 27904 255 28160 255 28416 255 28672 255 28928 255 29184 255 29440 255 29696 182 29883 68 29952 181 30140 67 30208 180 30399 64 30464 180 30657 62 30720 180 30914 61 30976 181 31171 60 31232 181 31427 60 31488 182 31681 62 31744 182 31936 63 32000 183 32190 65 32256 183 32444 48 32495 16 32512 238 32751 3 32756 11 32768 255 33024 12768 45793 254 46051 252 46307 253 46564 252 46820 27 46848 226 47076 2536 49617 250 49873 249 50129 249 50384 250 50639 252 50893 211 51112 248 51379 237 51637 235 51895 233 52154 230 52410 69 52480 160 52666 69 52736 160 52903 5 52922 69 52992 160 53157 8 53178 69 53248 161 53412 11 53434 36 53472 31 53504 176 53689 31 53722 4 53730 29 53760 178 53943 31 53981 2 53988 27 54016 212 54240 1 54245 26 54272 202 54476 7 54497 1 54502 25 54528 201 54732 7 54759 24 54784 202 54987 9 55021 18 55040 212 55279 230 55536 232 55792 237 56048 240 56290 4 56304 248 56559 16 56576 234 56814 17 56832 147 56980 107 57088 145 57239 99 57339 4 57344 144 57496 98 57595 4 57600 142 57751 99 57851 4 57856 140 58006 100 58107 4 58112 140 58262 100 58363 4 58368 140 58517 106 58624 142 58771 107 58880 255 59136 255 59392 255 59648 255 59904 255 60160 255 60416 255 60672 255 60928 255 61184 255 61440 207 61648 47 61696 255 61952 255 62208 255 62464 255 62720 268 62992 252 63248 251 63505 250 63761 250 64018 250 64274 250 64531 249 64788 248 65044 247 65302 125 65431 27 65459 77
567096,0 65536
000083,0 65536
106940,0 65536
000087,0 65536
677723,0 65536
000013,199 5 455 5 712 4 6537 3 6792 6 7046 9 7301 11 7556 12 7811 13 8066 14 8322 14 8578 14 8835 12 9092 4 9873 2 9907 2 10128 4 10162 4 10384 5 10417 6 10623 10 10639 5 10672 7 10877 13 10895 5 10927 9 11132 24 11182 11 11388 24 11437 13 11456 7 11644 24 11692 17 11710 11 11900 25 11947 31 12157 25 12202 32 12414 24 12458 32 12670 25 12713 32 12926 25 12969 31 13182 24 13224 31 13438 23 13480 30 13694 23 13735 31 13949 23 13991 31 14204 23 14248 30 14459 23 14504 30 14715 23 14760 31 14970 23 15015 32 15225 24 15271 33 15481 23 15527 18 15547 14 15736 23 15782 18 15803 15 15992 22 16038 17 16059 22 16248 21 16294 17 16316 22 16503 21 16550 16 16572 24 16759 20 16806 16 16829 28 17015 19 17062 16 17085 30 17272 16 17319 15 17342 30 17529 15 17576 14 17598 31 17786 13 17832 15 17854 31 18043 11 18088 15 18109 33 18302 3 18345 15 18365 33 18602 13 18621 33 18860 7 18869 1 18877 33 19133 33 19385 37 19640 39 19895 40 20150 41 20406 41 20662 41 20918 40 21175 39 21431 38 21687 38 21944 36 22200 35 22455 36 22710 37 22966 36 23221 37 23477 36 23733 36 23989 35 24244 35 24500 34 24756 33 25012 32 25268 31 25524 31 25780 31 26036 32 26293 32 26550 32 26807 31 27064 6 27074 20 27322 2 27331 19 27588 18 27845 18 28102 17 28359 17 28616 16 28873 15 29130 14 29387 13 29644 12 29902 9 30159 6
191621,0 65536
000055,0 65536
614290,15354 6 15607 9 15860 12 16111 17 16365 19 16617 23 16870 26 17123 29 17375 33 17627 37 17880 40 18131 45 18384 48 18636 52 18889 55 19141 59 19393 63 19646 66 19900 68 20153 71 20404 76 20656 80 20910 82 21161 87 21414 90 21666 94 21919 97 22172 100 22424 104 22677 107 22929 111 23181 115 23434 118 23686 122 23939 125 24191 129 24444 132 24695 137 24948 140 25201 143 25454 146 25705 151 25959 153 26211 157 26463 161 26715 165 26968 168 27221 171 27474 174 27725 179 27978 182 28231 185 28484 188 28737 191 28989 195 29242 198 29494 202 29746 206 29999 209 30251 213 30503 217 30755 221 31008 224 31260 228 31513 231 31765 235 32018 238 32271 241 32523 245 32775 249 33028 7074 40103 255 40359 25177
000095,0 65536
489967,0 65536
830714,0 65536
609763,0 65536
982804,0 65536
000038,68 188 325 187 584 3 603 165 866 3 873 151 1123 2 1129 151 1302 1 1350 5 1373 2 1378 158 1558 2 1606 10 1629 163 1814 3 1862 11 1885 163 2071 1 2118 8 2141 163 2376 4 2398 162 2653 163 2909 163 3165 35 3201 127 3421 31 3458 126 3677 30 3716 124 3934 28 3973 4 3978 118 4191 27 4235 117 4449 26 4491 117 4712 19 4747 117 4970 17 5003 117 5229 14 5259 117 5486 13 5516 116 5742 12 5772 116 5999 7 6028 116 6255 7 6284 116 6512 6 6525 2 6540 116 6768 7 6781 2 6796 116 7025 6 7037 1 7052 116 7282 5 7308 116 7539 4 7563 117 7796 2 7817 119 8072 120 8327 121 8582 122 8838 122 9094 122 9350 122 9606 122 9805 2 9863 121 10052 2 10061 3 10119 121 10308 4 10318 1 10375 121 10564 4 10632 8 10641 111 10820 4 10888 6 10901 14 10917 91 11077 2 11146 1 11161 9 11176 2 11181 1 11183 81 11418 8 11446 74 11675 6 11702 74 11931 6 11957 75 12187 6 12197 2 12207 1 12213 75 12443 5 12452 3 12463 2 12469 75 12699 2 12708 4 12719 1 12724 76 12956 1 12964 3 12980 76 13221 2 13236 76 13477 2 13492 76 13748 24 13777 47 14004 22 14033 47 14262 20 14289 47 14519 18 14545 47 14776 11 14789 4 14801 20 14823 25 15032 10 15057 20 15079 25 15287 11 15313 47 15543 11 15569 47 15799 11 15825 47 16052 1 16054 12 16080 48 16308 14 16336 48 16565 12 16593 47 16824 8 16850 1 16855 41 17081 4 17112 40 17338 2 17368 40 17624 40 17880 40 18136 4 18142 34 18391 4 18399 33 18647 4 18655 33 18903 5 18912 2 18923 21 19160 4 19181 19 19437 18 19694 14 19710 1 19951 13 20207 15 20462 17 20718 17 20974 17 21230 17 21488 15 21745 14 22002 10 22013 2 22261 7 22518 6 22774 7 23030 9 23287 8 23543 8 23799 8 24056 8 24312 8 24569 7 24826 5 25085 2 25839 2 27297 4 27552 6 27808 6 28054 17 28310 18 28566 19 28822 19 29078 20 29334 20 29590 20 29846 20 30101 20 30141 2 30356 21 30397 3 30604 2 30612 21 30653 4 30859 5 30867 22 30909 4 31114 31 31165 5 31370 32 31421 5 31626 32 31676 6 31879 12 31895 12 31910 4 31931 7 32135 5 32143 4 32153 9 32167 3 32186 8 32390 5 32400 3 32412 6 32423 3 32441 9 32646 6 32657 1 32669 5 32679 2 32696 9 32902 7 32913 1 32926 4 32952 10 33158 7 33183 1 33208 10 33414 8 33442 3 33464 11 33670 9 33698 6 33720 12 33926 9 33954 7 33975 13 34181 10 34210 9 34229 16 34436 11 34466 10 34484 18 34688 1 34692 11 34726 6 34739 19 34943 4 34948 11 34982 6 34995 19 35199 4 35204 10 35238 7 35249 21 35455 3 35461 8 35493 8 35505 21 35749 29 36004 29 36260 29 36515 30 36771 30 36844 2 37030 27 37099 4 37288 24 37356 2 37545 22 37802 18 38065 9 38322 7 38578 5 38912 3 39168 4 39424 4 39680 4 39936 3 40589 2 40844 5 41100 6 41356 9 41611 11 41862 17 42117 20 42371 24 42626 25 42882 26 43005 2 43138 26 43261 2 43394 26 43445 3 43517 2 43650 26 43701 4 43774 1 43904 6 43911 20 43956 6 44030 1 44159 6 44171 3 44180 6 44212 6 44286 1 44415 6 44437 4 44468 6 44542 1 44671 6 44694 3 44724 6 44928 5 44950 2 44981 5 45184 5 45237 5 45440 5 45493 5 45697 3 45751 3 46007 4 46264 3 46521 1 46544 1 46581 3 46797 4 46809 4 46835 6 46974 2 47052 4 47065 5 47090 9 47230 2 47308 4 47321 5 47346 9 47486 1 47565 1 47578 4 47602 9 47739 1 47810 2 47835 3 47859 1 47863 4 48057 2 48065 4 48092 2 48121 2 48312 4 48321 4 48348 4 48365 3 48568 4 48576 6 48604 6 48621 3 48823 6 48831 8 48860 7 48876 4 49078 18 49116 8 49126 5 49132 4 49334 19 49372 7 49381 10 49590 19 49628 7 49638 7 49848 17 49883 6 49894 5 50114 6 50139 5 50151 4 50166 2 50395 4 50408 2 50422 2 50651 4 50679 1 50908 2 50935 1 51106 4 51117 3 51361 6 51372 5 51617 8 51627 6 51640 2 51873 16 51894 5 51966 1 52129 15 52149 6 52221 2 52385 15 52404 7 52477 2 52637 20 52659 9 52731 4 52892 32 52987 4 53148 33 53243 4 53404 33 53498 6 53661 5 53670 23 53754 6 53917 8 53926 23 54010 6 54173 31 54266 6 54431 28 54522 6 54688 26 54770 3 54778 6 54945 24 55024 7 55034 5 55203 20 55280 15 55459 15 55475 4 55536 15 55715 14 55732 4 55791 16 55971 13 55989 3 56046 17 56228 12 56245 3 56302 17 56484 11 56502 1 56558 18 56740 11 56814 18 56996 1 57000 8 57070 18 57259 3 57263 2 57326 18 57520 3 57582 9 57594 6 57776 3 57837 10 57851 5 58032 4 58092 11 58109 3 58289 2 58347 12 58365 2 58545 2 58603 12 58621 2 58858 13 58873 6 59115 11 59128 7 59371 10 59385 6 59627 9 59641 6 59884 8 59898 5 60140 7 60155 4 60396 7 60413 2 60652 7 60669 2 60888 3 60909 6 60926 1 61144 4 61165 7 61182 1 61356 3 61393 2 61399 6 61421 7 61438 1 61557 7 61610 10 61647 15 61677 7 61694 1 61813 8 61864 13 61895 5 61903 16 61932 8 61949 2 62069 9 62083 1 62114 4 62119 15 62151 6 62158 18 62188 9 62201 3 62205 2 62325 8 62339 2 62371 19 62406 27 62444 9 62456 4 62582 5 62630 16 62662 27 62700 9 62712 4 62886 15 62919 26 62957 8 62968 4 63142 15 63174 27 63212 9 63225 2 63354 3 63369 1 63374 2 63398 15 63428 23 63452 5 63467 10 63610 4 63617 1 63623 9 63654 15 63684 24 63723 11 63866 9 63879 10 63910 16 63939 25 63979 11 63997 2 64123 9 64135 10 64167 16 64195 26 64235 11 64253 2 64380 3 64384 3 64391 10 64423 18 64451 26 64491 11 64509 3 64648 7 64679 19 64708 25 64747 10 64765 3 64905 5 64935 19 64964 24 65003 10 65021 2 65162 3 65192 18 65221 4 65230 13 65261 4 65278 1
470274,0 76 77 253 336 248 592 246 848 246 1104 246 1360 245 1617 244 1872 245 2128 245 2383 247 2636 251 2891 5498 8392 252 8648 252 8904 252 9160 252 9416 252 9672 252 9925 1021 10947 255 11204 254 11460 254 11716 254 11971 1363 13336 254 13591 981 14576 251 14833 250 15090 249 15346 249 15601 251 15857 253 16111 395 16507 253 16764 251 17020 251 17276 252 17531 1577 19109 5 19115 249 19366 3 19371 247 19623 2 19628 247 19880 2 19884 247 20140 247 20396 246 20652 244 20908 244 21164 244 21420 244 21676 244 21931 245 22187 246 22443 246 22698 248 22952 252 23207 2335 25543 253 25799 4081 29884 251 30140 251 30396 251 30652 251 30908 250 31164 250 31421 250 31677 250 31934 249 32191 247 32447 247 32703 247 32959 247 33216 246 33472 246 33728 247 33984 248 34240 249 34496 250 34752 252 35008 254 35264 2241 37508 250 37759 3 37764 247 38017 1 38020 245 38275 246 38531 246 38787 246 39043 246 39300 245 39556 246 39812 246 40068 246 40324 246 40580 245 40836 245 41092 246 41348 246 41604 246 41860 245 42116 245 42371 246 42628 42 42671 202 42883 43 42928 201 43140 245 43396 245 43652 245 43909 244 44165 245 44421 245 44677 246 44933 221 45156 23 45189 217 45413 23 45445 215 45670 22 45701 215 45926 23 45957 214 46182 24 46213 213 46436 26 46468 214 46692 30 46723 217 46946 136 47083 114 47201 133 47340 113 47456 134 47596 112 47710 136 47852 112 47966 136 48108 113 48222 136 48364 250 48619 251 48875 187 49063 63 49131 252 49386 7372 56760 253 57017 250 57275 247 57529 248 57784 247 58038 248 58293 249 58548 251 58801 6735
243578,29181 3 29433 7 29687 9 29939 13 30193 15 30445 19 30699 21 30951 25 31205 27 31457 31 31711 33 31964 36 32218 38 32470 42 32724 44 32976 48 33230 50 33482 54 33736 56 33988 60 34242 62 34494 66 34748 68 35001 71 35254 74 35507 77 35760 80 36013 83 36266 86 36519 89 36772 92 37025 95 37278 98 37531 101 37784 104 38037 107 38290 110 38543 113 38796 116 39049 119 39303 121 39555 125 39809 127 40061 131 40315 133 40567 137 40821 139 41073 143 41327 145 41579 149 41833 151 42085 155 42339 157 42591 161 42846 162 43098 166 43352 168 43605 171 43858 174 44110 178 44364 180 44616 184 44870 186 45122 190 45376 192 45628 196 45882 198 46134 202 46388 204 46641 207 46894 210 47147 213 47400 216 47653 219 47906 222 48159 225 48412 228 48665 231 48918 234 49171 237 49424 240 49677 243 49930 246 50183 249 50437 251 50689 14847
000003,0 65536
295041,0 18776 18777 46759
000079,28 57 284 58 541 57 797 59 1053 60 1309 62 1566 61 1823 60 2080 59 2336 58 2592 57 2848 56 3104 55 3328 9 3361 9 3373 42 3584 10 3619 5 3629 41 3840 11 3885 39 4096 12 4113 5 4119 5 4141 37 4352 30 4398 35 4608 31 4654 34 4864 39 4911 33 5120 42 5167 32 5376 44 5424 23 5450 4 5632 45 5684 16 5888 46 5941 14 6144 46 6198 13 6400 46 6455 13 6656 47 6711 14 6912 47 6967 14 7168 47 7224 13 7424 47 7480 13 7680 48 7737 11 7936 49 7994 9 8192 50 8251 7 8448 54 8704 55 8960 55 9216 55 9472 55 9728 54 9984 52 10240 50 10496 49 10752 47 11008 46 11264 45 11520 45 11776 44 12032 44 12288 44 12544 43 12800 42 13057 41 13313 41 13569 41 13824 43 14080 44 14336 45 14592 46 14848 46 15104 46 15360 46 15616 46 15872 45 16128 10 16140 14 16155 18 16384 9 16397 12 16411 18 16640 8 16654 10 16668 17 16896 7 16912 8 16923 18 17152 5 17169 28 17408 3 17426 27 17683 26 17939 26 18195 26 18451 26 18707 25 18963 22 19201 1 19219 20 19456 9 19476 18 19712 11 19734 9 19968 12 19991 7 20224 16 20480 18 20736 19 20992 20 21248 20 21504 21 21760 22 22016 23 22272 24 22528 25 22784 25 23040 25 23296 26 23552 27 23808 27 24064 28 24320 29 24576 30 24803 2 24832 30 25059 5 25088 30 25314 8 25344 31 25570 9 25600 31 25655 11 25827 8 25856 31 25908 16 26083 8 26112 32 26153 27 26340 8 26368 33 26408 28 26597 7 26624 36 26661 31 26854 5 26880 68 27112 3 27136 68 27392 68 27648 68 27904 68 28073 7 28160 69 28328 9 28416 70 28574 5 28583 10 28672 71 28829 21 28928 71 29085 21 29184 71 29341 21 29440 71 29596 22 29696 71 29851 23 29952 72 30106 24 30208 73 30361 25 30464 73 30617 26 30720 73 30873 26 30976 72 31130 26 31232 65 31300 2 31386 28 31488 64 31642 28 31744 64 31898 29 31931 6 32000 65 32155 40 32256 41 32299 22 32418 38 32512 39 32556 21 32674 39 32768 39 32813 20 32930 39 33024 38 33071 17 33185 40 33280 38 33329 15 33440 42 33536 37 33591 8 33695 44 33792 36 33847 7 33951 45 34048 34 34104 5 34207 45 34304 25 34361 3 34462 46 34560 24 34597 5 34718 46 34816 24 34850 9 34974 46 35072 24 35104 11 35229 47 35328 25 35358 13 35485 47 35584 43 35741 46 35840 42 35997 46 36096 42 36253 46 36352 42 36510 45 36608 42 36766 45 36864 41 37022 44 37120 41 37278 44 37376 40 37534 43 37632 40 37790 43 37888 39 38046 43 38144 36 38303 41 38401 30 38559 40 38614 4 38660 10 38672 12 38795 4 38816 39 38868 8 38920 1 38930 7 39050 6 39072 39 39123 10 39305 8 39328 39 39379 10 39561 8 39584 40 39634 11 39817 8 39839 43 39889 11 40072 9 40096 45 40144 11 40327 10 40352 59 40583 10 40608 58 40838 11 40865 56 41094 11 41121 47 41169 7 41350 11 41378 45 41426 4 41606 12 41634 44 41693 4 41863 12 41891 42 41947 8 42119 12 42147 40 42202 9 42375 13 42404 38 42457 10 42632 12 42662 36 42713 11 42888 12 42920 33 42968 11 43145 11 43177 30 43224 11 43401 11 43433 29 43480 10 43657 11 43689 28 43736 8 43913 12 43945 26 43993 6 44169 12 44201 22 44250 4 44390 4 44425 12 44457 21 44645 6 44681 13 44713 21 44900 7 44937 13 44970 20 45156 12 45194 12 45226 19 45412 13 45451 12 45483 17 45669 12 45707 12 45741 13 45927 10 45963 13 45998 10 46183 9 46219 14 46255 8 46440 7 46475 13 46512 6 46696 6 46731 13 46952 5 46987 12 47244 11 47500 10 47756 10 48012 10 48268 10 48524 9 48781 8 49038 6 49076 2 49330 6 49563 3 49584 9 49817 11 49839 11 50072 13 50093 14 50326 15 50348 15 50580 17 50601 19 50763 4 50835 19 50856 20 51018 6 51091 41 51273 8 51347 41 51529 8 51602 41 51785 8 51858 39 52040 10 52114 37 52296 10 52370 37 52552 10 52626 36 52808 11 52882 36 53065 10 53139 35 53321 10 53395 35 53577 11 53650 37 53833 11 53907 36 54089 10 54163 36 54345 10 54419 35 54601 9 54676 34 54858 7 54932 34 55115 4 55188 34 55445 32 55703 7 55712 20 55969 17 56225 13 56481 11 56737 9 56994 7 57254 1 64910 3 65165 5 65422 3
614416,0 65536
715702,0 65536
664566,0 65536
126135,0 2882 2887 251 3143 251 3399 252 3655 252 3911 253 4166 1568 5735 250 5991 249 6247 247 6503 246 6760 244 7015 245 7271 245 7527 245 7782 245 8037 246 8292 247 8548 247 8803 250 9057 22 9085 250 9341 250 9597 250 9853 250 10109 249 10364 250 10620 250 10876 250 11132 251 11388 251 11645 250 11901 205 12107 45 12157 205 12364 46 12411 207 12620 27 12648 226 12875 27 12906 221 13129 29 13162 221 13385 29 13419 251 13675 251 13931 252 14187 252 14442 5143 19586 255 19843 254 20100 254 20356 3303 23661 254 23917 402 24320 255 24576 255 24832 255 25088 255 25344 255 25600 53 25656 199 25856 50 25913 1 25915 196 26112 49 26172 195 26368 49 26429 194 26624 48 26685 194 26880 48 26940 195 27136 48 27196 195 27392 48 27452 195 27648 49 27708 195 27904 50 27963 196 28160 51 28219 196 28416 52 28473 198 28672 255 28928 255 29184 255 29440 255 29696 255 29952 255 30208 255 30464 255 30720 255 30976 255 31232 30258 61491 251 61748 250 62004 250 62260 249 62516 249 62772 248 63028 248 63283 248 63538 249 63793 250 64048 253 64303 255 64559 924 65484 52
432339,0 65536
867180,0 65536
000068,0 65536
000023,0 40 107 43 240 57 363 6 370 36 496 57 620 4 627 35 752 58 877 2 883 35 1008 59 1139 35 1215 5 1264 16 1281 43 1395 35 1469 9 1520 16 1539 41 1651 35 1722 12 1777 15 1797 39 1907 36 1975 16 2033 15 2054 38 2164 35 2228 19 2290 14 2311 37 2420 35 2483 20 2546 14 2567 38 2676 35 2738 22 2803 13 2823 38 2933 34 2994 23 3060 12 3078 39 3189 33 3249 24 3317 11 3334 7 3344 30 3446 31 3505 25 3572 4 3580 4 3591 5 3601 29 3702 31 3760 35 3828 5 3836 4 3847 4 3858 28 3959 29 4012 41 4083 13 4115 27 4215 29 4268 47 4339 13 4371 27 4471 29 4524 49 4594 14 4628 26 4727 28 4780 50 4850 14 4885 25 4982 29 5036 58 5107 13 5143 23 5238 28 5292 59 5363 13 5401 22 5494 27 5548 60 5619 13 5658 21 5750 27 5803 62 5875 13 5915 20 6006 26 6059 63 6131 13 6180 12 6262 25 6314 65 6388 12 6438 10 6517 25 6570 66 6644 12 6695 9 6773 24 6826 67 6901 11 6953 6 7028 25 7083 66 7156 12 7211 3 7283 27 7339 22 7362 43 7412 12 7539 28 7595 21 7618 43 7668 12 7795 29 7837 4 7851 20 7874 42 7923 13 8051 29 8093 5 8107 20 8130 42 8179 13 8306 30 8349 6 8364 20 8386 42 8435 13 8562 30 8605 6 8623 17 8643 39 8691 13 8818 31 8861 6 8881 15 8901 36 8948 12 9074 31 9117 6 9138 14 9159 33 9204 12 9330 31 9373 5 9395 13 9416 32 9461 11 9586 32 9630 4 9651 13 9673 30 9720 8 9813 4 9842 32 9887 2 9908 12 9930 29 9977 7 10068 6 10099 31 10146 1 10166 10 10187 28 10234 6 10323 8 10359 26 10401 6 10423 8 10443 28 10490 6 10578 13 10615 25 10656 11 10682 2 10699 28 10746 6 10833 16 10872 22 10912 12 10954 29 11003 5 11088 21 11128 21 11168 14 11210 30 11260 4 11285 1 11343 25 11390 14 11424 18 11466 30 11517 3 11540 3 11597 29 11653 6 11680 20 11722 31 11796 3 11852 31 11936 21 11979 30 12053 2 12108 32 12192 22 12235 29 12269 5 12364 33 12448 23 12491 29 12524 7 12620 35 12704 23 12748 27 12779 9 12876 38 12960 23 13005 22 13034 10 13134 38 13215 24 13263 17 13290 11 13390 38 13470 25 13546 11 13646 39 13725 26 13802 12 13902 39 13980 26 14044 2 14058 12 14157 40 14235 27 14299 5 14314 12 14413 40 14487 31 14554 8 14570 12 14668 40 14741 33 14808 12 14826 12 14924 40 14996 34 15062 15 15081 13 15180 40 15251 35 15317 33 15435 40 15507 35 15572 34 15690 39 15762 36 15827 36 15946 38 16017 36 16083 37 16202 38 16272 31 16340 36 16458 38 16528 31 16596 36 16714 39 16783 32 16853 35 16933 3 16971 38 17039 32 17110 34 17187 8 17227 38 17295 34 17368 32 17442 11 17482 39 17551 37 17625 30 17697 13 17738 39 17807 42 17882 23 17952 14 17994 38 18064 43 18140 20 18208 14 18250 38 18320 45 18397 19 18463 16 18507 38 18576 46 18655 17 18718 17 18739 5 18763 38 18832 47 18911 17 18974 17 18993 9 19020 41 19088 48 19168 18 19229 31 19276 43 19344 48 19424 21 19485 31 19532 44 19601 47 19652 4 19681 21 19741 32 19788 45 19858 54 19937 21 19997 16 20015 14 20045 19 20066 23 20114 55 20194 20 20253 15 20271 15 20302 17 20325 21 20370 54 20451 19 20508 17 20527 15 20559 15 20583 20 20626 55 20707 19 20764 17 20782 17 20817 11 20840 25 20882 55 20964 18 21020 35 21075 4 21097 25 21138 38 21178 15 21220 17 21241 4 21276 36 21354 24 21395 35 21435 14 21477 14 21495 7 21532 36 21610 23 21650 35 21692 13 21734 11 21751 7 21787 38 21865 24 21905 35 21948 13 21990 11 22006 8 22041 40 22120 20 22141 1 22159 37 22205 12 22245 12 22263 6 22296 41 22376 19 22414 37 22461 12 22501 12 22519 5 22551 42 22632 18 22669 38 22709 1 22716 13 22756 14 22806 43 22888 18 22924 45 22972 12 23012 15 23061 20 23090 16 23144 10 23157 4 23179 47 23228 12 23268 16 23317 19 23346 16 23400 9 23433 50 23485 10 23522 19 23572 20 23602 16 23657 7 23688 51 23742 6 23772 26 23828 21 23857 17 23914 5 23944 50 24027 27 24084 21 24112 18 24200 50 24282 28 24341 19 24368 18 24457 49 24538 28 24597 19 24625 16 24713 49 24794 27 24854 17 24881 16 24970 9 24983 35 25049 28 25112 14 25137 15 25228 4 25240 34 25305 28 25369 12 25394 13 25474 3 25497 33 25560 31 25628 9 25651 9 25728 6 25755 31 25816 32 25887 4 25907 7 25982 9 26013 28 26072 33 26164 5 26237 10 26271 3 26278 19 26328 35 26421 3 26491 11 26536 16 26584 36 26746 12 26771 1 26794 3 26799 8 26841 35 27001 13 27025 5 27059 2 27097 36 27254 15 27280 6 27299 7 27353 36 27503 21 27536 7 27554 10 27610 36 27756 23 27793 6 27810 10 27866 35 28012 22 28050 4 28066 10 28122 35 28268 22 28322 10 28378 34 28474 4 28524 22 28578 10 28635 32 28729 7 28781 22 28835 8 28892 29 28983 10 29039 22 29149 28 29238 11 29296 22 29406 26 29493 12 29553 22 29662 27 29749 12 29809 22 29919 26 30004 12 30065 22 30175 27 30261 9 30314 2 30321 22 30431 27 30518 6 30558 3 30569 29 30687 18 30707 8 30813 6 30824 30 30943 18 30964 6 31057 4 31068 8 31080 29 31198 18 31222 3 31312 8 31323 10 31335 28 31453 19 31568 48 31709 19 31824 47 31965 20 32080 51 32222 20 32336 53 32478 20 32591 58 32736 19 32847 60 32995 16 33103 62 33252 16 33359 63 33509 15 33615 35 33654 26 33696 2 33764 16 33871 33 33910 27 33950 6 34020 16 34128 30 34165 29 34205 7 34275 18 34384 29 34420 31 34461 7 34530 19 34640 28 34676 32 34715 9 34785 21 34895 29 34931 33 34966 14 35040 22 35151 29 35186 49 35296 21 35375 4 35407 28 35442 49 35552 21 35630 6 35663 28 35698 48 35808 20 35876 4 35886 8 35919 27 35954 47 36064 19 36131 6 36142 11 36175 25 36211 46 36320 19 36386 8 36398 13 36432 22 36467 45 36525 1 36576 18 36639 11 36654 14 36689 19 36723 45 36775 11 36798 2 36805 3 36832 18 36893 14 36909 15 36947 15 36980 44 37029 17 37054 3 37060 5 37088 18 37149 31 37213 2 37238 41 37284 19 37312 1 37315 7 37344 17 37405 31 37494 40 37539 21 37570 9 37601 16 37661 30 37750 38 37795 22 37825 11 37857 16 37917 29 38006 37 38050 24 38079 13 38114 14 38173 28 38261 38 38305 43 38354 6 38370 12 38429 26 38517 38 38561 43 38609 8 38628 9 38685 25 38773 38 38817 44 38865 9 38888 4 38941 25 39029 14 39045 23 39073 44 39121 10 39198 24 39285 12 39306 18 39329 45 39376 11 39454 24 39541 11 39562 18 39585 59 39710 24 39798 9 39818 19 39841 60 39966 24 40054 7 40074 18 40097 60 40222 24 40254 8 40330 18 40354 60 40479 24 40508 13 40586 17 40610 60 40736 7 40747 31 40842 16 40867 27 40897 28 40994 3 41004 30 41098 15 41124 25 41155 26 41262 28 41355 14 41382 23 41415 22 41520 26 41612 12 41639 23 41672 20 41720 7 41777 25 41869 11 41896 22 41928 19 41975 9 42033 26 42125 10 42153 22 42183 19 42230 10 42290 25 42382 8 42409 21 42439 19 42485 11 42547 23 42571 4 42639 4 42664 22 42695 18 42740 12 42804 19 42827 4 42919 22 42950 19 42996 12 43061 15 43083 6 43172 20 43206 18 43252 12 43318 14 43338 11 43427 19 43460 20 43508 12 43576 11 43594 12 43682 18 43715 20 43764 12 43833 11 43849 14 43922 3 43938 14 43970 21 44020 12 44090 10 44105 14 44153 4 44177 7 44194 13 44225 21 44276 12 44345 10 44361 15 44408 6 44419 3 44433 10 44450 13 44480 22 44532 12 44600 11 44617 15 44664 15 44688 14 44706 12 44736 22 44788 12 44855 11 44873 15 44919 16 44943 31 44992 22 45044 12 45111 11 45129 15 45174 17 45199 30 45249 21 45300 11 45367 10 45385 15 45430 16 45454 22 45482 2 45506 10 45521 4 45535 2 45557 9 45623 9 45642 13 45685 17 45709 23 45763 4 45778 2 45789 6 45817 1 45879 8 45899 12 45940 17 45965 23 46044 9 46137 4 46155 12 46195 18 46221 23 46299 11 46411 12 46450 18 46478 22 46554 12 46667 12 46706 17 46733 23 46806 16 46924 10 46962 16 46989 23 47061 17 47180 10 47218 15 47245 22 47317 17 47436 8 47474 7 47483 5 47501 22 47573 17 47692 6 47730 6 47756 23 47830 15 47948 4 47986 4 48012 22 48087 14 48268 22 48345 10 48438 4 48524 22 48602 7 48689 10 48780 22 48863 1 48944 12 49037 20 49199 14 49214 7 49249 6 49293 20 49452 27 49504 12 49550 8 49563 4 49631 2 49707 28 49759 14 49807 6 49829 1 49835 3 49887 2 49963 28 50015 15 50065 2 50083 14 50143 2 50219 28 50271 15 50338 29 50475 28 50526 16 50593 32 50731 26 50782 16 50844 37 50988 23 51038 15 51098 40 51250 15 51294 14 51353 40 51507 5 51550 12 51607 42 51807 10 51861 43 52063 9 52116 43 52319 8 52371 44 52576 6 52625 45 52832 5 52880 46 53090 2 53136 45 53392 44 53648 44 53905 42 54161 41 54418 40 54675 38 54933 36 55190 34 55446 33 55703 30 55959 28 56216 25 56472 24 56728 21 56846 4 56874 4 56897 4 56985 18 57101 7 57123 13 57152 7 57241 16 57357 10 57378 14 57407 11 57498 14 57613 12 57632 17 57661 17 57755 11 57869 12 57888 17 57917 19 58015 2 58124 13 58143 21 58173 21 58380 13 58398 23 58429 26 58624 8 58635 13 58654 24 58685 28 58880 23 58910 24 58940 30 59136 21 59165 26 59195 32 59392 12 59405 2 59409 3 59421 28 59451 32 59648 11 59676 63 59833 11 59904 11 59932 63 60085 18 60160 10 60187 63 60339 21 60416 8 60443 63 60594 21 60672 7 60699 63 60849 19 60928 5 60955 63 61104 19 61211 63 61359 19 61467 63 61615 19 61723 62 61871 18 61903 7 61980 61 62127 18 62157 13 62180 2 62237 11 62250 47 62383 17 62410 18 62434 5 62493 9 62508 14 62526 5 62534 18 62639 17 62665 20 62689 6 62749 8 62766 11 62783 2 62791 17 62895 16 62920 32 63005 7 63023 10 63048 16 63151 16 63176 32 63261 6 63280 8 63308 12 63406 17 63432 33 63518 4 63537 5 63565 10 63662 17 63688 33 63823 7 63918 16 63943 34 64081 3 64174 16 64199 35 64430 16 64454 36 64686 15 64709 37 64942 7 64952 5 64965 37 65198 8 65209 1 65220 38 65455 6 65476 34
417960,0 65536
995278,0 1210 1211 3537 4750 2 4753 251 5006 2 5010 254 5267 253 5523 253 5779 551 6331 253 6588 251 6844 250 7101 248 7356 248 7611 249 7866 248 8121 245 8376 244 8629 247 8884 248 9139 1007 10147 254 10403 3843 14248 254 14505 253 14761 9558 24320 509 24832 251 25088 249 25344 247 25600 58 25659 185 25856 58 25916 22 25940 158 26112 58 26172 21 26196 155 26368 58 26428 21 26452 153 26624 82 26708 151 26880 233 27136 231 27392 228 27648 226 27904 222 28127 1 28160 19 28180 202 28416 219 28672 217 28928 215 29184 212 29440 210 29696 208 29952 206 30208 204 30464 201 30720 199 30976 197 31232 194 31488 192 31744 189 32000 187 32256 185 32512 183 32768 181 33024 178 33280 176 33536 173 33792 169 33962 2 34048 169 34304 167 34560 165 34816 162 35072 160 35328 110 35440 45 35584 108 35696 43 35840 106 35952 41 36096 106 36207 40 36352 105 36463 38 36608 106 36717 38 36864 144 37120 142 37376 139 37632 137 37888 135 38144 133 38400 67 38468 63 38656 66 38724 60 38912 66 38980 58 39168 66 39236 55 39424 65 39491 54 39680 63 39747 52 39936 63 40003 50 40192 63 40259 48 40448 63 40515 45 40704 63 40771 43 40960 62 41027 40 41216 62 41284 37 41472 61 41540 35 41728 61 41796 33 41984 61 42051 32 42240 61 42307 3 42311 3 42315 21 42496 62 42562 4 42568 2 42572 18 42752 62 42819 3 42830 14 43008 62 43086 11 43264 62 43342 10 43520 62 43598 7 43776 62 43853 6 44032 61 44107 5 44288 60 44360 6 44544 59 44615 5 44800 59 44868 5 45056 60 45121 4 45126 1 45312 69 45568 67 45824 65 46080 62 46336 60 46592 57 46848 55 47104 53 47360 30 47396 15 47616 24 47652 13 47872 22 47909 9 48128 22 48164 8 48384 23 48419 7 48640 22 48674 5 48896 22 48928 5 49152 24 49182 2 49185 2 49408 31 49440 1 49664 30 49920 28 50176 26 50432 23 50688 21 50944 19 51200 17 51456 15 51712 12 51968 10 52224 8 52480 6 52737 2
490941,0 511 512 2236 2749 254 3007 251 3263 251 3519 251 3774 16705 20480 255 20736 255 20992 255 21248 255 21504 44032
192744,0 65536
891930,78 178 334 178 590 178 847 177 1103 177 1359 177 1616 176 1872 176 2128 176 2385 175 2641 175 2897 175 3153 175 3409 175 3666 174 3922 174 4178 174 4435 173 4691 173 4947 80 5032 88 5203 79 5289 87 5460 77 5545 87 5716 77 5802 86 5972 77 6058 86 6229 76 6314 86 6485 75 6570 86 6742 74 6826 86 6998 74 7081 87 7254 74 7337 87 7510 74 7592 44 7637 43 7767 73 7847 44 7895 41 8023 74 8103 89 8280 73 8358 63 8423 25 8536 74 8613 64 8679 25 8792 168 9049 167 9305 167 9561 167 9817 167 10074 108 10184 56 10330 105 10441 55 10586 104 10698 54 10842 104 10954 54 11099 104 11210 54 11355 104 11466 54 11611 104 11720 56 11868 164 12124 164 12380 164 12637 163 12893 163 13149 163 13406 162 13662 162 13918 70 13991 89 14175 31 14207 34 14249 87 14431 29 14464 32 14508 70 14582 10 14687 28 14720 32 14764 69 14838 10 14943 29 14976 31 15020 69 15094 10 15199 64 15276 68 15351 9 15456 63 15533 67 15607 9 15712 63 15789 68 15864 2 15867 5 15968 64 16044 70 16124 4 16225 63 16300 70 16380 4 16481 63 16556 71 16635 5 16738 62 16812 72 16887 1 16891 5 16994 31 17026 31 17067 73 17142 10 17250 29 17283 30 17322 86 17506 29 17539 31 17578 86 17763 29 17794 32 17833 87 18019 63 18088 88 18275 64 18342 90 18532 63 18596 92 18788 156 19045 155 19301 155 19557 155 19813 155 20070 154 20326 154 20582 154 20839 153 21095 153 21351 153 21607 153 21864 152 22120 152 22376 152 22633 151 22889 91 22983 57 23145 90 23239 3 23243 34 23280 16 23402 89 23495 3 23499 32 23538 14 23658 89 23751 35 23796 12 23914 90 24008 34 24053 11 24171 89 24263 7 24272 25 24309 11 24427 98 24530 22 24565 11 24683 98 24787 21 24821 11 24940 98 25044 19 25077 11 25196 99 25300 19 25333 11 25452 100 25556 19 25589 11 25708 100 25812 20 25845 11 25964 102 26067 21 26101 11 26219 126 26357 11 26475 1 26477 124 26613 11 26733 124 26868 12 26988 1 26990 123 27124 12 27244 1 27246 123 27379 13 27501 124 27635 13 27757 124 27891 13 28013 1 28015 123 28147 13 28269 1 28271 123 28402 14 28526 1 28528 123 28656 16 28782 1 28784 80 28868 40 28911 17 29040 80 29125 59 29296 80 29383 57 29551 1 29553 79 29639 57 29809 79 29895 57 30065 79 30151 57 30320 1 30322 79 30406 58 30578 81 30661 59 30834 142 31089 143 31347 141 31603 141 31859 141 32116 140 32372 140 32629 139 32885 139 33141 139 33398 138 33654 48 33704 88 33910 48 33961 87 34167 47 34217 87 34423 137 34679 137 34935 137 35192 136 35448 136 35704 136 35961 135 36217 135 36473 135 36729 135 36986 134 37242 134 37498 134 37754 134 38011 133 38267 133 38523 133 38780 132 39036 132 39292 132 39548 132 39805 131 40061 131 40318 130 40574 130 40830 130 41086 130 41343 129 41598 130 41855 129 42111 129 42368 128 42624 128 42881 127 43137 127 43393 127 43649 127 43906 126 44162 126 44418 126 44675 125 44931 125 45187 125 45444 124 45700 124 45956 124 46212 124 46469 123 46725 123 46982 122 47238 122 47494 122 47750 122 48006 122 48263 121 48519 121 48776 120 49032 120 49288 120 49544 120 49801 119 50057 119 50313 118 50570 117 50826 117 51082 118 51339 117 51595 117 51851 117 52108 116 52364 116 52620 116 52876 116 53133 115 53389 115 53645 115 53902 114 54158 114 54414 114 54670 114 54927 113 55183 95 55281 15 55439 94 55538 14 55695 94 55794 14 55952 92 56051 13 56208 92 56307 13 56465 92 56563 13 56721 93 56819 13 56977 93 57074 14 57233 111 57489 111 57746 110 58002 110 58259 109 58515 109 58771 109 59027 109 59284 108 59540 108 59796 108 60053 107 60309 107 60566 106 60822 106 61078 106 61334 106 61591 105 61846 106 62103 105 62360 104 62616 104 62872 104 63129 103 63385 103 63641 103 63898 102 64154 102 64410 102 64666 102 64923 101 65179 101 65436 100
000078,0 65536
250616,0 65536
399102,0 2403 2405 253 2662 251 2919 249 3176 248 3432 247 3688 247 3943 248 4199 248 4453 251 4708 252 4964 6766 11731 252 11987 251 12243 252 12499 1507 14008 252 14264 251 14520 252 14775 762 15538 253 15794 253 16048 1 16050 1277 17328 255 17586 254 17844 252 18100 253 18356 254 18611 1280 19892 254 20150 252 20407 251 20664 250 20921 98 21023 147 21177 97 21277 149 21433 95 21533 149 21689 94 21789 149 21946 92 22045 150 22202 91 22301 150 22458 91 22557 150 22714 91 22813 151 22970 91 23069 153 23225 93 23325 249 23581 249 23836 251 24091 557 24649 255 24905 7838 32745 1 32748 249 33005 247 33260 246 33516 168 33685 77 33771 169 33941 76 34027 247 34282 248 34537 251 34792 254 35047 3476 38525 253 38783 251 39039 250 39296 248 39552 248 39808 248 40063 248 40319 247 40575 247 40831 246 41087 246 41343 245 41599 245 41855 245 42112 245 42368 245 42624 244 42879 245 43135 245 43391 245 43647 245 43903 245 44159 245 44415 245 44670 246 44926 246 45182 246 45438 247 45694 248 45949 250 46205 250 46459 13375 59837 253 60093 253 60349 254 60604 4932
000007,0 65536
500314,0 13292 13296 4 13301 248 13555 1 13558 245 13814 2 13820 3 13824 234 14076 3 14080 233 14332 3 14336 234 14582 2 14588 3 14592 238 14832 9 14844 254 15099 17259 32360 253 32619 250 32875 250 33132 249 33389 30 33420 217 33645 29 33677 215 33901 29 33934 214 34158 28 34189 215 34414 247 34671 249 34927 251 35181 721 35903 252 36160 250 36417 248 36673 248 36930 247 37187 247 37444 246 37700 250 37953 1 37955 1481 39438 253 39695 251 39950 2200 42151 255 42408 169 42580 82 42663 169 42837 251 43094 250 43349 251 43605 1119 44725 2141 46867 253 47127 55 47188 187 47385 51 47445 185 47641 50 47702 183 47898 48 47960 180 48155 45 48216 180 48411 43 48473 179 48668 40 48729 178 48925 39 48984 180 49181 39 49240 180 49437 38 49496 180 49693 37 49751 182 49947 39 50000 189 50202 39 50255 242 50510 244 50766 244 51021 6225 57252 218 57471 30 57508 217 57728 28 57764 216 57984 30 58018 217 58240 251 58495 252 58750 6627 65378 158
000027,152 9 408 10 665 8 921 8 1180 4 5212 4 5466 9 5720 12 5975 14 6231 16 6487 17 6743 18 6999 18 7256 17 7512 18 7768 18 8024 18 8280 17 8536 17 8793 13 9049 12 9305 11 9562 6 9819 3 10175 2 10216 4 10430 5 10471 5 10685 7 10724 9 10939 10 10978 11 11194 12 11233 12 11443 20 11488 13 11697 22 11742 14 11950 26 11997 14 12205 27 12252 15 12461 27 12508 15 12716 27 12763 16 12933 4 12972 27 13018 17 13039 4 13186 9 13228 27 13274 27 13440 11 13483 28 13530 27 13695 12 13739 29 13785 29 13922 7 13951 12 13995 30 14041 29 14177 8 14206 13 14252 31 14296 30 14433 8 14461 14 14508 36 14552 30 14688 9 14715 17 14764 37 14809 29 14944 9 14970 18 15020 38 15066 29 15099 5 15200 8 15217 28 15276 39 15324 28 15354 6 15456 8 15471 30 15531 40 15581 35 15713 6 15726 31 15787 41 15839 33 15981 32 16043 41 16096 32 16236 32 16299 42 16353 31 16492 32 16555 42 16611 29 16748 31 16809 44 16869 27 17005 29 17063 46 17125 27 17261 28 17317 48 17383 25 17517 28 17572 49 17641 23 17773 27 17827 50 17897 23 18029 27 18082 50 18153 23 18285 27 18337 51 18408 24 18541 27 18593 50 18663 25 18797 27 18848 50 18918 26 19053 27 19104 50 19174 26 19295 3 19310 8 19320 16 19360 50 19429 27 19549 7 19567 6 19577 15 19616 51 19685 27 19805 8 19824 4 19833 16 19873 50 19940 28 20060 10 20089 16 20129 50 20196 28 20316 11 20346 15 20386 49 20451 29 20572 11 20602 14 20642 49 20707 29 20828 12 20858 13 20898 49 20962 29 21062 4 21084 12 21114 9 21155 48 21218 27 21317 6 21340 12 21413 6 21425 33 21474 27 21572 8 21597 12 21684 30 21730 27 21827 9 21853 12 21944 26 21987 25 22082 10 22108 13 22201 26 22245 16 22269 3 22338 10 22364 13 22458 25 22504 12 22524 4 22594 10 22621 11 22715 24 22761 10 22779 5 22850 10 22878 10 22972 23 23020 6 23035 5 23106 10 23135 8 23228 24 23291 5 23362 10 23394 3 23484 24 23549 3 23620 7 23740 25 23806 1 23995 27 24250 18 24270 8 24505 18 24526 8 24573 3 24761 18 24781 9 24827 5 25016 29 25080 8 25198 4 25272 29 25334 10 25453 6 25527 29 25589 11 25708 8 25783 29 25844 12 25962 10 26037 31 26099 13 26217 11 26286 3 26293 30 26354 14 26472 12 26540 40 26611 13 26728 12 26796 18 26816 20 26867 13 26983 13 27051 17 27073 19 27124 12 27240 12 27306 17 27329 18 27381 11 27496 13 27561 17 27584 19 27637 11 27752 13 27817 14 27840 19 27894 10 28009 13 28073 13 28094 21 28152 8 28265 14 28328 15 28348 23 28413 3 28521 15 28584 43 28777 15 28839 44 29033 15 29095 44 29289 16 29351 44 29545 15 29607 44 29801 15 29864 42 30057 15 30121 41 30313 14 30378 38 30569 13 30634 32 30825 13 30890 32 31081 12 31147 11 31159 18 31338 10 31417 16 31594 10 31674 15 31850 8 31931 13 32107 6 32188 11 32364 4 32445 9 34383 7 34637 10 34892 12 35147 14 35402 15 35658 16 35913 17 36169 17 36425 16 36681 16 36937 16 37194 14 37450 13 37707 10 38883 9 39137 12 39385 3 39391 15 39630 3 39638 25 39742 5 39885 34 39997 8 40140 35 40252 12 40394 37 40508 14 40649 38 40764 15 40905 38 41020 15 41161 38 41277 14 41416 39 41533 14 41672 38 41790 13 41928 38 42047 11 42183 39 42304 9 42438 39 42561 2 42693 40 42949 41 43205 41 43327 3 43461 41 43582 5 43716 42 43838 5 43972 42 44094 6 44228 42 44350 6 44484 42 44607 4 44740 42 44864 2 44997 41 45255 39 45512 37 45769 31 46025 30 46282 29 46538 28 46794 28 47049 29 47304 31 47560 31 47816 32 48072 32 48328 32 48583 33 48839 33 49095 33 49351 33 49607 33 49862 35 50117 36 50373 37 50628 39 50883 40 51137 42 51392 24 51422 13 51646 25 51681 9 51901 25 51939 5 52157 25 52375 10 52413 24 52630 12 52669 23 52886 13 52924 24 53141 14 53180 24 53397 15 53435 25 53652 16 53691 25 53908 16 53947 26 54039 3 54164 16 54203 28 54292 7 54419 17 54459 30 54547 8 54674 18 54699 1 54716 30 54802 9 54926 21 54953 4 54974 30 55058 9 55181 21 55209 4 55231 30 55313 9 55437 19 55465 4 55487 30 55569 9 55692 17 55721 4 55744 29 55825 9 55948 17 56001 28 56081 9 56202 19 56257 28 56297 7 56337 8 56451 26 56505 5 56514 27 56552 12 56593 7 56706 28 56760 6 56771 25 56808 14 56849 6 56961 30 57016 7 57027 25 57064 15 57105 5 57217 31 57272 7 57283 25 57320 15 57362 3 57472 32 57528 6 57540 24 57576 15 57728 33 57786 4 57796 24 57832 16 57984 33 58053 23 58088 16 58239 35 58309 12 58323 9 58343 18 58495 36 58565 9 58579 8 58600 19 58751 36 58821 8 58836 6 58856 22 59007 36 59078 7 59112 24 59263 37 59334 6 59368 24 59520 36 59591 4 59624 24 59776 36 59848 2 59879 25 60033 35 60133 27 60289 35 60388 28 60547 33 60643 29 60804 9 60816 20 60899 29 61062 5 61075 16 61155 29 61332 15 61411 29 61589 4 61596 5 61667 29 61923 29 62179 29 62435 29 62691 29 62946 30 63202 30 63458 30 63713 31 63969 31 64225 31 64482 30 64738 30 64995 29 65251 28 65508 26
822622,3070 1 3321 7 3574 10 3826 14 4078 18 4329 23 4582 26 4833 31 5086 34 5337 39 5590 42 5841 47 6094 50 6346 54 6599 57 6850 62 7103 65 7354 70 7607 73 7858 78 8111 81 8363 85 8616 88 8867 93 9120 96 9371 101 9624 104 9875 109 10128 112 10379 117 10632 120 10883 125 11136 128 11387 133 11640 136 11891 141 12144 144 12396 148 12649 151 12900 156 13153 159 13404 164 13657 167 13908 172 14160 176 14413 179 14666 182 14917 187 15170 190 15421 195 15674 198 15925 203 16178 206 16429 211 16682 214 16933 219 17186 222 17437 227 17690 230 17941 235 18194 238 18446 242 18699 245 18950 250 19203 46333
990714,0 1190 1191 254 1449 251 1707 63 1776 180 1963 61 2032 180 2218 61 2289 179 2473 62 2545 180 2728 62 2801 245 3057 246 3312 248 3567 250 3820 2742 6567 249 6823 247 7080 244 7337 242 7593 241 7849 241 8106 240 8362 240 8618 240 8874 64 8940 174 9130 63 9197 173 9386 62 9453 173 9642 62 9709 173 9898 62 9965 174 10153 63 10220 176 10409 64 10475 177 10665 245 10920 247 11176 248 11432 248 11688 250 11944 250 12200 252 12456 254 12711 3370 16086 249 16342 248 16598 247 16853 247 17108 248 17364 247 17619 247 17875 247 18130 248 18386 248 18641 248 18897 248 19153 247 19408 248 19664 247 19920 246 20176 245 20431 246 20687 246 20942 248 21197 249 21452 254 21707 13620 35328 255 35584 255 35840 942 36783 40 36828 206 37040 38 37087 202 37297 36 37345 199 37553 35 37602 197 37809 33 37860 196 38065 33 38116 196 38321 33 38373 196 38577 33 38629 198 38833 32 38885 200 39089 32 39140 202 39344 34 39394 240 39647 244 39901 247 40156 249 40412 249 40667 251 40923 252 41178 253 41434 254 41690 254 41946 255 42202 254 42459 252 42715 252 42971 252 43228 251 43483 251 43739 251 43995 251 44251 252 44506 444 44953 252 45212 249 45469 247 45727 246 45985 244 46243 243 46501 243 46758 243 47015 243 47271 248 47527 1880 49408 255 49664 255 49920 255 50176 255 50432 255 50688 254 50944 252 51200 249 51456 248 51712 247 51968 246 52224 245 52480 93 52574 151 52736 92 52831 149 52992 91 53088 151 53248 91 53345 152 53504 91 53601 153 53760 91 53857 157 54016 92 54114 156 54272 92 54370 157 54528 92 54625 158 54784 92 54881 158 55040 255 55296 255 55552 255 55808 255 56064 255 56320 134 56456 119 56576 133 56713 118 56832 133 56970 117 57088 132 57226 117 57344 132 57483 116 57600 132 57739 116 57856 132 57995 116 58112 131 58251 116 58368 94 58463 36 58507 116 58624 93 58721 33 58762 117 58880 93 58978 32 59018 117 59136 93 59234 31 59274 211 59491 28 59529 212 59748 26 59783 214 60005 24 60038 216 60261 24 60291 220 60517 24 60547 219 60774 24 60801 44 60847 175 61030 69 61104 175 61287 64 61360 101 61463 70 61543 62 61616 99 61719 70 61800 59 61872 101 61974 70 62056 59 62128 172 62313 58 62383 173 62569 58 62639 173 62825 58 62894 174 63080 60 63149 176 63336 64 63403 180 63591 1779 65382 154
000059,0 65536
000073,0 65536
246347,0 17886 17889 252 18148 248 18404 247 18661 245 18918 243 19174 242 19430 241 19686 241 19941 242 20196 246 20451 250 20706 44830
283388,0 6266 6271 2 6274 247 6528 1 6530 248 6784 252 7039 254 7295 58241
000017,250 5 506 5 765 2 2036 1 2292 1 2302 1 2558 1 2814 1 3070 1 3326 1 6653 2 6908 4 7164 3 7421 2 9207 2 9462 4 9713 10 9969 10 10224 11 10479 12 10734 13 10990 12 11246 10 11503 9 11760 7 12017 6 12273 5 12529 6 12784 8 13040 9 13296 10 13552 11 13808 13 14064 14 14320 14 14577 13 14834 3 14840 6 15099 2 15345 3 15600 5 15856 5 16112 5 16369 4 16381 1 16625 3 16637 2 16882 1 16893 2 17149 2 17394 1 17403 4 17649 3 17658 5 17904 15 18159 16 18416 15 18672 15 18928 15 19184 12 19197 2 19440 11 19453 2 19697 11 19709 2 19953 11 19965 2 20209 11 20221 2 20465 13 20722 13 20980 11 21238 9 21494 4 21751 2 22489 1 22781 2 23037 2 23293 2 23537 3 23549 2 23792 10 23805 2 24046 13 24302 13 24557 13 24813 13 25072 10 25329 9 25586 8 25842 8 26097 10 26353 10 26609 10 26865 9 27122 7 27378 6 27635 2 27639 1 40863 2 41120 4 41377 5 41633 6 41889 6 42146 5 42403 3 46809 3 46829 6 47044 3 47064 6 47073 20 47299 5 47318 32 47555 6 47564 6 47573 36 47809 8 47818 48 48065 58 48322 61 48552 3 48579 57 48637 2 48807 4 48836 56 48893 2 49064 2 49091 56 49150 1 49347 54 49602 55 49858 54 50114 54 50370 54 50625 55 50881 54 51115 2 51136 54 51371 2 51388 58 51627 3 51644 58 51883 4 51900 58 52139 12 52155 60 52395 14 52411 61 52651 78 52734 1 52907 15 52924 61 52990 1 53164 4 53169 8 53181 60 53246 1 53421 2 53426 6 53436 61 53677 1 53682 7 53691 62 53932 3 53938 72 54013 1 54187 78 54442 78 54697 79 54954 78 55210 79 55466 84 55723 7 55731 76 55979 6 55989 13 56003 6 56010 53 56236 5 56246 73 56492 5 56502 2 56506 69 56749 3 56757 3 56766 65 57005 3 57010 7 57022 65 57261 3 57265 10 57276 67 57517 82 57773 82 58028 83 58284 4 58290 77 58540 4 58546 77 58797 4 58803 76 59053 82 59308 80 59389 2 59564 16 59583 61 59820 16 59840 60 60077 9 60088 1 60097 59 60334 6 60354 59 60610 60 60867 60 61120 63 61365 7 61374 66 61618 78 61874 78 62132 76 62391 1 62404 59 62661 55 62918 54 63173 54 63429 55 63685 55 63942 54 64202 3 64210 42 64466 24 64493 6 64502 6 64722 22 64978 23 65006 4 65234 24 65261 6 65275 3 65493 18
580290,0 65536
373056,0 4252 4253 61283
000045,8 13 23 32 80 8 94 3 101 102 208 37 258 1 263 52 334 11 347 8 356 103 463 39 512 60 588 127 718 41 762 1 768 63 835 2 843 173 1017 4 1024 68 1098 174 1273 4 1280 68 1353 175 1530 3 1536 247 1786 3 1792 246 2042 3 2048 245 2298 4 2304 244 2554 3 2560 244 2810 3 2816 243 3066 3 3072 242 3322 2 3328 242 3578 2 3584 242 3840 242 4096 242 4352 242 4608 242 4864 241 5120 241 5376 241 5632 241 5888 241 6144 241 6400 242 6656 242 6912 242 7168 241 7424 241 7680 241 7936 240 8192 240 8448 241 8704 242 8948 11 8960 489 9451 253 9708 251 9965 249 10221 18 10240 229 10478 17 10496 213 10712 13 10734 17 10752 229 10990 247 11246 248 11500 251 11755 1812 13568 234 13803 20 13824 234 14062 17 14080 234 14318 17 14336 235 14574 17 14592 255 14848 255 15104 254 15360 253 15616 253 15872 253 16128 253 16384 253 16640 253 16896 253 17152 254 17408 255 17664 247 17912 7 17920 247 18169 5 18176 246 18429 1 18432 247 18688 247 18944 246 19200 246 19456 245 19712 244 19968 243 20224 242 20480 240 20736 240 20992 239 21248 240 21504 240 21760 240 22016 241 22272 241 22528 241 22784 241 23040 241 23296 241 23541 1 23552 241 23795 3 23808 246 24064 247 24320 247 24576 248 24832 252 25088 253 25344 253 25600 254 25856 255 26112 182 26295 72 26368 180 26549 1 26552 252 26808 1 26810 251 27064 257 27322 264 27587 255 27845 253 28102 253 28358 254 28615 7480 36096 254 36352 253 36608 253 36864 253 37120 253 37376 253 37632 254 37888 255 38144 255 38400 255 38658 253 38914 252 39170 252 39426 251 39682 252 39937 253 40192 255 40448 7316 47766 252 48019 1 48024 103 48128 137 48269 4 48281 102 48384 136 48539 100 48640 135 48800 95 48896 133 49057 94 49152 130 49314 93 49408 129 49570 93 49664 128 49826 93 49920 129 50083 91 50176 130 50339 92 50432 131 50596 33 50631 56 50688 131 50855 29 50887 56 50944 130 51111 29 51143 56 51200 130 51368 28 51399 56 51456 128 51625 27 51655 49 51705 6 51712 127 51880 29 51911 48 51961 6 51968 127 52136 29 52167 46 52216 4 52224 127 52393 75 52471 5 52480 127 52650 83 52736 127 52907 83 52992 127 53163 84 53248 126 53420 210 53677 209 53934 208 54191 207 54448 206 54704 207 54962 20 54983 185 55218 19 55240 186 55474 14 55489 3 55495 191 55731 13 55745 2 55750 193 55988 4 55993 8 56002 197 56245 4 56250 1 56253 1 56260 59 56320 136 56502 2 56518 57 56576 136 56759 1 56775 4 56780 47 56832 135 57037 43 57088 134 57294 40 57344 134 57551 37 57600 134 57809 35 57856 136 58066 33 58112 137 58322 33 58368 138 58580 28 58609 7 58624 144 58837 37 58876 1 58880 136 59017 8 59092 7 59100 27 59130 4 59136 134 59273 8 59347 32 59383 7 59392 133 59529 7 59588 1 59602 45 59648 132 59786 4 59842 6 59858 45 59904 125 60031 5 60042 3 60097 8 60113 161 60279 5 60289 4 60297 4 60351 12 60366 166 60534 7 60546 3 60552 3 60605 192 60807 4 60861 192 61064 2 61117 193 61373 196 61629 197 61884 199 62141 66 62208 125 62335 4 62397 66 62464 123 62593 2 62653 65 62720 121 62909 66 62976 117 63164 185 63420 185 63677 183 63934 54 63991 125 64128 2 64191 52 64246 125 64381 6 64448 50 64502 123 64636 9 64703 50 64757 108 64866 11 64889 12 64957 15 64976 33 65012 108 65123 10 65145 12 65213 15 65234 30 65266 108 65384 2 65469 13 65498 21 65523 13
000051,13 29 150 18 238 7 268 31 399 25 493 8 524 30 567 3 654 27 749 8 779 31 821 5 910 27 1004 10 1035 31 1077 6 1166 29 1260 10 1291 31 1332 7 1421 31 1516 10 1546 31 1588 6 1677 32 1772 10 1803 30 1844 6 1933 32 2028 11 2059 30 2100 6 2188 34 2284 11 2317 27 2356 6 2444 33 2541 10 2574 26 2613 4 2700 33 2797 10 2831 16 2850 5 2956 33 3055 7 3087 15 3213 32 3313 5 3342 16 3469 32 3570 3 3597 17 3725 32 3853 17 3981 32 4108 18 4239 29 4364 18 4500 23 4619 19 4757 21 4875 23 5014 19 5131 24 5271 17 5387 25 5424 3 5528 16 5643 26 5679 5 5784 16 5899 28 5935 6 6042 13 6155 31 6191 6 6299 11 6411 32 6448 5 6555 8 6667 32 6705 3 6811 7 6924 32 7067 6 7181 31 7324 3 7437 32 7693 32 7949 33 8205 13 8221 18 8462 11 8478 17 8718 9 8734 17 8975 7 8990 18 9234 2 9246 19 9476 4 9503 18 9732 5 9760 17 9986 7 10017 16 10240 9 10273 16 10496 8 10530 15 10752 7 10787 14 11008 6 11043 13 11110 6 11264 6 11301 10 11366 8 11520 5 11543 4 11558 9 11621 21 11776 5 11792 11 11815 7 11876 24 12032 7 12042 3 12046 14 12072 5 12132 25 12288 28 12330 2 12388 26 12544 29 12644 27 12800 30 12899 28 13056 30 13155 29 13312 31 13411 29 13568 31 13667 30 13824 31 13923 31 14080 32 14179 32 14336 32 14435 33 14592 32 14691 32 14848 33 14947 32 15104 34 15204 30 15360 35 15460 30 15616 37 15717 30 15872 40 15974 29 16128 41 16230 30 16384 41 16487 29 16640 42 16742 30 16896 42 16997 31 17152 43 17251 32 17408 43 17507 31 17664 43 17762 32 17920 43 18018 32 18176 43 18274 33 18432 16 18451 25 18530 33 18688 15 18707 25 18785 34 18944 14 18963 25 19040 35 19200 14 19219 25 19296 35 19456 15 19475 25 19543 2 19552 35 19712 16 19729 26 19797 7 19806 37 19968 42 20052 47 20224 42 20308 47 20480 41 20564 48 20736 40 20820 47 20992 40 21077 46 21248 40 21334 44 21504 40 21590 44 21760 39 21846 44 22016 39 22102 44 22272 38 22358 43 22528 38 22614 43 22784 39 22870 43 23040 39 23126 43 23296 40 23383 41 23552 40 23639 41 23684 3 23808 41 23894 41 23939 5 24064 41 24143 48 24194 7 24320 40 24399 48 24449 9 24576 40 24654 49 24704 11 24832 40 24909 62 25074 4 25088 40 25164 50 25216 12 25328 6 25344 40 25420 49 25472 12 25526 5 25583 9 25597 43 25676 48 25729 11 25781 15 25836 60 25932 47 25985 11 26035 20 26091 61 26188 47 26242 9 26290 23 26347 34 26382 26 26444 46 26499 8 26545 25 26602 35 26639 25 26700 46 26758 4 26799 27 26858 34 26896 24 26956 16 26975 25 27025 4 27054 29 27114 34 27153 23 27212 15 27232 19 27280 10 27310 29 27370 34 27409 22 27453 2 27468 15 27488 19 27535 14 27565 31 27626 34 27665 22 27708 6 27724 15 27744 18 27790 17 27821 32 27881 36 27922 20 27963 8 27980 15 28000 18 28045 18 28077 32 28127 5 28136 36 28179 17 28218 10 28237 14 28256 18 28301 19 28333 32 28383 33 28420 8 28435 15 28474 10 28493 14 28512 18 28556 20 28589 32 28638 34 28677 7 28691 14 28729 11 28749 14 28768 17 28807 25 28845 33 28894 34 28934 6 28948 12 28984 12 29005 14 29024 16 29061 28 29101 33 29149 35 29191 5 29205 10 29240 13 29261 13 29280 16 29315 30 29358 32 29404 36 29447 4 29462 9 29496 13 29518 11 29537 15 29569 32 29614 32 29657 39 29719 7 29752 13 29793 15 29819 37 29870 32 29913 18 29933 19 29975 6 30008 13 30050 14 30074 38 30126 31 30170 1 30176 9 30191 17 30232 5 30264 12 30306 13 30330 38 30383 30 30435 2 30449 15 30489 3 30520 12 30562 13 30585 39 30638 31 30706 14 30776 12 30818 13 30841 39 30894 30 30963 13 31031 13 31074 12 31097 39 31150 28 31219 13 31286 15 31330 11 31352 40 31406 28 31476 12 31542 16 31586 10 31608 18 31629 19 31662 28 31732 12 31797 18 31842 8 31863 19 31884 19 31918 29 31989 11 32035 4 32053 18 32099 6 32118 41 32174 29 32247 9 32289 6 32307 20 32374 40 32430 29 32505 7 32544 8 32562 21 32631 39 32686 29 32761 7 32800 7 32816 21 32886 39 32942 28 32989 5 33017 7 33057 6 33069 23 33142 38 33199 27 33242 9 33260 5 33272 8 33322 26 33398 37 33456 25 33495 14 33515 21 33575 29 33654 36 33713 23 33750 17 33770 22 33831 29 33909 37 33970 22 34005 19 34026 22 34087 29 34165 37 34226 21 34261 43 34343 29 34421 37 34482 21 34517 43 34599 29 34677 37 34738 21 34773 42 34856 28 34932 38 34994 21 35029 42 35113 27 35188 38 35241 2 35251 20 35285 42 35370 26 35443 39 35495 6 35507 20 35541 42 35626 27 35699 38 35750 8 35763 20 35797 43 35881 28 35955 37 36006 9 36019 20 36053 43 36136 31 36211 37 36261 11 36275 20 36309 43 36388 37 36468 36 36516 12 36533 18 36565 43 36643 39 36726 33 36772 13 36822 42 36898 40 36984 31 37028 13 37077 20 37100 20 37154 40 37242 28 37285 13 37331 21 37357 19 37410 40 37499 26 37542 12 37586 22 37613 19 37666 39 37756 23 37800 11 37840 25 37870 17 37922 39 38013 2 38017 17 38056 12 38096 25 38127 16 38177 40 38287 1 38313 11 38351 27 38384 15 38431 42 38570 11 38606 29 38642 13 38686 43 38826 10 38862 29 38898 14 38942 43 39083 9 39118 30 39155 12 39198 36 39236 5 39340 8 39373 32 39412 11 39453 36 39492 6 39629 32 39669 9 39709 36 39748 7 39885 32 39927 1 39965 36 40004 8 40141 32 40221 48 40397 32 40477 48 40653 32 40733 48 40909 31 40989 47 41164 31 41244 48 41420 29 41500 47 41676 28 41756 47 41931 28 42013 46 42187 28 42269 46 42444 27 42525 46 42700 27 42782 44 42956 27 43038 44 43212 27 43294 43 43468 27 43550 42 43724 27 43807 41 43980 26 44063 40 44236 25 44319 36 44493 9 44503 12 44575 33 44750 6 44831 32 45007 4 45088 30 45343 30 45600 28 45856 27 46113 25 46369 25 46625 25 46880 26 47136 25 47354 4 47391 26 47608 8 47647 25 47864 8 47904 7 47915 11 48119 9 48160 4 48173 7 48375 9 48408 3 48429 6 48631 9 48661 7 48684 7 48887 9 48916 9 48940 7 49144 8 49172 10 49195 9 49400 8 49428 10 49451 8 49656 8 49685 9 49707 8 49912 8 49942 8 49964 6 50168 8 50199 6 50424 8 50458 3 50681 7 50937 7 51194 6 51451 5 56417 3 56672 5 56927 7 57183 9 57438 11 57693 13 57947 16 58200 20 58454 23 58710 24 58965 26 59220 28 59475 29 59731 31 59985 35 60241 36 60424 5 60496 38 60678 9 60752 39 60934 14 61008 39 61189 16 61264 40 61445 18 61521 39 61700 20 61778 38 61954 24 62034 38 62208 27 62291 37 62464 27 62547 37 62720 27 62803 37 62976 27 63059 36 63232 28 63315 36 63490 26 63570 36 63749 24 63826 35 64006 23 64082 35 64263 22 64338 35 64520 21 64595 34 64776 21 64852 33 65033 20 65109 31 65290 10 65306 2 65368 27
000063, 
000096,0 65536
000049, 
892843,2 18 27 6 40 96 137 1 143 13 164 1 166 46 213 43 257 154 415 52 468 4395 4864 255 5120 255 5376 255 5632 255 5888 255 6144 255 6400 255 6656 255 6912 255 7168 255 7424 255 7680 255 7936 767 8704 255 8960 511 9472 255 9728 255 9984 255 10240 255 10496 255 10752 255 11008 255 11264 255 11520 255 11776 255 12032 255 12288 255 12544 14335 26880 255 27136 14576 41713 255 41969 1 41971 255 42228 3674 45904 4817 50722 253 50981 250 51238 249 51495 248 51750 249 52006 250 52261 13275
494025,0 3 12 245 268 244 523 39 563 205 779 35 821 203 1033 37 1076 204 1287 39 1329 207 1542 42 1585 207 1797 251 2050 255 2306 466 2773 136 2910 512 3423 256 3680 2545 6232 249 6489 247 6747 245 7004 244 7261 245 7517 246 7773 247 8028 217 8248 30 8280 1 8283 218 8505 252 8762 250 9021 247 9278 245 9535 65 9601 178 9792 242 10049 241 10305 239 10545 1 10548 2 10551 3 10561 239 10801 11 10817 190 11008 48 11057 13 11072 191 11264 48 11314 205 11520 255 11776 302 12079 255 12337 1 12339 250 12595 251 12852 250 13108 249 13365 247 13622 246 13879 245 14137 243 14393 243 14649 243 14905 243 15161 244 15417 245 15673 246 15929 176 16107 71 16184 175 16367 68 16439 175 16623 69 16694 176 16880 245 17136 245 17392 245 17647 245 17903 245 18158 246 18414 246 18669 247 18925 248 19181 249 19437 249 19693 249 19947 1267 21215 3 21219 248 21476 245 21732 244 21988 243 22244 242 22499 41 22542 199 22755 39 22800 197 23010 40 23056 197 23265 40 23312 197 23520 39 23568 198 23775 40 23824 198 24030 41 24080 198 24285 43 24335 199 24540 44 24591 114 24706 85 24795 46 24846 251 25102 252 25357 99 25459 251 25718 247 25976 245 26232 244 26489 243 26745 233 26981 6 27002 231 27262 226 27518 225 27775 1 27777 221 28034 220 28290 220 28547 218 28804 218 29060 221 29316 229 29573 229 29830 229 30087 230 30344 50 30396 178 30600 50 30652 67 30720 111 30857 48 30909 66 30976 111 31113 48 31167 64 31232 112 31359 8 31369 48 31424 175 31603 2 31615 9 31625 47 31681 157 31842 13 31859 2 31871 57 31937 154 32101 11 32114 4 32123 61 32193 153 32359 81 32449 152 32615 81 32705 151 32871 81 32960 151 33127 81 33216 151 33383 51 33436 27 33472 150 33638 82 33728 150 33894 82 33984 149 34150 82 34241 147 34405 83 34496 148 34661 84 34752 148 34917 84 35008 42 35052 104 35172 85 35264 41 35309 1 35311 101 35428 85 35522 39 35568 100 35684 85 35778 40 35824 36 35863 61 35940 85 36034 40 36080 35 36120 61 36195 85 36290 40 36336 35 36376 62 36450 87 36546 40 36592 34 36631 63 36705 88 36802 40 36849 33 36886 64 36960 88 37057 41 37105 34 37140 66 37215 89 37313 42 37360 102 37470 90 37569 43 37616 102 37724 42 37767 49 37827 41 37872 102 37979 42 38024 48 38083 41 38128 102 38233 44 38281 47 38339 42 38383 101 38487 47 38537 47 38596 143 38743 48 38792 48 38852 143 38999 97 39108 143 39256 97 39363 147 39511 98 39619 199 39820 45 39875 198 40077 43 40130 200 40333 44 40386 200 40588 45 40642 199 40844 46 40898 199 41100 46 41153 201 41356 48 41408 389 41798 238 42038 15 42055 235 42304 240 42560 239 42816 56 42875 3 42883 167 43072 46 43119 5 43139 165 43327 47 43376 4 43396 107 43508 52 43582 47 43632 3 43652 105 43764 53 43836 48 43888 2 43908 104 44021 53 44091 49 44144 2 44163 104 44277 55 44346 50 44400 2 44419 103 44533 56 44601 52 44656 3 44675 103 44789 57 44855 55 44912 3 44930 104 45045 57 45111 61 45186 105 45300 59 45366 64 45441 106 45555 60 45622 65 45697 106 45811 61 45877 67 45952 108 46066 64 46132 69 46206 112 46320 196 46520 251 46777 250 47035 247 47291 247 47548 246 47804 38 47844 207 48061 36 48102 205 48317 34 48360 204 48573 33 48616 110 48732 89 48829 33 48872 109 48989 89 49085 32 49128 109 49240 2 49244 91 49341 29 49384 110 49495 4 49500 92 49594 32 49636 244 49889 245 50143 246 50397 248 50652 250 50906 1104 52011 141 52153 111 52272 136 52412 106 52529 134 52669 105 52786 132 52927 103 53041 132 53184 106 53296 132 53440 244 53696 244 53953 188 54144 52 54209 172 54385 12 54400 52 54464 172 54642 66 54720 89 54810 80 54897 68 54975 88 55067 79 55153 68 55231 87 55324 78 55408 69 55488 86 55581 78 55664 69 55744 86 55837 79 55919 69 56000 85 56093 80 56174 70 56257 83 56350 149 56513 83 56606 149 56768 83 56862 148 57024 82 57119 146 57280 80 57375 145 57536 79 57631 145 57791 79 57887 145 58047 78 58143 144 58303 75 58399 144 58558 76 58655 144 58814 76 58911 144 59069 77 59166 73 59240 72 59323 80 59405 1 59409 4 59421 74 59496 72 59578 94 59676 150 59832 5516 65349 63 65416 120
521139,0 65536
972712,0 46935 46936 255 47195 253 47451 253 47707 254 47963 17573
332934,0 65536
000092,0 65279 65280 255
000093,0 65536
000024,0 127 256 127 512 127 768 127 1024 127 1280 126 1536 126 1792 126 2048 126 2304 127 2506 5 2560 127 2760 8 2813 2 2816 127 3015 10 3067 132 3271 13 3322 132 3527 15 3577 133 3783 17 3832 133 4039 18 4087 133 4226 4 4247 4 4296 17 4342 134 4480 7 4502 6 4553 16 4597 135 4735 9 4757 8 4809 16 4852 148 5012 10 5065 17 5107 149 5268 11 5321 17 5362 149 5524 12 5578 16 5617 149 5780 13 5834 16 5873 148 6037 13 6091 15 6128 149 6294 12 6329 4 6348 13 6384 148 6551 12 6584 7 6604 13 6640 148 6806 13 6824 3 6839 8 6860 13 6896 147 7062 22 7094 10 7116 13 7152 147 7316 25 7350 10 7372 13 7408 146 7569 28 7604 12 7628 12 7664 145 7824 29 7859 14 7885 10 7919 117 8041 22 8078 32 8114 18 8142 9 8174 118 8298 20 8334 56 8400 7 8429 119 8554 19 8589 58 8658 4 8683 121 8810 17 8844 59 8938 121 9066 16 9099 60 9193 122 9323 15 9354 61 9448 122 9579 15 9610 61 9703 123 9835 14 9866 61 9958 124 10092 13 10122 61 10214 25 10240 98 10352 7 10379 47 10429 10 10469 26 10496 99 10635 45 10686 9 10725 25 10752 100 10890 46 10942 10 10981 25 11008 100 11146 46 11198 11 11236 26 11264 101 11400 49 11454 12 11492 26 11520 102 11656 50 11709 14 11748 26 11776 103 11911 51 11965 15 12005 25 12032 104 12167 52 12220 16 12261 24 12288 105 12424 51 12476 15 12518 23 12544 105 12654 6 12680 66 12775 22 12800 106 12909 8 12937 64 13031 21 13056 106 13164 9 13194 61 13287 21 13312 118 13451 2 13457 53 13544 20 13568 118 13713 53 13801 19 13824 118 13969 53 14058 18 14080 118 14225 53 14318 14 14336 118 14480 54 14574 14 14592 118 14736 53 14830 14 14848 119 14992 53 15086 17 15104 118 15248 37 15287 13 15341 137 15504 36 15544 12 15597 135 15762 34 15801 11 15853 126 15982 3 16019 32 16057 11 16109 125 16276 31 16313 11 16365 125 16533 29 16570 10 16622 123 16789 27 16827 9 16879 122 17045 26 17084 8 17136 120 17302 24 17342 4 17393 114 17559 16 17650 113 17815 15 17908 93 18013 5 18071 14 18167 8 18176 76 18327 14 18425 6 18432 75 18584 13 18682 5 18688 74 18841 11 18944 74 19099 8 19135 5 19200 74 19390 8 19456 73 19633 4 19645 9 19712 74 19888 7 19901 10 19968 74 20143 9 20156 11 20224 74 20396 27 20480 75 20640 4 20649 30 20736 75 20895 40 20992 75 21150 42 21248 75 21406 42 21504 75 21661 44 21760 76 21905 1 21914 48 22016 76 22129 3 22159 5 22169 51 22272 76 22385 4 22415 62 22528 76 22640 6 22671 62 22784 76 22896 7 22928 62 23040 77 23153 7 23184 64 23296 77 23409 7 23441 64 23552 78 23664 9 23699 63 23808 78 23920 9 23957 62 24064 78 24176 10 24215 18 24236 39 24320 78 24432 11 24474 6 24485 3 24492 40 24576 78 24688 12 24747 41 24832 78 24945 13 25003 41 25088 78 25201 20 25259 40 25344 78 25457 21 25515 39 25600 77 25713 21 25771 39 25856 77 25969 21 26027 38 26112 76 26226 20 26283 38 26368 76 26482 19 26540 36 26624 75 26739 19 26796 36 26880 57 26942 11 26995 19 27052 35 27136 55 27200 9 27251 19 27308 35 27392 53 27457 8 27493 3 27506 20 27565 33 27648 52 27713 9 27748 5 27761 21 27821 32 27901 54 27968 13 28003 7 28017 22 28076 30 28155 56 28223 16 28256 11 28272 23 28331 29 28410 57 28478 18 28511 12 28527 24 28586 30 28666 57 28734 19 28766 15 28782 26 28842 29 28921 58 28989 20 29020 44 29097 30 29176 59 29244 22 29276 44 29353 30 29431 60 29499 24 29531 45 29609 30 29687 61 29755 24 29787 45 29865 29 29935 1 29943 61 30011 25 30042 47 30121 29 30189 6 30197 62 30267 25 30297 48 30377 30 30444 71 30523 26 30552 49 30634 14 30657 6 30699 71 30779 27 30808 49 30891 11 30914 6 30955 71 31035 28 31064 49 31147 11 31170 8 31210 71 31292 77 31404 10 31426 9 31466 70 31548 76 31661 9 31682 9 31722 70 31805 74 31918 8 31938 8 31978 70 32061 74 32176 6 32194 7 32235 70 32318 73 32432 6 32450 6 32491 71 32574 73 32690 3 32708 1 32748 70 32830 73 33004 70 33086 72 33260 71 33342 72 33517 71 33599 71 33774 71 33855 72 34031 70 34114 69 34288 69 34372 68 34544 69 34629 68 34733 5 34800 69 34886 67 34989 7 35005 2 35057 68 35143 66 35245 9 35260 5 35271 4 35313 67 35401 64 35501 10 35516 6 35526 6 35570 66 35657 64 35758 9 35771 7 35781 8 35827 64 35913 63 36015 9 36027 7 36037 8 36084 63 36168 63 36271 9 36283 7 36293 8 36341 62 36419 67 36529 6 36538 8 36549 8 36597 63 36674 66 36772 3 36786 5 36794 9 36804 8 36855 8 36864 52 36930 62 37026 6 37050 18 37120 53 37185 61 37281 8 37307 17 37376 54 37435 65 37532 13 37563 16 37632 124 37786 14 37826 9 37888 124 38038 18 38082 9 38144 125 38292 20 38337 9 38400 125 38547 20 38593 9 38656 125 38800 22 38849 9 38912 125 39053 23 39105 10 39168 126 39307 25 39360 13 39424 126 39562 26 39616 14 39680 127 39818 26 39871 16 39936 130 40073 27 40126 18 40192 132 40327 29 40381 20 40448 164 40631 3 40636 21 40704 164 40885 29 40960 164 41140 30 41216 164 41395 32 41472 164 41650 36 41728 163 41906 39 41984 162 42163 18 42184 17 42240 162 42419 17 42441 17 42496 161 42677 15 42697 17 42752 161 42934 14 42954 16 43008 161 43191 13 43210 15 43264 162 43448 11 43465 16 43520 163 43704 10 43720 17 43772 3 43776 164 43961 7 43975 18 44027 170 44218 4 44231 18 44283 171 44487 18 44513 4 44538 172 44743 18 44768 6 44794 172 45000 17 45024 6 45041 181 45256 17 45279 7 45297 182 45513 8 45525 3 45536 6 45552 183 45792 7 45807 184 46049 6 46062 185 46306 4 46317 186 46570 190 46825 191 47081 191 47336 193 47591 197 47846 198 48100 200 48354 202 48610 202 48865 202 49121 202 49376 203 49632 204 49889 30 49920 172 50145 29 50176 173 50402 27 50432 175 50643 3 50659 25 50688 180 50899 5 50916 23 50944 182 51154 8 51173 21 51200 183 51410 9 51430 19 51456 184 51667 9 51687 18 51712 185 51923 9 51943 18 51968 120 52096 57 52179 10 52199 18 52224 119 52355 55 52435 11 52456 16 52480 118 52612 54 52691 12 52712 16 52736 117 52869 54 52947 13 52968 14 52992 117 53124 54 53202 16 53226 11 53248 117 53380 54 53457 18 53484 8 53504 117 53635 55 53712 19 53741 7 53760 117 53891 55 53968 19 53998 6 54016 117 54147 54 54223 21 54254 7 54272 116 54403 53 54479 20 54509 9 54528 116 54659 53 54736 19 54765 10 54784 116 54915 53 54992 18 55021 10 55040 116 55170 54 55248 17 55277 10 55296 115 55425 55 55503 18 55533 10 55552 110 55680 56 55758 19 55789 10 55808 109 55923 2 55936 56 56014 19 56045 11 56064 109 56178 4 56193 54 56269 21 56301 12 56320 109 56433 6 56449 54 56516 5 56525 22 56557 13 56576 110 56689 6 56706 52 56771 33 56814 13 56832 110 56944 7 56963 50 57026 34 57071 12 57088 119 57220 47 57282 34 57328 11 57344 118 57477 44 57538 34 57586 8 57600 118 57735 41 57794 34 57856 117 57992 39 58050 35 58112 116 58248 38 58307 34 58368 116 58505 36 58563 35 58624 111 58736 2 58761 35 58819 35 58880 107 59017 35 59075 36 59136 106 59274 33 59329 39 59392 105 59531 32 59584 41 59648 104 59788 30 59839 42 59904 102 60044 29 60095 42 60160 102 60301 27 60350 43 60416 101 60560 24 60600 48 60672 102 60817 23 60855 48 60928 103 61074 21 61109 48 61184 104 61330 21 61360 52 61440 104 61586 22 61614 53 61682 4 61696 105 61842 22 61869 54 61937 6 61952 105 62097 23 62125 54 62193 6 62208 104 62352 24 62381 54 62449 6 62464 104 62606 27 62637 54 62704 8 62720 101 62861 28 62892 54 62960 8 62976 99 63116 87 63217 7 63232 98 63372 87 63473 8 63488 97 63628 88 63730 8 63744 97 63863 3 63884 88 63986 9 64000 97 64118 6 64133 3 64140 89 64242 9 64256 97 64373 9 64389 4 64397 88 64499 8 64512 98 64629 9 64644 5 64654 50 64706 36 64756 7 64768 98 64885 10 64899 6 64910 50 64961 36 65012 7 65024 98 65141 11 65155 7 65166 87 65269 5 65280 98 65398 9 65412 5 65423 47 65473 35
607765,0 65536
268600,0 4180 4181 61355
000010,0 65536
907141,0 255 256 255 512 255 768 255 1024 255 1280 255 1536 255 1792 255 2048 255 2304 255 2560 255 2816 255 3072 255 3328 255 3584 255 3840 255 4096 255 4352 255 4608 255 4864 255 5120 255 5376 53712 59090 6446
000016,3470 5 3725 9 3980 12 4236 19 4491 22 4747 24 5003 27 5259 28 5492 5 5515 28 5747 8 5771 28 6003 14 6027 27 6259 16 6284 26 6515 20 6538 26 6771 48 7028 46 7285 43 7541 41 7798 39 8056 36 8313 34 8570 32 8828 30 9085 29 9342 28 9599 27 9855 28 10111 28 10368 27 10624 27 10880 27 11136 26 11393 25 11649 24 11905 24 12161 24 12417 25 12673 26 12930 26 13186 27 13442 27 13698 27 13955 26 14214 22 14471 19 14733 9 14990 6 28045 5 28299 11 28554 13 28810 14 29066 14 29322 14 29578 14 29835 13 30092 11 30349 10 30605 9 30861 8 31118 6 31376 2 52993 1 53248 2 53504 3 53760 3 54016 3 54272 3 54528 3 54784 2 55040 2 55296 2 55552 2 55808 2 56064 2 56320 2 56576 2 56832 2 57088 2 57344 2 57600 2 57856 2 58112 2 58368 2 58624 2 58880 2 59136 2 59392 2 59648 2 59904 2 60160 2 60416 3 60672 3 60928 3 61184 3 61440 3 61691 8 61946 9 62197 11 62453 11 62708 12 62964 12 63220 12 63475 13 63731 13 63987 13 64243 13 64499 13 64755 13 65011 13 65267 13 65523 13
000026,61601 2 61854 7 62108 11 62363 13 62618 15 62874 16 63130 17 63386 18 63620 8 63642 18 63875 11 63898 19 64130 13 64154 20 64385 15 64410 21 64641 16 64666 21 64897 17 64921 23 65153 17 65176 24 65410 16 65432 24
000094,0 65536
650818,41 1 43 213 297 215 554 214 810 214 1066 214 1322 214 1578 214 1835 213 2091 213 2347 213 2603 213 2860 212 3116 212 3372 212 3628 212 3885 211 4141 211 4397 211 4653 211 4909 211 5165 211 5422 210 5678 210 5934 210 6190 210 6447 209 6703 209 6959 209 7215 209 7471 209 7727 209 7984 208 8240 208 8496 208 8752 208 9008 208 9265 207 9521 207 9777 207 10033 207 10290 206 10546 206 10802 206 11058 206 11314 206 11570 206 11827 205 12083 205 12339 205 12595 205 12852 204 13108 204 13364 204 13620 204 13877 203 14133 203 14389 203 14645 203 14901 203 15157 203 15414 202 15670 202 15926 202 16182 202 16438 202 16695 201 16951 201 17207 201 17463 201 17719 201 17976 200 18232 200 18488 200 18744 200 19001 199 19257 199 19513 199 19769 199 20025 199 20282 198 20538 198 20794 198 21050 198 21307 197 21563 197 21819 197 22075 197 22331 197 22587 197 22844 196 23100 196 23356 196 23612 196 23869 195 24125 195 24381 195 24637 195 24893 195 25150 194 25406 194 25662 194 25918 194 26175 193 26431 193 26687 193 26943 193 27199 193 27455 193 27712 192 27968 192 28224 192 28480 192 28737 191 28993 191 29249 191 29505 191 29761 191 30017 191 30274 190 30530 190 30786 190 31042 190 31298 190 31555 189 31811 189 32067 189 32323 189 32579 189 32836 188 33092 188 33348 188 33604 188 33860 188 34117 187 34373 187 34629 187 34885 187 35141 187 35398 186 35654 186 35910 186 36166 186 36423 185 36679 185 36935 185 37191 185 37447 185 37704 184 37960 184 38216 184 38472 184 38729 183 38985 183 39241 183 39497 183 39753 183 40009 183 40266 182 40522 182 40778 182 41034 182 41291 181 41547 181 41803 181 42059 181 42315 181 42572 180 42828 180 43084 180 43340 180 43597 179 43853 179 44109 179 44365 179 44621 179 44877 179 45134 178 45390 178 45646 178 45902 178 46158 178 46415 177 46671 177 46927 177 47183 177 47439 177 47696 176 47952 176 48208 176 48464 176 48720 176 48977 175 49233 175 49489 175 49745 175 50001 175 50258 174 50514 174 50770 174 51026 174 51282 174 51539 173 51795 173 52051 173 52307 173 52563 173 52820 172 53076 172 53332 172 53588 172 53845 171 54101 171 54357 171 54613 171 54869 171 55126 170 55382 170 55638 170 55894 170 56151 169 56407 169 56663 169 56919 169 57175 169 57431 169 57688 168 57944 168 58200 168 58456 168 58713 167 58969 167 59225 167 59481 167 59737 167 59994 166 60250 166 60506 166 60762 166 61018 166 61274 166 61531 165 61787 165 62043 165 62299 165 62556 164 62812 164 63068 164 63324 164 63581 163 63837 163 64093 163 64349 163 64605 163 64861 163 65118 162 65374 162
966384,0 64 71 243 328 240 584 238 841 237 1097 238 1352 241 1608 2 1611 243 1855 3 1864 3 1868 248 2120 254 2376 254 2633 5705 8340 2 8345 247 8603 32 8637 211 8859 32 8893 211 9115 32 9149 209 9369 245 9619 251 9873 10736 20615 249 20872 246 21129 245 21385 245 21641 246 21895 249 22149 2029 24179 438 24623 247 24882 243 25139 242 25395 241 25652 238 25909 237 26149 10 26165 237 26404 14 26420 10699 37120 255 37376 3571 40949 24495 65447 89
304629,0 19426 19427 1820 21248 255 21504 255 21760 255 22016 255 22272 255 22528 255 22784 255 23040 255 23296 255 23552 255 23808 255 24064 505 24570 255 24826 1018 25845 22040 47887 253 48144 252 48400 251 48656 251 48912 250 49168 250 49424 250 49680 251 49936 251 50192 252 50448 254 50703 5086 55790 253 56047 251 56303 251 56560 250 56816 250 57072 250 57328 250 57584 251 57839 254 58094 7442
844747,0 843 844 1942 2788 250 3045 1 3048 246 3300 2 3303 247 3553 1 3555 759 4315 255 4571 2233 6805 255 7063 253 7320 252 7576 252 7833 251 8090 249 8347 247 8603 247 8859 248 9115 249 9371 249 9625 254 9880 1321 11208 248 11467 244 11723 243 11979 242 12235 241 12491 240 12745 242 13001 242 13257 242 13513 242 13769 242 14025 242 14281 242 14537 243 14793 243 15049 243 15305 169 15475 73 15561 168 15731 73 15817 165 15987 73 16073 165 16243 74 16328 165 16498 75 16584 164 16753 77 16840 163 17008 79 17095 163 17263 83 17350 164 17518 84 17605 166 17774 1732 19507 254 19765 1 19767 249 20024 247 20280 247 20537 245 20792 244 21048 244 21304 244 21560 246 21816 248 22070 253 22324 2365 24693 252 24951 249 25208 248 25465 247 25721 248 25978 247 26234 248 26490 248 26746 248 27002 248 27258 249 27514 249 27769 251 28025 251 28280 254 28535 1467 30003 251 30255 3 30259 251 30516 204 30721 45 30772 204 30977 44 31029 203 31233 43 31285 55 31349 139 31490 43 31541 54 31607 137 31746 44 31797 53 31864 136 32002 45 32052 54 32121 135 32258 48 32308 54 32377 135 32515 103 32633 135 32771 103 32889 135 33027 103 33145 135 33284 102 33401 135 33540 103 33656 136 33796 103 33912 136 34053 45 34100 55 34168 136 34309 45 34359 53 34423 137 34565 45 34616 51 34679 137 34821 44 34872 51 34934 138 35078 42 35128 51 35189 139 35334 42 35384 50 35445 139 35590 42 35640 50 35700 140 35846 41 35895 51 35953 1 35955 141 36103 39 36149 53 36208 144 36359 38 36404 55 36462 146 36615 37 36659 205 36872 35 36914 206 37128 35 37168 208 37384 35 37423 209 37641 35 37678 210 37897 247 38153 247 38409 247 38666 246 38920 1 38922 246 39178 246 39434 246 39691 245 39947 245 40203 245 40459 245 40714 1 40716 244 40970 1 40972 244 41227 245 41483 245 41739 1 41741 243 41997 243 42252 1 42254 242 42508 1 42510 242 42766 242 43023 241 43278 242 43535 171 43707 69 43791 168 43963 69 44048 166 44220 68 44304 166 44476 68 44560 165 44732 68 44816 164 44987 69 45072 164 45243 69 45327 1 45329 162 45499 69 45583 1 45586 161 45755 69 45841 85 45927 75 46011 69 46096 1 46098 83 46185 72 46267 69 46352 1 46354 82 46442 70 46523 69 46608 2 46611 81 46698 70 46779 69 46865 1 46867 81 46954 70 47034 70 47121 1 47123 80 47208 72 47290 70 47377 1 47380 79 47464 72 47546 70 47636 79 47720 72 47801 71 47892 80 47977 71 48057 71 48148 81 48233 73 48312 72 48405 81 48489 75 48568 72 48660 82 48744 152 48917 134 49053 99 49173 133 49309 99 49429 132 49564 100 49686 131 49820 100 49942 130 50075 101 50199 129 50330 102 50455 128 50585 103 50711 75 50787 51 50840 104 50967 74 51044 50 51096 104 51223 73 51300 50 51352 104 51480 70 51557 49 51608 104 51736 70 51813 49 51864 104 51992 70 52069 49 52120 104 52248 70 52325 49 52376 104 52505 70 52581 49 52632 104 52761 71 52837 48 52889 103 53017 73 53092 49 53145 103 53274 123 53401 103 53530 123 53658 102 53786 122 53914 102 54043 121 54170 102 54299 120 54426 102 54555 120 54682 102 54811 121 54938 102 55068 120 55195 101 55324 122 55447 3 55451 101 55580 228 55836 228 56093 227 56349 227 56605 227 56862 226 57118 226 57374 226 57631 225 57887 225 58143 225 58399 225 58656 224 58912 224 59168 224 59425 223 59681 223 59937 223 60193 223 60450 222 60706 222 60962 222 61218 222 61474 222 61731 221 61987 221 62244 220 62500 220 62756 220 63013 219 63268 220 63525 219 63781 219 64038 218 64294 218 64550 218 64806 218 65063 217 65320 216
280079,0 65536
000064,0 65536
000062, 
000077,100 15 117 36 354 55 609 57 864 58 1119 59 1375 59 1631 58 1886 59 2142 59 2398 58 2654 58 2911 57 3167 58 3424 57 3673 6 3680 58 3929 67 4185 71 4441 8 4450 64 4698 7 4707 64 4954 6 4964 66 5211 5 5220 70 5468 2 5477 70 5734 69 5991 68 6247 68 6503 67 6760 65 7016 65 7272 64 7528 64 7784 64 7918 4 8040 63 8173 7 8182 6 8296 63 8428 16 8552 63 8683 17 8807 64 8939 18 9063 63 9195 18 9319 62 9452 17 9576 60 9708 17 9832 59 9965 17 10088 59 10221 18 10344 59 10477 19 10598 60 10733 19 10848 65 10989 19 11102 67 11244 20 11357 67 11498 22 11613 66 11753 23 11868 67 12009 23 12123 67 12266 22 12378 60 12522 22 12633 61 12778 22 12888 63 13034 22 13143 64 13290 22 13398 65 13545 23 13654 66 13801 23 13910 67 14056 24 14165 68 14308 28 14421 69 14556 4 14563 29 14675 72 14811 37 14928 76 15065 39 15183 77 15320 40 15438 78 15575 41 15694 78 15830 42 15950 78 16086 42 16206 77 16342 42 16463 75 16598 42 16719 74 16842 5 16855 41 16975 73 17097 7 17111 41 17231 72 17352 9 17367 41 17486 73 17608 11 17622 42 17742 72 17864 12 17878 42 17998 72 18120 12 18134 42 18254 77 18375 57 18509 70 18581 7 18631 57 18765 28 18795 36 18836 9 18887 57 19022 23 19052 32 19092 9 19143 57 19278 21 19309 30 19347 10 19399 57 19535 18 19565 29 19603 10 19655 57 19791 17 19821 29 19858 10 19911 57 20047 16 20078 26 20114 10 20164 1 20166 58 20304 15 20334 25 20369 11 20417 63 20561 13 20591 22 20625 10 20673 63 20817 13 20848 12 20881 10 20929 63 21074 12 21104 10 21137 10 21185 63 21331 10 21361 7 21395 8 21441 63 21588 7 21652 7 21698 62 21909 5 21954 62 22166 3 22210 62 22466 67 22722 70 22793 3 22950 6 22978 76 23204 11 23232 79 23459 15 23484 83 23715 108 23971 108 24226 110 24482 110 24738 111 24857 2 24994 111 25111 5 25249 112 25367 6 25505 113 25623 7 25761 114 25878 9 26017 126 26273 126 26529 126 26785 94 26880 31 27041 84 27132 3 27136 31 27297 83 27392 31 27554 80 27648 31 27810 78 27904 31 28065 79 28160 31 28320 80 28416 30 28575 82 28672 30 28830 84 28928 28 29086 85 29184 27 29342 85 29440 26 29598 84 29696 25 29853 85 29952 24 30109 85 30208 16 30228 2 30365 84 30464 13 30621 83 30720 11 30876 81 30976 10 31131 79 31232 9 31387 77 31488 8 31643 76 31744 6 31900 74 32000 5 32156 72 32256 4 32413 70 32512 3 32669 70 32769 1 32924 70 33180 70 33435 71 33657 5 33686 76 33912 7 33940 78 34166 10 34195 78 34421 11 34450 79 34676 14 34705 79 34930 17 34960 79 35067 4 35185 20 35215 65 35281 13 35309 2 35322 6 35440 22 35470 64 35540 10 35563 5 35576 8 35696 23 35726 63 35799 9 35817 8 35831 9 35952 23 35982 62 36055 12 36071 11 36086 10 36209 23 36238 62 36311 41 36465 23 36494 62 36567 41 36723 22 36749 63 36823 41 36980 88 37079 41 37221 4 37238 138 37476 7 37502 90 37601 31 37731 9 37762 87 37858 30 37987 10 38019 86 38114 30 38242 12 38276 86 38370 30 38498 12 38533 86 38626 30 38754 12 38789 87 38882 30 39010 11 39044 91 39137 31 39267 9 39300 124 39524 7 39554 126 39783 2 39809 126 40064 124 40319 124 40574 124 40829 100 40931 22 41085 101 41188 20 41341 102 41445 10 41460 2 41597 104 41703 5 41854 104 42110 104 42365 107 42477 3 42621 116 42877 117 43133 118 43388 119 43644 92 43739 24 43900 91 43995 24 44156 91 44252 23 44411 92 44508 23 44667 92 44765 22 44923 91 45021 22 45179 90 45278 20 45435 88 45535 8 45547 6 45691 87 45793 4 45947 85 46204 83 46460 82 46717 80 46973 79 47229 43 47285 22 47486 40 47543 19 47744 38 47801 16 48002 37 48066 6 48258 37 48325 1 48514 37 48770 46 49025 49 49281 50 49537 50 49793 50 49848 4 50050 50 50103 7 50306 61 50563 60 50819 61 51075 61 51331 61 51588 61 51844 61 51962 5 52085 2 52100 63 52216 8 52327 19 52356 66 52423 3 52463 17 52581 22 52612 73 52716 20 52835 28 52868 75 52971 21 53090 31 53124 76 53226 22 53345 111 53481 23 53595 3 53601 112 53737 23 53850 119 53993 23 54104 121 54249 23 54359 121 54505 23 54614 105 54725 11 54761 23 54868 106 54982 9 55017 23 55123 105 55238 9 55274 22 55376 108 55495 7 55530 22 55630 109 55786 22 55883 112 56006 6 56043 21 56138 112 56260 10 56301 19 56393 111 56514 13 56559 17 56648 112 56767 17 56819 13 56902 113 57022 18 57077 11 57156 114 57278 18 57334 10 57412 113 57533 19 57591 9 57667 114 57789 19 57848 8 57922 115 58044 20 58105 7 58177 116 58301 19 58362 6 58432 117 58557 18 58619 4 58687 119 58813 18 58942 120 59069 18 59198 120 59326 16 59454 121 59582 15 59711 121 59844 8 59967 121 60104 3 60226 119 60488 114 60744 113 61002 111 61260 109 61522 103 61779 101 62036 99 62295 95 62555 90 62812 89 63069 88 63325 88 63582 88 63840 85 64097 84 64354 82 64611 79 64867 78 65124 76 65382 44 65429 25
246195,0 24654 24655 253 24912 251 25168 252 25424 253 25680 107 25789 253 26045 252 26301 252 26557 253 26812 390 27204 252 27461 251 27717 252 27974 252 28230 253 28486 1096 29584 6 29592 245 29840 2 29844 1 29851 242 30108 241 30365 241 30621 241 30877 241 31134 241 31390 241 31646 242 31902 243 32158 130 32292 110 32415 124 32549 13 32563 96 32671 122 32808 9 32820 98 32927 119 33064 9 33076 99 33182 119 33323 5 33332 102 33437 117 33580 4 33588 222 33837 3 33844 222 34094 2 34099 223 34350 232 34606 235 34861 241 35116 244 35371 246 35626 247 35881 249 36137 250 36392 252 36647 20879 57527 4585 62114 253 62371 215 62587 1 62589 31 62628 242 62884 240 63139 239 63394 239 63650 238 63905 239 64161 239 64414 244 64661 1 64669 764 65435 101
563999,0 104 124 230 355 3 380 230 612 1 636 66 704 10 716 150 892 66 965 3 973 149 1133 3 1146 67 1230 148 1384 12 1399 67 1472 2 1476 1 1486 149 1637 1 1639 83 1728 2 1742 149 1892 86 1988 1 1999 233 2255 48 2304 184 2500 6 2513 46 2560 183 2756 7 2769 46 2816 39 2856 143 3010 11 3025 39 3066 5 3072 34 3112 142 3266 12 3281 38 3323 4 3328 31 3367 143 3522 51 3580 3 3584 30 3622 144 3777 52 3837 2 3840 29 3877 137 4016 4 4032 53 4094 1 4096 29 4132 134 4268 1 4287 54 4352 27 4387 135 4542 56 4608 27 4642 136 4797 57 4864 27 4896 141 5052 58 5120 27 5150 144 5297 6 5306 60 5376 246 5632 246 5888 246 6144 246 6400 246 6656 22 6682 220 6912 22 6939 218 7168 22 7195 218 7424 245 7680 245 7936 245 8192 245 8448 246 8704 246 8960 247 9216 248 9472 248 9728 248 9984 248 10240 248 10496 248 10749 1 10752 247 11005 1 11008 246 11264 246 11520 246 11776 246 12032 245 12288 245 12544 244 12798 1 12800 244 13054 1 13056 244 13309 2 13312 244 13564 3 13568 244 13819 4 13824 245 14070 9 14080 255 14336 255 14592 255 14848 229 15080 251 15337 249 15594 247 15851 20 15872 223 16107 20 16128 220 16362 21 16384 218 16617 22 16640 218 16873 22 16896 217 17129 240 17384 242 17639 243 17894 244 18149 246 18404 247 18659 249 18913 251 19169 252 19424 253 19679 254 19935 255 20191 265 20463 249 20719 249 20976 248 21232 246 21488 244 21744 244 22000 244 22256 244 22512 234 22747 8 22768 234 23003 9 23024 244 23280 244 23536 244 23792 244 24048 245 24304 245 24560 126 24687 119 24816 246 25071 126 25198 121 25327 248 25583 249 25837 1326 27164 253 27418 970 28392 251 28649 248 28907 245 29163 245 29420 245 29677 245 29933 245 30189 246 30444 248 30700 250 30954 3543 34501 251 34757 250 35014 249 35270 249 35526 248 35782 248 36038 247 36294 224 36519 22 36550 228 36780 18 36806 222 37040 14 37062 222 37296 14 37316 225 37552 245 37808 245 38064 186 38251 3 38255 25 38281 28 38320 185 38512 22 38537 30 38576 183 38769 19 38793 34 38832 182 39025 18 39049 36 39087 183 39282 15 39305 222 39538 13 39561 222 39793 14 39816 223 40049 14 40071 224 40303 17 40325 226 40558 20 40580 228 40813 252 41067 2442 43510 252 43767 3 43772 3 43776 241 44032 239 44288 238 44531 5 44544 238 44785 8 44798 1 44800 237 45039 253 45295 1494 46791 254 47047 252 47303 252 47559 253 47815 253 48071 253 48327 252 48583 252 48837 253 49093 253 49349 3255 52607 253 52863 3847 56712 248 56968 248 57225 2 57228 244 57481 246 57737 244 57993 244 58247 246 58503 247 58758 249 59012 6524
000008,33 42 105 9 155 3 195 48 289 42 361 9 411 3 451 48 545 43 617 9 668 1 707 48 801 44 872 10 963 48 1057 44 1128 10 1218 49 1314 44 1384 10 1474 49 1570 44 1639 11 1730 50 1826 47 1895 12 1987 50 2083 48 2151 11 2242 51 2340 48 2407 11 2498 52 2597 47 2664 10 2754 52 2853 48 2920 9 3009 53 3109 49 3177 7 3265 53 3364 51 3433 7 3521 53 3611 5 3619 54 3689 6 3777 53 3865 65 3946 5 4033 54 4118 68 4203 2 4289 55 4373 70 4478 6 4545 38 4584 17 4628 72 4733 8 4800 38 4840 18 4883 74 4988 10 5032 7 5056 38 5096 18 5139 76 5243 11 5286 13 5311 60 5395 79 5497 15 5535 22 5566 60 5650 83 5753 16 5789 27 5822 60 5906 85 6008 18 6044 29 6077 61 6162 87 6263 19 6299 94 6418 87 6519 18 6554 94 6674 87 6774 19 6810 94 6931 85 7030 19 7065 94 7187 85 7286 18 7320 95 7443 85 7543 17 7575 96 7687 5 7699 84 7799 17 7830 96 7942 8 7954 85 8056 16 8085 97 8197 97 8312 10 8324 2 8341 97 8448 103 8566 11 8597 97 8704 103 8821 12 8852 97 8960 103 9077 11 9108 97 9216 103 9332 11 9363 98 9472 103 9589 4 9619 97 9728 103 9875 96 9984 103 10131 95 10240 103 10387 93 10496 102 10643 92 10752 102 10900 90 11008 101 11156 90 11264 100 11413 89 11520 99 11670 89 11776 98 11926 89 12032 98 12183 88 12288 97 12439 89 12544 97 12696 88 12800 97 12953 89 13056 97 13209 90 13312 98 13466 89 13568 98 13724 87 13824 98 13982 86 14080 99 14238 86 14336 99 14494 85 14592 99 14749 85 14848 99 15005 83 15104 99 15261 81 15360 100 15479 4 15516 82 15616 101 15728 13 15772 81 15872 102 15983 19 16028 81 16128 103 16238 22 16284 81 16384 104 16493 25 16541 80 16640 104 16749 26 16797 80 16896 104 17005 27 17054 79 17152 104 17261 28 17311 78 17408 104 17517 28 17569 76 17664 104 17773 29 17825 75 17920 105 18029 29 18082 74 18176 138 18338 73 18432 139 18576 4 18591 76 18688 140 18831 6 18846 76 18944 150 19101 77 19200 150 19357 74 19456 151 19612 74 19712 151 19867 74 19960 3 19968 151 20123 74 20215 5 20224 151 20378 74 20471 5 20480 228 20727 4 20736 228 20982 4 20992 228 21237 5 21248 228 21483 2 21492 6 21504 228 21738 5 21748 6 21760 228 21993 7 22004 6 22016 228 22248 9 22260 6 22272 251 22528 251 22784 252 23040 252 23296 245 23542 5 23552 245 23808 244 24064 244 24320 244 24576 243 24832 243 25088 243 25344 242 25600 242 25856 241 26112 240 26368 238 26624 237 26880 237 27136 236 27392 236 27648 236 27904 235 28160 235 28416 235 28672 234 28928 127 29056 106 29184 125 29314 104 29440 125 29570 104 29696 124 29826 104 29952 123 30082 103 30208 122 30337 103 30464 121 30593 102 30720 118 30849 101 30976 117 31105 101 31232 117 31360 101 31488 117 31614 104 31744 117 31868 106 32000 118 32122 112 32241 6 32256 235 32496 8 32512 235 32751 10 32768 234 33007 10 33024 233 33263 10 33280 231 33519 10 33536 97 33639 126 33774 11 33792 91 33899 121 34031 10 34048 90 34155 120 34287 11 34304 90 34411 117 34544 10 34560 76 34667 116 34802 8 34816 71 34922 116 35058 9 35072 71 35178 115 35314 9 35328 70 35434 113 35571 8 35584 68 35689 113 35827 9 35840 66 35944 114 36083 9 36096 64 36199 115 36340 8 36352 63 36454 116 36598 72 36710 117 36857 68 36966 117 37114 66 37221 119 37370 65 37477 119 37627 63 37733 119 37870 2 37886 1 37888 58 37990 118 38125 3 38144 57 38246 102 38351 12 38381 3 38400 57 38503 99 38609 9 38656 55 38759 99 38868 4 38912 53 39016 97 39155 6 39168 52 39271 98 39410 13 39424 51 39527 98 39666 64 39772 4 39783 98 39922 63 40027 6 40038 99 40177 61 40272 4 40282 7 40294 99 40433 59 40526 20 40549 100 40682 4 40688 56 40781 125 40937 61 41036 125 41190 26 41217 35 41292 125 41445 27 41474 33 41548 126 41700 28 41731 31 41804 126 41956 28 41988 29 42060 127 42213 27 42246 26 42316 127 42469 27 42504 21 42573 127 42726 26 42763 17 42829 128 42981 27 43020 13 43086 127 43237 27 43276 11 43344 126 43492 28 43533 6 43602 124 43747 28 43790 3 43859 122 44003 27 44120 4 44130 106 44259 5 44269 16 44387 104 44517 2 44526 15 44643 104 44782 15 44899 103 45039 13 45155 103 45295 12 45412 102 45551 11 45668 102 45807 10 45925 103 46065 3 46182 103 46438 104 46694 104 46951 103 47177 3 47207 103 47420 5 47431 6 47463 102 47674 9 47686 8 47718 100 47928 24 47974 98 48181 28 48229 99 48436 15 48452 14 48483 102 48691 15 48708 14 48737 106 48886 2 48946 15 48964 14 48992 108 49140 6 49201 15 49221 12 49247 109 49391 12 49456 16 49477 11 49503 110 49644 17 49711 17 49733 10 49759 109 49899 21 49967 18 49988 9 50015 109 50154 22 50221 29 50271 73 50346 33 50408 24 50466 2 50475 31 50528 73 50602 33 50663 25 50720 6 50729 33 50784 106 50917 27 50975 44 51039 106 51173 27 51231 44 51293 106 51429 27 51484 47 51547 107 51685 27 51737 50 51797 113 51941 27 51990 52 52052 114 52197 27 52244 54 52307 116 52453 27 52493 61 52563 122 52694 4 52709 27 52748 62 52819 123 52949 43 53003 63 53075 125 53205 43 53258 64 53331 127 53460 44 53514 64 53586 174 53770 64 53842 174 54026 63 54098 174 54282 63 54353 175 54538 64 54607 177 54793 247 55049 247 55305 247 55560 248 55816 248 56072 248 56328 248 56584 248 56840 248 57096 248 57352 248 57609 247 57866 246 58123 245 58379 245 58636 244 58893 243 59150 242 59407 241 59664 240 59922 2 59927 233 60184 232 60441 231 60697 231 60953 231 61209 231 61465 231 61721 231 61978 230 62235 229 62493 227 62750 226 63008 224 63265 223 63523 221 63779 221 64036 220 64292 220 64549 219 64805 219 65062 218 65319 217
000022,44582 4 44836 9 45091 13 45347 15 45604 15 45861 14 46118 13 46375 11 46574 4 46633 7 46822 13 46839 2 47076 25 47331 29 47586 30 47842 30 48098 30 48355 29 48612 28 48869 27 49126 26 49382 26 49639 25 49895 25 50152 14 50172 4 50408 13 50428 4 50665 11 50684 4 50923 9 50939 5 51180 7 51195 5 51451 5 51707 8 51963 9 52001 3 52220 8 52255 7 52445 7 52459 2 52477 6 52509 9 52700 11 52713 12 52733 5 52764 11 52956 25 52989 5 53019 12 53145 5 53212 26 53245 3 53275 12 53398 8 53469 27 53501 2 53531 13 53653 9 53715 5 53725 34 53787 13 53907 11 53970 8 53981 35 54044 12 54160 14 54224 12 54237 35 54300 12 54414 16 54479 13 54493 35 54557 11 54572 3 54670 16 54730 17 54750 34 54813 11 54827 4 54925 16 54984 19 55006 34 55069 11 55083 5 55181 17 55238 58 55326 10 55339 5 55393 2 55437 17 55457 4 55492 60 55567 3 55582 9 55593 7 55646 8 55690 28 55747 61 55822 12 55839 6 55848 9 55900 12 55944 30 56002 62 56077 15 56104 9 56155 15 56199 30 56254 66 56333 17 56359 11 56411 16 56454 31 56509 67 56589 18 56613 14 56666 17 56710 32 56764 68 56844 20 56868 16 56922 17 56964 38 57019 69 57099 41 57178 16 57218 41 57274 70 57354 42 57435 15 57472 44 57530 70 57609 44 57693 13 57725 47 57785 71 57863 46 57951 11 57965 5 57980 48 58041 71 58118 48 58207 20 58235 49 58297 71 58374 48 58461 24 58490 50 58552 72 58629 49 58716 80 58805 75 58884 50 58971 82 59060 76 59140 50 59199 7 59225 85 59314 78 59396 50 59454 9 59480 168 59651 51 59710 9 59735 169 59907 52 59966 10 59990 170 60163 53 60222 10 60246 170 60417 56 60479 9 60501 228 60738 5 60755 230 60997 1 61009 231 61263 113 61377 118 61518 114 61634 116 61774 115 61891 114 62030 115 62147 113 62285 230 62540 229 62795 226 63050 226 63303 226 63558 224 63813 224 64068 224 64323 225 64579 224 64835 220 65090 219 65347 189
000032,0 56395 56396 9140
652005,0 65536
000074,0 65536
000015,6 21 225 30 262 21 481 30 518 21 737 29 775 20 994 28 1031 20 1251 27 1288 19 1511 23 1544 19 1768 22 1801 18 2025 21 2057 18 2092 5 2281 21 2313 19 2346 8 2537 20 2560 2 2570 18 2598 12 2793 19 2816 3 2825 20 2853 13 3049 17 3072 4 3081 12 3095 8 3107 16 3305 17 3328 4 3337 12 3351 28 3561 16 3584 5 3594 41 3817 15 3840 5 3851 41 4073 15 4096 6 4108 40 4331 12 4352 5 4364 40 4588 10 4608 5 4621 39 4844 8 4864 3 4880 36 5101 4 5137 35 5357 3 5394 35 5613 3 5650 36 5869 2 5906 38 6162 39 6418 40 6674 41 6930 42 7186 42 7441 44 7696 45 7951 46 8207 46 8462 37 8500 8 8718 37 8760 1 8974 36 9230 36 9487 35 9743 35 9999 34 10255 32 10510 31 10662 3 10766 25 10794 1 10832 6 10917 6 11022 23 11086 12 11158 3 11173 7 11279 22 11342 15 11366 3 11413 6 11429 7 11535 22 11597 17 11622 4 11653 2 11669 7 11686 6 11792 22 11851 20 11878 4 11918 15 11942 6 12050 10 12063 9 12107 21 12133 5 12172 18 12199 5 12309 6 12319 10 12362 22 12389 5 12427 21 12457 1 12567 2 12576 9 12619 22 12647 1 12683 22 12833 8 12875 22 12939 23 13090 7 13131 23 13194 25 13347 6 13386 24 13443 32 13604 5 13641 26 13698 34 13861 2 13896 27 13953 35 14151 29 14207 38 14407 29 14462 39 14663 30 14717 40 14848 3 14919 30 14973 39 15104 4 15177 29 15229 39 15360 4 15439 24 15486 38 15616 3 15696 23 15743 36 15872 3 15953 21 16001 34 16128 3 16210 20 16258 33 16384 4 16467 18 16514 33 16640 5 16725 14 16771 33 16896 6 16984 10 17027 40 17152 7 17242 6 17283 41 17408 8 17539 41 17664 9 17795 41 17921 8 18052 40 18177 9 18229 4 18235 3 18308 39 18433 9 18485 4 18491 4 18564 36 18688 10 18741 4 18747 4 18820 35 18944 9 19003 5 19076 35 19200 9 19259 5 19332 35 19457 4 19515 5 19589 34 19772 3 19845 35 20029 3 20101 35 20286 3 20357 35 20542 4 20614 24 20640 9 20797 6 20870 22 20897 8 21052 7 21126 21 21153 8 21306 10 21382 21 21409 7 21555 4 21560 12 21638 21 21666 5 21809 19 21894 21 22065 19 22150 21 22320 20 22407 20 22576 19 22664 19 22832 16 22920 19 23089 12 23177 16 23346 10 23433 15 23604 7 23688 15 23944 15 24200 14 24457 13 24713 13 24970 10 25069 5 25228 7 25324 8 25484 6 25579 10 25742 2 25834 11 26089 12 26345 12 26600 14 26851 19 27106 20 27362 20 27618 20 27874 20 28130 19 28387 18 28643 18 28899 18 29155 18 29412 16 29668 15 29925 14 30181 12 30437 6 30693 5 30949 5 31206 3 31537 4 31791 8 32047 9 32302 15 32557 18 32812 20 33067 22 33322 23 33578 24 33834 25 34043 1 34087 28 34293 9 34342 29 34547 12 34596 31 34802 12 34851 32 35058 12 35107 32 35313 12 35362 33 35569 11 35617 33 35826 10 35872 34 36084 7 36127 35 36342 1 36383 34 36639 34 36894 34 37150 34 37406 34 37662 33 37919 32 38175 25 38387 2 38432 23 38636 11 38690 21 38891 14 38906 6 38949 19 39146 22 39208 16 39398 26 39468 12 39652 28 39727 9 39908 28 39987 4 40163 29 40410 2 40419 29 40574 4 40665 4 40675 29 40829 10 40921 4 40931 29 41084 11 41177 4 41187 29 41341 10 41434 2 41443 29 41598 9 41699 29 41857 6 41955 29 42114 5 42212 28 42370 6 42468 28 42626 6 42724 28 42882 6 42980 28 43139 4 43157 4 43236 28 43412 6 43491 29 43667 8 43746 30 43923 8 44002 30 44179 9 44258 30 44435 9 44517 27 44690 10 44775 25 44946 9 45032 24 45203 8 45289 23 45459 7 45546 22 45717 3 45803 21 46059 21 46316 20 46572 20 46829 19 47085 19 47342 18 47599 17 47856 16 48113 15 48369 15 48626 8 48635 5 48883 5 48893 2 52531 4 52786 7 53041 9 53294 13 53549 14 53803 17 54058 18 54313 19 54441 7 54568 19 54689 3 54695 9 54782 1 54823 20 54944 5 54950 10 55032 8 55078 21 55200 15 55286 10 55334 22 55456 15 55541 11 55590 22 55714 13 55796 12 55847 21 55971 12 56051 13 56104 19 56227 12 56300 20 56366 13 56484 12 56554 22 56624 11 56741 11 56755 3 56809 23 56880 10 56998 9 57010 4 57063 25 57136 10 57255 6 57266 5 57318 26 57391 11 57511 4 57522 5 57574 26 57641 18 57779 3 57830 26 57897 19 58086 26 58152 21 58343 25 58407 23 58599 25 58663 24 58856 24 58919 25 59112 24 59174 26 59368 24 59430 26 59624 24 59686 26 59881 23 59941 26 60137 23 60197 25 60393 23 60452 25 60649 23 60708 25 60905 23 60965 23 61046 2 61054 4 61161 23 61221 23 61300 17 61417 23 61478 22 61556 17 61673 23 61734 22 61812 18 61930 22 61990 21 62068 18 62188 20 62246 9 62324 17 62408 4 62415 2 62446 18 62503 7 62580 18 62663 12 62703 17 62760 5 62836 19 62918 13 62960 16 63092 19 63173 15 63216 16 63348 20 63428 16 63473 15 63604 20 63683 17 63729 15 63859 21 63938 18 63986 14 64115 20 64193 19 64243 13 64371 19 64449 19 64500 12 64627 18 64705 19 64756 12 64884 14 64960 20 65013 11 65140 12 65216 20 65269 11 65397 9 65472 20 65527 9
227391,0 65536
000050, 
460549,0 12799 12800 255 13056 255 13312 255 13568 255 13824 25486 39312 22 39339 227 39568 21 39597 225 39823 23 39854 81 39936 167 40110 81 40192 168 40365 81 40448 170 40620 81 40704 251 40956 1 40960 250 41216 250 41472 250 41728 182 41912 66 41984 180 42165 1 42168 66 42240 179 42421 1 42425 17 42443 47 42496 94 42593 82 42681 65 42752 92 42849 82 42937 65 43004 2 43008 91 43106 80 43194 65 43260 3 43264 91 43362 78 43450 69 43520 91 43617 79 43706 162 43873 79 43961 248 44217 249 44473 249 44728 252 44981 4375 49358 254 49614 249 49865 4 49871 248 50123 2 50128 248 50379 2 50385 247 50641 249 50897 5 50903 9572 60476 2114 62593 252 62848 191 63040 118 63160 254 63417 1 63420 249 63677 248 63934 248 64189 249 64445 249 64701 2 64704 246 64961 245 65218 243 65477 59
000088,0 65536
798724,0 8835 8836 257 9094 1783 10879 341 11221 3857 15080 763 15845 330 16176 256 16433 15386 31820 3779 35600 766 36367 2025 38393 512 38906 765 39672 23571 63244 256 63501 2035
144284,0 778 785 249 1037 1109 2155 247 2411 246 2667 243 2922 124 3048 118 3168 2 3171 3 3175 126 3304 192 3499 58 3560 112 3675 76 3755 58 3815 112 3931 75 4010 172 4187 74 4266 173 4442 74 4521 174 4697 75 4777 86 4864 164 5032 87 5120 164 5288 87 5376 164 5543 88 5632 26 5659 228 5888 25 5917 226 6144 25 6173 226 6400 25 6429 252 6685 253 6941 253 7197 254 7452 227 7680 123 7805 255 8061 2483 10547 253 10803 253 11057 672 11731 128 11860 2 11863 120 11987 120 12111 2 12120 119 12243 118 12376 118 12499 117 12632 118 12755 117 12887 118 13009 119 13141 120 13264 120 13396 122 13519 121 13650 182 13836 60 13905 183 14092 44 14141 11 14160 184 14349 42 14399 11 14414 186 14604 42 14655 246 14912 244 15168 244 15423 245 15679 245 15934 246 16190 246 16445 247 16701 247 16956 248 17211 250 17467 251 17721 8117 25840 254 26096 253 26352 253 26608 254 26864 114 26979 139 27119 111 27232 1 27236 250 27492 248 27749 247 28005 244 28261 244 28516 244 28772 244 29027 157 29185 87 29282 247 29536 249 29791 686 30479 253 30736 252 30992 251 31248 252 31504 252 31759 2055 33815 1000 34816 18 34836 235 35072 18 35093 234 35328 18 35349 234 35584 18 35605 234 35840 17 35861 234 36096 17 36116 235 36352 17 36371 254 36626 255 36882 255 37138 255 37394 279 37674 254 37933 248 38191 208 38400 37 38447 208 38656 37 38703 208 38912 38 38959 208 39168 40 39215 208 39424 40 39472 207 39680 40 39728 207 39936 41 39984 93 40079 112 40192 42 40240 92 40337 110 40448 44 40496 91 40594 109 40704 46 40751 92 40849 110 40960 138 41104 111 41216 138 41355 116 41472 255 41728 255 41984 255 42240 255 42496 255 42752 79 42836 171 43008 79 43093 170 43264 78 43349 170 43520 77 43605 170 43776 76 43861 170 44032 75 44117 170 44288 74 44372 171 44544 73 44627 172 44800 72 44882 173 45056 52 45111 1 45113 15 45137 174 45312 52 45370 14 45392 175 45568 53 45626 14 45648 175 45824 56 45881 15 45903 139 46044 35 46080 71 46157 93 46252 44 46300 35 46336 71 46413 91 46509 42 46557 34 46592 71 46668 91 46764 43 46814 33 46848 72 46923 92 47019 43 47070 33 47104 167 47273 43 47325 34 47360 212 47580 35 47616 211 47836 35 47872 165 48039 43 48091 36 48128 164 48295 41 48345 38 48384 164 48552 38 48600 39 48640 162 48808 37 48856 39 48896 161 49063 37 49112 39 49152 161 49319 35 49368 39 49408 160 49573 35 49624 39 49664 159 49828 35 49880 39 49920 159 50082 36 50135 40 50176 158 50337 35 50390 41 50432 158 50593 35 50645 42 50688 157 50848 36 50901 42 50944 158 51103 37 51156 43 51200 196 51412 32 51445 10 51456 196 51666 34 51701 10 51712 50 51764 144 51921 35 51957 10 51968 51 52021 144 52176 36 52214 9 52224 51 52279 143 52431 37 52470 9 52480 52 52536 143 52686 49 52736 53 52791 101 52893 42 52941 50 52992 53 53047 32 53089 56 53149 43 53195 52 53248 53 53302 31 53346 54 53405 98 53504 53 53558 31 53602 53 53661 98 53760 85 53859 50 53916 99 54016 86 54113 43 54160 4 54171 100 54272 88 54368 42 54426 101 54528 90 54623 42 54679 104 54784 136 54931 108 55040 136 55185 110 55296 134 55440 111 55552 133 55695 112 55808 132 55949 114 56064 131 56203 50 56260 59 56320 130 56458 50 56517 58 56576 130 56713 49 56773 58 56832 129 56968 49 57029 58 57088 129 57222 50 57285 58 57344 129 57476 52 57541 58 57600 184 57796 59 57856 184 58052 59 58112 184 58308 39 58351 16 58368 184 58564 39 58607 16 58624 184 58819 40 58863 201 59075 244 59331 243 59586 240 59828 1 59840 233 60088 240 60342 239 60597 239 60853 238 61108 237 61364 237 61619 237 61875 237 62130 237 62384 239 62639 239 62893 241 63148 241 63404 241 63659 242 63915 241 64171 241 64426 242 64682 243 64938 244 65193 244 65450 86
695503,0 65536
000009,0 26 44 15 153 129 299 17 409 129 553 18 665 128 806 21 921 128 1060 13 1077 4 1177 114 1299 5 1316 13 1434 111 1557 2 1571 16 1690 111 1826 20 1893 8 1947 110 2080 24 2147 11 2203 110 2334 33 2403 12 2459 109 2587 37 2658 14 2715 109 2841 40 2914 15 2971 109 3096 43 3170 15 3226 110 3352 45 3426 15 3482 110 3607 47 3682 15 3738 110 3863 48 3938 14 3994 109 4119 49 4194 14 4250 109 4373 51 4450 13 4506 109 4629 52 4706 13 4763 107 4885 52 4961 13 5019 106 5140 54 5217 12 5277 103 5397 53 5473 12 5535 97 5633 1 5641 5 5653 12 5668 39 5717 2 5729 12 5791 97 5893 10 5909 12 5925 38 5971 6 5986 11 6048 96 6146 31 6181 39 6226 8 6243 9 6304 96 6401 33 6438 53 6499 9 6560 131 6693 54 6757 6 6816 188 7014 4 7072 188 7271 2 7328 188 7584 189 7840 189 8096 96 8194 5 8201 84 8352 96 8458 83 8608 96 8715 82 8865 95 8972 82 9121 95 9228 82 9376 96 9485 82 9632 96 9741 81 9887 97 9996 30 10028 50 10132 6 10142 98 10252 28 10285 49 10379 117 10508 27 10541 50 10634 118 10764 26 10797 50 10889 119 11020 25 11053 50 11145 119 11277 23 11309 50 11401 119 11533 22 11565 51 11656 120 11789 22 11821 51 11911 121 12045 21 12077 52 12166 122 12302 20 12333 52 12421 123 12558 19 12590 52 12677 123 12816 17 12848 50 12932 124 13078 9 13109 45 13187 125 13367 43 13441 127 13624 42 13696 103 13802 22 13880 42 13952 102 14058 22 14136 42 14208 128 14392 42 14464 128 14648 42 14721 127 14905 41 14978 126 15161 42 15234 126 15418 42 15490 126 15674 43 15745 127 15930 44 16000 128 16187 44 16256 128 16443 44 16511 129 16699 45 16767 129 16955 45 17023 129 17211 45 17279 129 17466 47 17534 130 17722 47 17789 131 17976 49 18045 131 18223 59 18301 131 18478 60 18558 5 18564 124 18731 63 18821 123 18986 63 19077 123 19242 63 19333 123 19497 64 19590 122 19753 65 19846 122 20009 65 20103 121 20264 67 20359 121 20519 69 20615 121 20774 31 20807 37 20871 121 21029 32 21063 37 21126 122 21285 32 21320 36 21382 122 21541 32 21576 36 21637 123 21796 33 21831 36 21893 123 22052 70 22148 124 22308 69 22404 14 22420 108 22564 69 22660 14 22676 108 22821 69 22916 14 22932 108 23077 69 23172 124 23334 69 23426 126 23591 68 23681 127 23847 68 23936 128 24103 69 24191 129 24359 70 24447 129 24615 70 24703 129 24870 71 24960 128 25094 6 25126 71 25218 126 25348 10 25381 72 25475 125 25603 14 25636 73 25732 124 25858 16 25892 74 25988 124 26113 17 26147 76 26245 123 26370 16 26403 77 26502 122 26626 15 26659 77 26759 121 26886 9 26916 77 27016 120 27143 6 27174 75 27270 122 27400 3 27431 75 27526 122 27687 75 27781 123 27943 76 28036 124 28200 75 28290 126 28456 76 28546 126 28713 76 28801 127 28970 77 29057 127 29228 76 29306 134 29486 210 29747 205 30004 204 30261 203 30518 202 30777 199 31036 196 31295 57 31355 133 31552 55 31613 131 31808 54 31870 130 32063 55 32127 129 32318 56 32382 130 32573 57 32638 130 32829 57 32894 130 33086 56 33151 129 33343 55 33407 129 33602 52 33663 129 33862 48 33918 130 34118 49 34172 132 34374 186 34630 186 34886 102 34991 81 35075 6 35142 101 35247 81 35329 14 35398 101 35504 97 35654 100 35762 96 35910 98 36020 94 36165 94 36277 93 36421 94 36532 94 36678 92 36788 94 36885 5 36934 92 37043 77 37121 17 37140 7 37190 92 37299 77 37378 15 37396 7 37446 92 37555 77 37636 2 37641 8 37651 8 37702 92 37811 77 37899 6 37906 10 37958 93 38067 77 38156 16 38213 95 38322 78 38417 11 38469 73 38543 22 38576 80 38673 11 38725 72 38800 23 38830 82 38929 11 38981 98 39086 82 39184 12 39238 97 39341 83 39438 14 39495 95 39597 83 39694 14 39751 95 39852 84 39949 14 40006 40 40047 53 40108 84 40204 15 40262 94 40363 85 40460 14 40518 94 40619 85 40716 15 40754 3 40774 94 40875 85 40972 15 41009 5 41030 94 41131 85 41227 16 41265 6 41287 93 41387 85 41483 21 41521 6 41544 62 41608 29 41643 85 41738 24 41777 6 41803 48 41855 6 41865 28 41898 86 41994 25 42034 4 42059 47 42112 3 42123 26 42152 88 42250 27 42314 16 42333 29 42380 116 42505 29 42552 5 42570 15 42590 28 42637 115 42759 31 42807 6 42825 15 42850 24 42894 22 42918 90 43015 31 43063 6 43081 15 43109 20 43150 18 43175 89 43271 32 43319 6 43334 19 43365 20 43407 9 43431 89 43526 33 43575 6 43587 24 43621 21 43664 6 43688 88 43782 33 43833 2 43842 27 43876 22 43923 1 43944 88 44037 35 44098 27 44131 23 44201 87 44293 35 44354 27 44386 25 44457 87 44548 36 44610 26 44642 26 44713 87 44804 37 44846 4 44866 26 44897 30 44968 88 45061 36 45101 7 45122 26 45153 32 45224 88 45317 36 45355 15 45378 26 45408 34 45479 89 45573 54 45634 27 45663 36 45735 89 45828 57 45890 66 45990 90 46083 60 46146 67 46244 92 46338 132 46499 228 46754 229 47009 162 47172 68 47264 163 47430 66 47520 163 47688 64 47776 163 47945 62 48032 163 48202 61 48287 166 48456 63 48543 231 48799 231 49055 230 49311 228 49567 227 49823 226 50079 221 50335 218 50591 218 50847 217 51103 218 51360 217 51616 218 51874 6 51883 150 52039 53 52139 149 52299 52 52395 149 52557 51 52650 150 52814 51 52906 150 53071 53 53163 149 53329 53 53419 149 53586 53 53677 146 53843 53 53934 145 54100 54 54159 6 54190 144 54357 75 54447 143 54613 76 54703 143 54870 76 54959 144 55126 76 55213 146 55364 2 55382 13 55397 61 55462 162 55639 11 55653 61 55716 164 55895 11 55910 59 55972 164 56151 11 56167 59 56228 164 56407 11 56424 223 56663 10 56682 221 56920 9 56946 212 57177 8 57207 207 57434 6 57463 207 57692 3 57718 208 57974 208 58230 11 58245 193 58485 11 58502 192 58742 10 58759 191 58998 9 59016 190 59255 7 59274 188 59531 187 59788 187 60045 187 60302 187 60559 188 60817 189 61075 189 61333 188 61575 1 61590 188 61830 4 61846 188 62085 6 62103 187 62335 13 62359 187 62590 16 62615 182 62845 18 62871 181 63101 18 63127 181 63314 1 63358 18 63383 181 63569 3 63614 18 63639 181 63824 5 63871 17 63896 180 64079 10 64128 16 64153 179 64335 15 64385 15 64411 106 64523 65 64590 17 64641 15 64669 4 64681 2 64685 86 64780 64 64846 17 64898 15 64943 82 65037 81 65154 14 65199 81 65301 53 65359 8 65370 2 65410 14 65455 81
938416,0 6758 6760 254 7016 254 7272 248 7522 4 7527 249 7778 4 7783 249 8034 4 8039 248 8289 5 8296 246 8546 4 8554 2 8557 1 8560 238 8803 3 8819 235 9077 233 9335 231 9591 231 9847 231 10103 231 10359 230 10615 230 10870 231 11126 231 11381 233 11636 229 11867 3 11891 229 12147 229 12403 228 12659 228 12914 228 13169 229 13424 230 13679 231 13934 231 14189 231 14445 231 14701 231 14956 232 15211 233 15466 234 15722 229 15955 2 15977 229 16233 229 16489 229 16745 229 17000 229 17255 230 17510 104 17617 124 17765 103 17874 124 18021 103 18132 122 18277 101 18389 121 18533 100 18647 119 18788 99 18904 113 19043 97 19160 112 19299 96 19416 111 19554 97 19671 113 19810 98 19925 117 20043 2 20066 98 20180 122 20321 100 20435 122 20577 101 20690 120 20833 102 20945 121 21088 104 21200 123 21343 105 21456 122 21599 105 21712 124 21854 108 21968 125 22109 110 22223 126 22365 239 22620 234 22856 4 22876 234 23112 4 23131 235 23368 4 23387 235 23625 2 23642 236 23880 4 23897 243 24153 237 24392 4 24408 238 24648 4 24664 234 24899 3 24919 235 25174 236 25429 236 25685 237 25936 242 26191 243 26447 242 26702 240 26958 240 27213 113 27335 118 27468 113 27592 116 27723 111 27848 117 27977 113 28105 117 28224 1 28232 113 28362 116 28480 1 28488 112 28619 114 28745 111 28875 113 29001 110 29131 113 29256 111 29388 112 29511 112 29644 112 29765 115 29899 113 30017 89 30108 28 30155 113 30272 90 30364 29 30411 113 30527 91 30620 29 30667 113 30783 88 30876 8 30886 20 30922 108 31032 4 31040 86 31132 3 31142 20 31177 109 31288 4 31295 86 31389 1 31399 21 31433 54 31488 55 31544 93 31656 22 31688 55 31744 32 31778 21 31800 93 31912 22 31943 207 32167 24 32199 207 32417 31 32454 208 32672 33 32710 209 32928 33 32965 210 33183 35 33221 210 33438 37 33477 209 33693 39 33734 208 33949 39 33990 208 34204 41 34247 207 34459 42 34504 205 34714 44 34760 204 34970 44 35016 204 35225 251 35480 252 35736 142 35880 6 35887 101 35992 142 36136 6 36143 103 36247 143 36392 4 36400 246 36655 245 36911 239 37168 238 37423 235 37660 1 37677 237 37931 239 38185 242 38428 1 38441 241 38696 242 38951 239 39207 238 39461 237 39715 222 39938 3 39943 7 39970 223 40194 2 40200 5 40225 223 40480 224 40736 224 40992 224 41248 224 41503 225 41758 226 42012 228 42266 231 42520 233 42754 2 42774 235 43010 2 43016 4 43029 241 43272 7278 50552 254 50808 253 51067 249 51323 248 51580 247 51837 247 52095 246 52351 247 52607 228 52836 20 52862 228 53094 19 53117 96 53216 129 53351 19 53372 96 53473 128 53609 115 53729 128 53866 113 53985 128 54123 111 54241 128 54380 110 54497 128 54637 109 54754 127 54894 108 55011 127 55151 107 55268 126 55408 107 55525 126 55664 107 55781 126 55920 108 56037 127 56176 108 56292 129 56432 108 56548 129 56688 110 56803 131 56944 247 57198 250 57453 3730 61184 255 61440 255 61696 250 61948 3 61952 250 62204 3 62208 250 62464 248 62720 248 62976 248 63232 248 63485 2 63488 249 63740 3 63744 249 63996 3 64000 250 64251 1285
000061,0 65536
196973,0 65536
672675,0 9232 9233 510 9744 3068 12814 5600 18415 1232 19648 1013 20662 1954 22617 992 23610 1666 25277 1547 26825 238 27064 5 27070 511 27582 255 27838 7 27846 763 28610 256 28867 1028 29896 55 29952 255 30208 255 30464 255 30720 255 30976 255 31232 255 31488 255 31744 255 32000 887 32888 3446 36337 249 36596 244 36851 244 37106 244 37360 245 37615 215 37831 29 37870 192 38063 19 38087 30 38125 193 38319 20 38343 30 38381 193 38575 21 38598 32 38636 190 38828 59 38891 191 39086 59 39146 192 39340 120 39461 5223 44685 5886 50572 305 50878 2746 53625 254 53880 257 54138 252 54391 257 54649 769 55419 9 55429 245 55675 3 55679 5 55685 245 55932 509 56443 770 57215 248 57466 250 57717 257 57978 253 58233 7087 65321 215
798199,0 65536
000040,0 65536
567220, 
398196,0 65536
260940,0 466 471 254 727 254 984 253 1240 7366 8608 253 8864 252 9120 252 9376 252 9633 253 9888 254 10144 1006 11151 251 11408 249 11664 62 11727 184 11920 62 11984 182 12176 62 12240 182 12432 2 12437 57 12496 182 12694 6 12701 49 12752 182 12952 3 12958 232 13208 3 13215 231 13464 4 13474 28 13503 3 13507 196 13720 6 13730 28 13760 2 13764 196 13976 6 13986 23 14011 3 14020 198 14230 10 14243 19 14277 219 14500 17 14534 7 14542 211 14756 12 14770 4 14791 5 14799 211 15013 11 15027 1 15044 2 15048 3 15056 208 15272 6 15300 2 15306 1 15312 209 15531 3 15556 2 15568 209 15787 3 15813 1 15818 216 16044 2 16073 217 16295 1 16300 2 16328 161 16494 53 16551 1 16584 161 16751 53 16805 3 16840 160 17008 56 17068 1 17095 161 17264 57 17324 2 17350 162 17521 57 17579 3 17605 163 17778 63 17860 164 18035 63 18115 164 18290 65 18370 42 18416 119 18545 66 18626 40 18673 119 18800 68 18881 41 18930 118 19055 69 19137 39 19187 116 19307 74 19393 39 19443 116 19560 78 19648 40 19699 195 19904 40 19955 197 20159 39 20199 1 20211 135 20351 59 20414 40 20467 133 20607 103 20723 133 20863 103 20980 132 21119 100 21220 2 21236 132 21375 99 21476 2 21493 132 21631 99 21732 2 21749 132 21887 94 21983 3 21988 2 22005 132 22143 94 22241 1 22244 1 22262 132 22399 93 22500 2 22520 2 22524 127 22653 1 22655 91 22756 2 22777 1 22780 3 22784 211 23037 2 23040 126 23167 83 23296 126 23423 81 23552 125 23680 79 23808 126 23936 77 24064 126 24192 76 24320 126 24448 2 24451 72 24576 126 24707 20 24731 47 24832 127 24964 18 24989 45 25088 128 25220 18 25245 45 25344 128 25476 17 25501 46 25600 129 25732 18 25758 46 25856 130 25987 19 26013 47 26112 150 26269 48 26368 1 26370 148 26525 48 26624 1 26626 2 26630 144 26780 49 26880 1 26882 2 26887 143 27036 50 27127 1 27136 1 27138 2 27144 142 27291 51 27383 3 27390 1 27392 1 27394 2 27400 141 27547 51 27638 5 27646 1 27650 2 27656 141 27803 52 27894 5 27900 1 27902 1 27906 2 27912 142 28059 53 28150 9 28162 2 28168 142 28312 2 28315 53 28403 12 28424 143 28568 56 28659 12 28680 201 28914 13 28928 1 28931 1 28935 201 29170 15 29186 2 29189 203 29424 17 29442 207 29679 18 29698 207 29934 19 29954 207 30188 229 30442 23 30466 148 30616 57 30697 24 30722 141 30868 2 30873 56 30952 25 30978 141 31128 57 31208 24 31234 141 31383 59 31463 25 31490 141 31639 59 31705 7 31718 26 31746 3 31751 137 31895 59 31960 10 31971 29 32008 136 32149 63 32213 1 32215 41 32264 138 32403 109 32523 245 32781 243 33039 241 33299 145 33448 88 33555 145 33704 88 33812 145 33960 88 34068 62 34132 2 34136 168 34324 62 34388 2 34392 168 34580 62 34644 2 34649 7 34659 157 34836 61 34901 1 34907 5 34917 155 35092 60 35165 2 35175 153 35347 59 35422 1 35431 153 35603 58 35687 153 35859 57 35943 153 36114 58 36197 155 36370 58 36450 158 36626 58 36703 161 36881 58 36959 161 37122 1 37136 59 37214 163 37378 2 37392 58 37467 169 37647 58 37720 172 37902 58 37975 175 38157 57 38230 91 38324 83 38412 57 38485 91 38580 144 38741 91 38836 144 38996 92 39093 143 39250 95 39349 142 39506 96 39604 142 39761 241 40016 240 40272 239 40528 238 40783 238 41039 238 41295 110 41406 126 41551 109 41662 126 41807 109 41918 126 42064 108 42174 126 42319 109 42432 123 42575 109 42688 63 42752 4 42758 53 42831 108 42945 1 42947 58 43008 4 43014 53 43087 107 43205 54 43264 1 43266 2 43270 52 43343 107 43460 54 43520 5 43526 52 43599 108 43716 54 43776 57 43855 107 43973 53 44032 56 44110 108 44230 51 44288 54 44365 109 44486 50 44544 53 44621 102 44725 5 44742 19 44763 29 44800 51 44877 102 44983 3 44997 19 45020 28 45056 51 45133 102 45240 2 45252 20 45280 24 45312 50 45389 102 45497 1 45508 20 45536 24 45568 50 45644 103 45763 21 45793 23 45824 50 45900 103 46019 17 46049 23 46080 49 46156 103 46275 17 46306 23 46336 48 46412 104 46531 17 46563 22 46592 47 46668 105 46787 17 46819 23 46848 45 46924 106 47043 17 47076 22 47104 43 47180 106 47299 17 47332 23 47360 42 47426 3 47436 109 47551 1 47555 17 47589 22 47612 1 47616 40 47678 8 47692 118 47811 17 47845 22 47868 1 47872 40 47933 10 47947 119 48067 18 48101 24 48128 40 48188 13 48203 119 48323 19 48343 6 48356 23 48380 1 48384 41 48443 80 48527 51 48580 26 48612 23 48636 1 48640 41 48699 78 48784 51 48837 25 48867 24 48896 41 48955 77 49040 14 49056 35 49093 1 49095 23 49123 24 49152 41 49211 76 49297 13 49313 34 49351 24 49379 24 49408 41 49467 75 49555 11 49569 33 49607 52 49664 41 49723 75 49811 12 49825 33 49863 52 49920 41 49977 77 50067 46 50120 51 50176 41 50232 78 50324 44 50376 50 50432 41 50488 78 50580 43 50632 51 50688 42 50741 82 50836 41 50887 53 50944 42 50996 86 51092 34 51127 3 51143 55 51200 43 51252 89 51348 3 51352 29 51399 56 51456 44 51508 90 51604 3 51608 28 51655 102 51762 93 51860 31 51911 201 52117 1 52120 27 52168 201 52377 25 52424 202 52634 24 52680 202 52893 21 52936 203 53151 3 53155 15 53183 3 53192 203 53413 17 53433 1 53436 9 53448 204 53670 32 53704 204 53926 33 53960 204 54181 239 54437 239 54691 241 54946 242 55201 243 55456 43 55503 196 55711 43 55761 194 55966 43 56020 8 56031 180 56222 43 56277 6 56288 178 56477 44 56534 3 56545 177 56732 45 56802 177 56987 45 57058 177 57241 47 57315 177 57496 42 57573 177 57751 43 57829 220 58085 219 58341 220 58597 220 58854 219 59110 219 59366 219 59621 220 59877 220 60133 219 60389 111 60504 104 60645 109 60761 103 60900 107 61023 97 61156 102 61280 95 61411 103 61536 52 61591 39 61667 103 61793 51 61848 38 61922 102 62049 49 62105 37 62178 101 62304 50 62362 36 62433 102 62560 28 62590 19 62619 33 62689 102 62816 28 62846 19 62875 32 62944 103 63072 29 63102 19 63131 32 63200 102 63328 49 63387 32 63455 59 63515 43 63581 52 63642 32 63711 59 63772 42 63827 63 63896 35 63965 104 64081 66 64152 37 64220 105 64333 113 64474 107 64588 114 64730 229 64979 238 65235 115 65355 117 65492 44
126000,0 22527 22528 255 22784 255 23040 42496
842508,138 1 140 116 394 1 396 116 651 117 907 117 1163 117 1419 117 1675 117 1931 117 2188 116 2444 116 2700 116 2956 116 3212 116 3469 115 3725 115 3981 115 4238 114 4494 114 4750 114 5006 114 5263 113 5518 114 5774 114 6031 113 6287 113 6543 113 6800 112 7056 112 7312 112 7568 112 7824 112 8081 111 8337 111 8593 111 8849 111 9106 110 9362 110 9618 110 9874 110 10130 110 10387 109 10643 109 10899 109 11155 109 11412 108 11668 108 11924 108 12181 107 12436 108 12693 107 12949 107 13205 107 13461 107 13717 107 13974 106 14230 106 14486 106 14743 105 14999 105 15255 105 15511 105 15767 105 16023 105 16280 104 16536 104 16792 104 17049 103 17304 104 17559 105 17815 1 17817 103 18071 1 18074 102 18329 103 18584 1 18586 102 18842 102 19098 102 19355 101 19611 101 19867 101 20123 101 20379 101 20635 101 20892 100 21148 100 21404 100 21660 100 21916 100 22173 99 22429 99 22685 99 22941 99 23198 98 23454 98 23710 98 23967 97 24222 98 24479 97 24735 97 24991 97 25247 97 25503 97 25760 96 26016 96 26272 96 26528 96 26784 96 27041 95 27297 95 27553 95 27810 94 28066 94 28322 94 28578 94 28834 94 29090 94 29347 93 29603 93 29859 93 30115 93 30372 92 30628 92 30884 92 31140 92 31397 91 31653 91 31909 91 32165 91 32421 91 32678 90 32934 90 33190 90 33446 90 33702 90 33959 89 34215 89 34471 89 34727 89 34984 88 35240 88 35496 88 35753 87 36008 88 36265 87 36521 87 36777 87 37033 87 37290 86 37546 86 37802 86 38058 86 38314 86 38570 86 38827 85 39083 85 39339 85 39596 84 39852 84 40108 84 40364 84 40620 84 40876 84 41133 83 41389 83 41645 1 41647 81 41901 83 42158 82 42414 82 42670 82 42926 82 43182 82 43439 81 43695 81 43951 81 44207 81 44464 80 44720 80 44976 80 45232 80 45488 80 45744 80 46001 79 46257 79 46513 79 46770 78 47026 78 47282 78 47538 78 47794 78 48051 77 48307 77 48563 77 48819 77 49076 76 49332 76 49588 76 49844 76 50100 76 50356 76 50613 75 50869 75 51125 75 51382 74 51638 74 51894 74 52150 74 52407 73 52663 73 52919 73 53175 73 53431 73 53687 73 53944 72 54200 72 54456 72 54712 72 54968 72 55225 71 55481 71 55737 71 55993 71 56250 70 56506 70 56762 70 57018 70 57274 70 57530 70 57787 69 58043 69 58299 69 58556 68 58812 68 59068 68 59324 68 59580 68 59836 68 60093 67 60349 67 60605 67 60862 66 61118 66 61374 66 61630 66 61886 66 62143 65 62399 65 62655 65 62911 65 63168 64 63424 64 63680 64 63936 64 64193 63 64449 63 64705 63 64961 63 65218 62 65475 61
732471, 
874368,0 65536
291134,0 65536
659565,0 65536
578073,0 204 225 234 481 232 737 231 992 231 1243 236 1498 237 1753 237 2008 238 2263 238 2519 237 2775 237 3030 237 3286 237 3541 238 3796 239 4051 240 4307 241 4562 242 4817 46 4864 197 5072 47 5120 200 5328 47 5376 255 5632 255 5888 255 6144 255 6400 255 6656 255 6912 255 7168 255 7424 255 7680 255 7936 255 8192 9600 17795 247 18052 245 18312 241 18569 239 18826 238 19083 237 19338 238 19594 238 19849 240 20104 242 20359 244 20613 247 20868 251 21123 1164 22293 1 22295 244 22552 242 22811 239 23066 240 23322 240 23577 243 23832 245 24086 248 24341 250 24596 4456 29056 107 29167 140 29313 105 29423 141 29569 104 29680 140 29825 103 29935 141 30081 104 30191 142 30337 105 30444 146 30592 2279 32872 6295 39168 255 39424 255 39680 255 39936 255 40192 255 40448 1778 42228 252 42485 250 42741 249 42996 247 43252 247 43508 246 43763 247 44017 249 44273 249 44528 250 44784 250 45039 251 45295 251 45550 252 45806 252 46062 253 46318 4100 50422 252 50678 251 50935 250 51191 8 51200 241 51447 8 51456 242 51703 8 51712 242 51959 3 51963 4 51968 242 52214 4 52219 4 52224 243 52469 5 52475 4 52480 255 52736 250 52987 4 52992 255 53248 250 53499 4 53504 255 53760 255 54016 153 54171 100 54272 152 54429 98 54528 152 54686 97 54784 154 54943 96 55040 157 55199 96 55296 190 55488 1 55491 60 55552 189 55747 60 55808 188 56003 60 56064 189 56259 60 56320 189 56515 60 56576 189 56770 61 56832 188 57026 61 57088 188 57281 62 57344 189 57536 63 57600 255 57856 255 58112 255 58368 1416 59786 253 60042 252 60299 251 60555 255 60812 254 61068 1651 62720 255 62976 255 63232 2304
143150,0 65536
000069,0 65536
398477, 
303895,0 32769 32770 254 33025 3 33029 2 33032 248 33286 4 33292 244 33546 3 33550 2 33553 239 33808 3 33813 235 34067 3 34072 2 34075 229 34329 3 34334 226 34588 4 34593 1 34595 221 34850 4 34856 216 35109 4 35114 2 35117 211 35371 4 35377 207 35631 3 35635 2 35638 202 35893 3 35898 198 36152 3 36156 2 36159 193 36411 1 36414 3 36419 189 36673 3 36678 2 36681 183 36935 3 36940 180 37194 3 37199 1 37201 175 37456 4 37461 171 37715 3 37720 2 37723 165 37977 4 37983 161 38237 2 38241 2 38244 156 38499 3 38504 152 38757 4 38762 2 38765 147 39017 1 39020 3 39025 143 39279 3 39284 1 39286 138 39541 3 39546 134 39800 3 39805 1 39807 129 40062 4 40067 125 40321 3 40326 2 40329 119 40583 4 40589 115 40843 2 40847 2 40850 110 41105 3 41111 105 41363 4 41368 2 41371 101 41623 1 41626 3 41631 97 41885 3 41890 1 41892 92 42147 3 42153 87 42406 3 42411 1 42413 83 42668 4 42673 79 42927 3 42932 2 42935 73 43189 4 43195 69 43449 2 43453 2 43456 64 43711 3 43716 60 43969 4 43974 2 43977 55 44229 1 44232 3 44237 51 44491 3 44496 1 44498 46 44753 3 44758 42 45012 3 45017 1 45019 37 45274 4 45279 33 45533 3 45538 2 45541 27 45795 4 45801 23 46055 2 46059 2 46062 18 46317 3 46322 14 46575 4 46580 2 46583 9 46835 1 46838 3 46843 5 47097 3 47102 1 47358 2
787614,0 65536
675111,0 172 256 172 512 173 768 173 1024 174 1280 174 1536 174 1792 174 2048 174 2304 174 2560 174 2816 175 3072 175 3328 175 3584 176 3840 176 4096 176 4352 176 4608 176 4864 176 5120 177 5376 177 5632 177 5888 178 6144 178 6400 178 6656 178 6912 178 7168 178 7424 179 7680 179 7936 179 8192 180 8448 180 8704 180 8960 180 9216 180 9472 180 9728 181 9984 181 10240 181 10496 182 10752 182 11008 182 11264 182 11520 182 11776 182 12032 183 12288 183 12544 183 12800 183 13056 184 13312 184 13568 184 13824 184 14080 184 14336 185 14592 185 14848 185 15104 186 15360 186 15616 186 15872 186 16128 186 16384 186 16640 187 16896 187 17152 187 17408 188 17664 188 17920 188 18176 188 18432 188 18688 188 18944 189 19200 189 19456 189 19712 189 19968 190 20224 190 20480 190 20736 190 20992 190 21248 190 21504 191 21760 191 22016 192 22272 192 22528 192 22784 192 23040 192 23296 192 23552 192 23808 193 24064 193 24320 193 24576 194 24832 194 25088 194 25344 194 25600 194 25856 194 26112 195 26368 195 26624 195 26880 196 27136 196 27392 196 27648 196 27904 196 28160 196 28416 197 28672 197 28928 197 29184 198 29440 198 29696 198 29952 198 30208 198 30464 198 30720 199 30976 199 31232 199 31488 200 31744 200 32000 200 32256 200 32512 200 32768 200 33024 201 33280 201 33536 201 33792 201 34048 202 34304 202 34560 202 34816 202 35072 202 35328 203 35584 203 35840 203 36096 38 36140 2 36143 157 36352 36 36400 156 36608 34 36656 156 36864 34 36912 156 37120 34 37168 156 37376 35 37422 158 37632 38 37677 160 37888 41 37931 162 38144 205 38400 205 38656 206 38912 206 39168 206 39424 206 39680 206 39936 207 40192 207 40448 207 40704 207 40960 208 41216 208 41472 208 41728 208 41984 208 42240 208 42496 209 42752 209 43008 210 43264 210 43520 210 43776 210 44032 210 44288 210 44544 211 44800 211 45056 211 45312 211 45568 212 45824 212 46080 212 46336 212 46592 212 46848 212 47104 213 47360 213 47616 214 47872 214 48128 214 48384 214 48640 214 48896 214 49152 214 49408 215 49664 215 49920 215 50176 216 50432 216 50688 216 50944 216 51200 216 51456 216 51712 217 51968 217 52224 217 52480 218 52736 218 52992 218 53248 218 53504 218 53760 218 54016 219 54272 219 54528 219 54784 220 55040 220 55296 220 55552 220 55808 220 56064 220 56320 221 56576 221 56832 221 57088 222 57344 222 57600 222 57856 222 58112 222 58368 223 58624 223 58880 223 59136 223 59392 223 59648 224 59904 224 60160 224 60416 224 60672 225 60928 225 61184 225 61440 225 61696 226 61952 226 62208 226 62464 226 62720 226 62976 226 63232 227 63488 227 63744 227 64000 228 64256 228 64512 228 64768 228 65024 228 65280 228
000028,0 65536
416662,0 810 819 247 1075 247 1328 250 1580 254 1836 254 2092 1954 4047 1946 5995 254 6252 253 6508 254 6764 1818 8583 252 8845 244 9102 243 9359 1 9362 238 9618 237 9873 237 10127 239 10383 239 10639 240 10895 240 11152 239 11408 240 11664 240 11920 240 12175 243 12429 248 12685 249 12940 252 13194 2776 15972 248 16231 243 16488 242 16744 242 17000 242 17253 246 17506 4114 21623 253 21880 252 22136 252 22392 252 22648 252 22903 252 23160 55 23220 191 23416 53 23479 188 23671 53 23736 188 23926 53 23992 242 24248 241 24504 241 24760 240 25015 241 25265 187 25453 58 25519 187 25709 58 25773 82 25856 105 25966 58 26027 84 26112 104 26222 250 26478 250 26733 250 26988 251 27243 21041 48288 251 48546 248 48803 246 49061 243 49319 240 49576 239 49832 87 49920 151 50087 88 50176 152 50342 89 50432 152 50597 90 50688 153 50852 86 50939 4 50944 154 51107 87 51195 4 51200 156 51361 252 51616 3523 55140 254 55396 254 55653 252 55909 250 56165 78 56244 170 56421 77 56501 169 56676 77 56758 168 56929 79 57014 250 57271 249 57526 250 57781 250 58037 239 58277 9 58293 245 58548 245 58803 245 59059 243 59314 244 59569 245 59824 246 60080 245 60336 245 60591 246 60847 246 61102 248 61357 249 61612 251 61866 2387 64254 1281
000060, 
191853,0 65536
000099,27 29 72 16 101 12 163 9 183 9 196 60 283 29 328 16 355 15 419 9 439 10 451 61 540 28 585 15 610 16 676 7 695 10 707 61 796 28 842 12 864 18 950 11 963 61 1051 29 1099 8 1118 20 1205 11 1219 61 1307 14 1322 14 1357 3 1371 23 1429 4 1461 10 1475 24 1501 35 1562 14 1580 12 1625 25 1682 8 1717 9 1736 18 1759 33 1818 13 1837 10 1876 29 1937 11 1973 9 1993 17 2016 32 2074 13 2094 9 2131 30 2193 11 2229 9 2250 15 2273 31 2330 12 2356 2 2386 31 2449 12 2485 8 2507 14 2530 30 2586 11 2641 32 2705 13 2741 8 2764 12 2787 29 2842 8 2897 32 2961 13 2998 6 3021 11 3044 28 3098 5 3153 33 3217 15 3257 1 3301 27 3355 2 3408 34 3456 3 3474 16 3557 27 3663 35 3712 4 3732 15 3814 26 3916 38 3967 5 3989 14 4070 26 4171 41 4223 5 4246 13 4326 26 4426 44 4478 7 4503 12 4582 26 4682 59 4759 12 4838 26 4917 3 4938 64 5014 12 5094 26 5172 6 5194 66 5270 10 5350 26 5428 8 5449 68 5525 9 5607 25 5683 12 5705 69 5781 8 5864 24 5938 14 5961 70 6037 8 6120 24 6193 15 6218 55 6277 11 6293 7 6312 6 6326 3 6377 5 6384 16 6449 14 6478 52 6533 11 6549 6 6567 9 6580 7 6604 5 6645 11 6705 14 6735 66 6805 6 6823 20 6860 7 6902 10 6962 12 6991 66 7060 6 7079 21 7116 8 7159 9 7219 7 7248 65 7316 5 7334 22 7372 9 7415 9 7505 26 7543 5 7550 19 7590 23 7628 9 7671 9 7762 24 7807 18 7846 23 7885 8 7927 9 8019 22 8064 17 8102 23 8141 8 8183 9 8275 22 8320 17 8357 24 8397 7 8416 2 8439 9 8532 21 8576 17 8602 1 8610 26 8653 6 8671 4 8695 9 8789 10 8802 6 8832 17 8856 36 8910 4 8927 4 8952 7 9045 9 9059 3 9088 16 9111 35 9183 4 9207 6 9302 8 9316 1 9344 15 9367 31 9438 5 9457 10 9472 1 9559 7 9572 2 9600 14 9622 32 9690 9 9711 10 9728 7 9804 3 9816 7 9855 10 9878 32 9945 10 9967 10 9984 9 10059 5 10071 9 10092 2 10111 9 10134 32 10201 11 10214 4 10221 12 10240 9 10315 6 10327 10 10347 4 10367 9 10390 32 10446 4 10458 10 10470 19 10496 9 10570 8 10582 12 10603 11 10622 10 10646 32 10701 6 10714 10 10725 20 10752 9 10826 9 10837 14 10859 12 10878 10 10903 31 10948 3 10956 8 10971 29 11008 8 11082 27 11114 13 11133 11 11159 31 11202 7 11211 10 11228 28 11264 8 11338 45 11389 11 11415 31 11458 19 11489 14 11505 8 11520 8 11595 44 11645 11 11671 31 11713 20 11745 14 11762 7 11776 7 11851 35 11889 6 11901 12 11927 30 11969 21 12001 15 12018 7 12032 5 12109 4 12114 28 12146 4 12155 15 12183 30 12225 22 12257 24 12288 4 12371 26 12409 20 12438 31 12480 25 12513 23 12544 3 12628 25 12664 22 12694 31 12736 26 12769 23 12800 3 12885 24 12920 23 12949 33 12992 26 13025 22 13056 3 13142 22 13176 23 13205 36 13247 27 13281 22 13312 3 13398 22 13432 23 13461 37 13503 27 13537 22 13568 4 13611 5 13655 21 13689 11 13703 8 13716 39 13758 28 13793 21 13824 4 13867 6 13914 19 13947 7 13959 8 13972 40 14013 29 14050 20 14080 4 14123 7 14172 18 14203 7 14215 10 14227 71 14306 20 14336 4 14379 7 14430 17 14460 5 14471 84 14562 20 14592 3 14634 9 14687 17 14716 4 14728 83 14818 19 14848 3 14890 9 14944 17 14984 64 15052 15 15074 19 15104 2 15145 11 15201 17 15240 62 15308 15 15330 19 15360 1 15401 11 15458 16 15496 12 15511 42 15565 13 15586 18 15656 13 15714 16 15752 11 15768 39 15821 12 15842 18 15912 13 15971 15 16007 12 16025 37 16098 17 16168 13 16227 13 16263 11 16281 36 16355 16 16424 14 16485 1 16519 11 16537 35 16611 16 16681 13 16774 10 16793 34 16867 17 16937 13 17030 9 17049 31 17123 18 17194 12 17286 8 17306 26 17379 19 17413 1 17450 12 17543 7 17562 26 17634 21 17667 6 17705 13 17800 4 17819 25 17880 4 17889 23 17922 8 17960 14 18077 23 18134 8 18144 24 18177 10 18215 15 18334 21 18385 39 18432 11 18470 15 18541 4 18590 21 18637 43 18688 11 18705 6 18726 15 18796 6 18847 21 18892 45 18944 12 18959 11 18982 15 19051 10 19103 25 19148 45 19200 27 19238 14 19307 12 19359 26 19403 46 19456 28 19494 14 19562 16 19616 25 19659 46 19712 28 19751 12 19817 19 19873 23 19915 46 19968 29 20008 10 20073 19 20130 22 20171 46 20224 30 20265 7 20327 22 20387 16 20427 45 20480 31 20521 6 20581 25 20644 14 20682 44 20736 32 20778 6 20836 27 20901 13 20938 42 20992 33 21035 8 21053 4 21090 30 21158 12 21194 33 21230 5 21248 34 21291 9 21308 6 21345 32 21415 11 21449 32 21487 4 21504 34 21547 10 21564 7 21600 34 21672 10 21705 32 21760 34 21802 13 21818 10 21837 5 21856 35 21929 8 21961 14 21978 13 22016 34 22058 28 22090 9 22111 37 22186 6 22217 12 22236 8 22272 34 22313 43 22367 38 22444 2 22474 10 22494 4 22528 35 22564 49 22616 2 22622 39 22732 7 22784 134 23040 134 23296 135 23552 135 23808 134 24064 67 24134 64 24320 66 24390 64 24468 5 24576 66 24647 63 24720 11 24832 65 24903 63 24975 12 25088 65 25160 62 25230 14 25344 64 25417 61 25486 14 25600 63 25674 60 25743 13 25856 59 25930 59 25999 13 26112 57 26186 58 26256 12 26368 56 26442 58 26512 12 26624 55 26699 57 26769 10 26880 54 26955 57 27028 6 27137 52 27213 55 27287 1 27394 51 27470 54 27653 5 27659 41 27727 53 27917 39 27983 54 28176 36 28240 53 28433 35 28497 52 28689 35 28754 51 28946 34 29011 50 29202 34 29269 48 29362 4 29458 34 29526 47 29616 8 29715 33 29782 47 29871 10 29971 33 30037 47 30126 11 30228 32 30291 47 30382 12 30485 31 30545 47 30638 12 30743 29 30800 48 30894 13 30999 29 31056 34 31095 7 31150 13 31256 27 31311 33 31352 5 31405 14 31514 24 31567 31 31661 15 31772 21 31823 28 31917 16 32000 3 32029 9 32040 8 32078 27 32173 17 32256 4 32286 6 32299 4 32334 25 32428 19 32459 3 32480 5 32512 5 32590 24 32683 20 32712 7 32734 8 32768 4 32846 23 32938 22 32966 10 32983 15 33024 4 33102 23 33193 22 33222 10 33237 18 33280 3 33358 23 33448 23 33477 12 33492 19 33614 22 33703 24 33733 35 33840 4 33870 21 33958 25 33988 37 34090 2 34093 9 34126 20 34151 5 34214 25 34243 39 34345 15 34382 21 34405 9 34470 26 34498 40 34600 17 34638 33 34727 67 34853 21 34894 34 34984 66 35107 23 35151 33 35240 67 35361 25 35408 32 35497 66 35615 27 35650 7 35666 31 35754 66 35868 30 35905 8 35923 33 36010 66 36123 31 36161 8 36180 33 36266 67 36378 32 36416 9 36436 34 36522 67 36633 34 36672 9 36692 34 36778 67 36889 34 36927 11 36948 34 37035 66 37145 49 37204 34 37291 66 37401 50 37461 33 37549 64 37657 55 37717 13 37731 19 37808 62 37913 56 37973 11 37987 19 38066 60 38170 55 38230 5 38244 17 38322 9 38333 49 38426 56 38500 14 38579 7 38590 48 38682 57 38756 13 38837 5 38846 48 38938 57 39012 12 39094 3 39102 47 39194 57 39268 11 39358 47 39450 57 39524 11 39614 47 39706 57 39781 8 39870 47 39945 8 39961 58 40038 2 40126 47 40192 19 40217 58 40382 48 40437 4 40448 19 40473 57 40638 63 40704 19 40729 56 40894 65 40960 19 40985 55 41091 12 41150 85 41242 53 41345 15 41406 85 41499 10 41512 38 41600 16 41662 86 41757 6 41768 37 41855 18 41917 87 42017 2 42023 37 42110 19 42173 87 42273 41 42365 20 42430 41 42477 19 42497 20 42529 28 42560 8 42620 22 42686 40 42734 18 42755 18 42785 26 42817 6 42874 24 42943 38 42990 18 43012 17 43041 25 43073 5 43124 30 43200 37 43246 18 43269 9 43281 3 43297 23 43331 1 43378 31 43458 35 43502 18 43525 8 43554 20 43633 31 43730 18 43758 18 43781 9 43810 18 43885 35 43986 18 44013 19 44036 10 44068 11 44139 37 44242 18 44268 20 44290 14 44308 4 44325 9 44391 41 44498 17 44523 21 44545 26 44581 8 44642 46 44754 16 44779 49 44838 7 44896 49 45010 15 45035 49 45095 6 45151 51 45267 11 45291 49 45353 2 45406 54 45524 6 45547 49 45661 59 45781 2 45803 49 45916 62 46059 48 46169 66 46314 48 46424 67 46570 48 46679 68 46797 2 46826 47 46935 68 47051 5 47082 47 47190 68 47307 6 47338 47 47436 1 47445 69 47563 6 47593 47 47691 3 47701 69 47819 6 47849 46 47948 2 47957 70 48075 5 48105 46 48204 2 48213 70 48333 1 48360 47 48469 70 48614 49 48724 72 48870 50 48945 2 48963 11 48980 72 49125 27 49153 23 49183 4 49193 12 49217 14 49234 74 49381 27 49409 23 49439 5 49448 15 49471 94 49637 51 49694 6 49703 16 49726 95 49892 51 49950 6 49958 18 49982 96 50148 51 50207 5 50213 19 50238 97 50405 49 50469 19 50493 98 50661 47 50725 21 50748 100 50917 45 50981 123 51174 44 51237 124 51430 44 51493 125 51687 12 51703 28 51749 128 51944 10 51959 29 52006 130 52202 6 52216 29 52262 131 52472 29 52519 130 52685 8 52728 29 52774 131 52940 11 52985 6 52992 22 53029 132 53196 13 53248 22 53284 133 53451 16 53504 22 53540 134 53706 19 53760 22 53796 134 53955 27 54016 23 54052 135 54210 28 54272 23 54308 139 54466 28 54528 23 54563 142 54722 28 54784 23 54818 144 54978 28 55040 23 55073 146 55234 29 55296 22 55328 148 55491 28 55552 22 55584 150 55747 28 55809 21 55841 151 56004 27 56067 6 56076 9 56097 152 56260 28 56293 5 56325 2 56332 9 56353 153 56517 27 56548 8 56589 7 56608 155 56777 24 56803 11 56818 4 56845 6 56864 156 57034 45 57103 3 57120 158 57291 45 57377 161 57548 46 57633 165 57810 15 57826 25 57890 165 58067 14 58083 27 58146 167 58323 14 58340 27 58402 167 58580 13 58596 28 58658 167 58836 13 58851 29 58901 4 58913 167 59091 45 59156 7 59165 171 59347 45 59411 180 59602 46 59666 98 59768 79 59858 46 59922 94 60026 77 60115 6 60124 36 60178 85 60283 75 60371 6 60380 36 60435 82 60539 75 60627 6 60636 36 60692 79 60794 75 60883 45 60948 78 61050 66 61117 7 61139 45 61205 77 61306 64 61375 3 61394 46 61461 77 61552 2 61562 64 61650 46 61717 77 61806 6 61819 62 61906 46 61973 66 62041 8 62052 17 62075 61 62162 46 62230 63 62297 7 62307 19 62331 61 62418 46 62486 11 62502 46 62554 5 62562 21 62588 59 62674 46 62742 10 62764 39 62816 23 62845 58 62911 1 62929 47 62998 8 63021 37 63071 25 63102 58 63166 3 63185 47 63278 34 63327 25 63359 60 63422 3 63440 48 63535 30 63583 25 63616 61 63679 1 63696 48 63791 8 63800 19 63839 25 63874 5 63885 48 63952 48 64058 15 64095 20 64117 3 64142 47 64209 47 64314 15 64351 18 64400 44 64466 46 64571 14 64607 17 64658 42 64723 45 64828 13 64862 18 64914 42 64978 46 65084 12 65117 19 65171 41 65233 47 65341 10 65373 18 65427 40 65490 46
666091,13 2 16 240 270 242 526 242 781 243 1037 1 1039 241 1293 1 1295 241 1551 241 1806 1 1808 240 2062 1 2064 240 2320 240 2576 240 2832 240 3089 239 3345 239 3602 238 3858 238 4114 238 4370 238 4626 238 4883 237 5139 237 5395 237 5651 237 5908 236 6164 236 6420 236 6677 235 6933 235 7189 235 7445 235 7701 235 7958 168 8127 65 8214 168 8384 64 8470 166 8641 63 8726 166 8899 39 8939 21 8982 164 9155 61 9239 163 9411 61 9495 163 9667 61 9750 1 9752 162 9923 61 10006 1 10008 163 10179 61 10264 163 10433 26 10460 35 10519 1 10521 162 10689 62 10775 1 10777 162 10945 61 11031 1 11033 162 11201 60 11290 161 11457 60 11545 163 11713 61 11802 163 11969 23 11998 33 12058 164 12224 22 12255 33 12314 188 12511 17 12529 15 12571 187 12767 17 12785 15 12826 188 13023 17 13042 13 13081 1 13083 192 13278 18 13300 6 13307 4 13339 212 13558 3 13564 1 13595 211 13815 2 13850 1 13852 210 14071 1 14106 1 14108 210 14327 1 14364 210 14620 211 14875 212 15131 1 15133 209 15389 209 15645 209 15900 1 15902 207 16156 1 16158 208 16414 208 16669 209 16925 209 17181 1 17183 208 17399 1 17437 1 17440 208 17654 3 17695 211 17910 4 17950 1 17952 218 18206 1 18208 218 18464 218 18721 217 18977 218 19233 220 19489 222 19745 222 20002 221 20258 222 20514 222 20770 222 21025 223 21281 1 21283 221 21537 1 21540 220 21795 221 22050 1 22052 220 22306 1 22308 220 22564 220 22819 1 22821 219 23075 1 23077 219 23333 219 23589 219 23845 219 24102 218 24358 218 24614 218 24871 217 25125 1 25127 217 25381 1 25383 217 25637 1 25639 217 25894 1 25896 216 26150 1 26152 216 26406 1 26408 216 26663 217 26919 1 26921 215 27175 1 27177 215 27431 1 27433 215 27689 215 27944 1 27946 214 28200 1 28202 214 28458 214 28714 214 28971 213 29225 1 29227 213 29481 1 29483 213 29739 213 29994 1 29996 212 30250 1 30252 212 30508 212 30763 1 30765 211 31019 213 31275 1 31277 211 31531 1 31533 211 31787 1 31789 211 32044 1 32046 210 32300 1 32302 210 32556 1 32558 210 32813 1 32815 209 33069 1 33071 209 33325 1 33327 209 33581 1 33583 209 33839 209 34094 1 34096 208 34350 1 34352 208 34608 208 34865 207 35121 207 35375 1 35377 207 35633 207 35889 207 36144 1 36146 206 36400 1 36402 206 36658 206 36915 205 37171 205 37427 205 37683 205 37939 205 38196 204 38450 1 38452 204 38708 204 38964 204 39219 205 39475 1 39477 203 39731 1 39734 202 39989 203 40244 1 40246 202 40500 1 40502 1 40504 200 40759 201 41013 1 41015 201 41269 203 41525 1 41527 201 41783 201 42039 201 42294 1 42296 200 42550 1 42552 200 42806 1 42808 200 43063 201 43319 201 43575 1 43577 199 43831 1 43834 198 44088 200 44344 1 44346 198 44600 1 44602 198 44856 1 44858 198 45113 1 45115 197 45369 199 45625 1 45627 197 45881 1 45884 196 46139 197 46394 1 46396 196 46650 1 46652 196 46908 196 47163 1 47165 195 47419 197 47675 1 47677 195 47934 194 48189 195 48444 1 48446 194 48700 1 48702 194 48958 194 49213 195 49469 195 49725 1 49727 193 49981 1 49984 192 50238 194 50494 1 50496 192 50750 1 50752 192 51006 194 51263 1 51265 191 51519 193 51775 1 51777 191 52031 1 52034 190 52288 192 52544 1 52546 190 52800 1 52802 190 53056 1 53058 190 53313 1 53315 189 53569 191 53825 1 53827 189 54081 1 54084 188 54339 189 54594 1 54596 188 54850 1 54852 188 55107 1 55109 187 55363 189 55619 1 55621 187 55875 1 55878 186 56133 187 56388 1 56390 186 56644 1 56646 186 56900 1 56902 186 57157 1 57159 185 57413 187 57669 1 57671 185 57925 1 57928 184 58183 185 58438 1 58440 184 58694 1 58696 184 58952 184 59209 183 59465 183 59721 183 59977 183 60233 183 60488 1 60490 182 60744 1 60746 182 61002 182 61257 89 61348 92 61513 1 61515 86 61605 91 61769 1 61771 85 61861 91 62027 84 62117 91 62283 83 62374 90 62538 1 62540 82 62630 90 62794 1 62796 82 62886 90 63050 1 63052 82 63142 90 63307 1 63309 81 63398 90 63563 83 63654 90 63819 1 63821 81 63910 90 64075 1 64078 80 64165 91 64333 82 64421 91 64588 1 64590 82 64677 91 64844 1 64846 178 65102 178 65359 177
566885,143 113 397 115 651 117 904 70 975 3 979 45 1156 74 1232 48 1410 126 1662 130 1915 133 2168 136 2421 139 2675 141 2927 145 3181 147 3433 151 3686 154 3938 158 4191 161 4443 165 4695 169 4948 172 5201 175 5454 178 5706 182 5960 184 6213 187 6465 191 6717 195 6970 198 7222 202 7476 204 7729 207 7982 210 8235 213 8487 217 8740 220 8992 224 9245 227 9498 230 9750 234 10003 237 10256 240 10509 243 10761 247 11014 42165 53181 253 53438 252 53693 11843
846389,0 330 334 250 590 57 651 187 845 55 908 27 938 156 1101 55 1164 26 1193 156 1357 54 1421 93 1517 88 1613 53 1677 92 1775 86 1870 52 1934 90 2032 86 2126 51 2190 90 2288 57 2347 27 2383 50 2446 89 2544 56 2604 26 2639 49 2702 89 2800 55 2861 27 2895 49 2959 88 3056 54 3117 28 3151 49 3215 88 3312 53 3374 82 3471 88 3568 53 3631 81 3727 89 3824 53 3887 43 3934 34 3983 89 4079 53 4144 40 4191 33 4238 90 4335 27 4363 23 4400 40 4447 33 4494 92 4589 28 4620 22 4656 40 4703 33 4749 123 4877 19 4912 41 4958 34 5004 124 5135 17 5169 41 5211 37 5259 125 5392 15 5425 78 5514 126 5648 15 5681 75 5769 126 5905 14 5936 76 6025 126 6162 12 6192 75 6281 126 6419 11 6448 74 6537 126 6675 9 6703 74 6793 126 6931 8 6959 74 7049 126 7187 5 7214 75 7306 125 7445 2 7470 76 7562 125 7726 76 7818 125 7982 76 8075 124 8238 77 8331 124 8494 78 8588 122 8750 79 8844 122 9006 82 9101 121 9262 83 9357 121 9517 85 9614 120 9773 85 9870 120 10029 85 10125 121 10285 86 10381 121 10541 86 10637 122 10796 88 10893 122 11030 1 11052 89 11149 122 11285 3 11295 3 11304 2 11308 90 11405 122 11533 4 11540 6 11549 106 11660 124 11788 6 11795 27 11823 89 11916 124 12043 35 12079 3 12083 1 12085 213 12300 34 12335 2 12342 212 12556 37 12599 211 12812 5 12818 32 12855 212 13068 5 13074 249 13325 253 13584 5 13590 244 13848 241 14105 51 14162 182 14363 48 14419 181 14621 46 14675 181 14879 44 14930 182 15135 44 15186 182 15391 45 15441 183 15649 43 15694 134 15832 48 15906 42 15950 134 16090 46 16163 41 16206 134 16347 45 16419 41 16462 136 16604 44 16675 180 16861 43 16932 180 17118 42 17188 182 17374 42 17444 183 17631 41 17700 227 17955 228 18211 228 18467 228 18723 228 18979 228 19235 228 19491 229 19729 4 19747 229 19984 5 20003 244 20259 249 20514 250 20770 251 21026 50 21077 201 21281 50 21333 202 21537 49 21591 200 21793 49 21848 249 22104 249 22360 249 22615 250 22871 251 23126 4228 27356 253 27613 252 27870 250 28127 249 28383 249 28639 250 28893 546 29440 255 29696 255 29952 255 30208 255 30464 255 30720 255 30976 255 31232 255 31488 255 31744 255 32000 255 32256 255 32512 255 32768 255 33024 255 33280 255 33536 255 33792 255 34048 255 34304 255 34560 255 34816 255 35072 255 35328 255 35584 255 35840 255 36096 255 36352 29184
570211,0 65536
927607,0 10495 10496 255 10752 255 11008 255 11264 255 11520 255 11776 215 11993 38 12032 201 12234 11 12246 2 12249 250 12505 249 12761 248 13017 248 13272 248 13527 249 13783 40 13824 207 14039 40 14080 207 14294 41 14336 206 14550 41 14592 204 14803 1 14806 246 15059 2 15063 244 15315 2 15319 244 15571 1 15576 243 15825 3 15832 244 16080 4 16086 553 16640 255 16896 178 17076 75 17152 80 17234 96 17334 73 17408 81 17492 95 17592 52 17648 15 17664 81 17750 93 17848 50 17906 13 17920 82 18007 93 18104 50 18161 1 18164 11 18176 84 18263 94 18358 51 18417 1 18420 11 18432 232 18672 248 18928 12 18941 235 19182 12 19195 4 19200 255 19456 248 19705 262 19968 255 20224 255 20480 255 20736 255 20992 255 21248 2742 23991 253 24245 1610 25856 255 26112 255 26368 255 26624 255 26880 4385 31267 9311 40579 255 40835 330 41166 253 41420 51 41472 255 41728 255 41984 249 42234 2 42237 2 42240 255 42496 255 42752 255 43008 255 43264 3355 46620 254 46877 254 47133 255 47389 255 47645 255 47901 104 48006 150 48157 335 48495 1011 49507 12 49520 253 49774 501 50276 6 50285 256 50542 247 50790 6 50799 253 51056 246 51303 4 51312 242 51557 7 51568 242 51813 5 51824 243 52069 4 52081 244 52337 239 52593 238 52848 237 53100 240 53350 177 53529 66 53605 245 53861 245 54116 245 54372 155 54528 89 54627 156 54784 87 54882 157 55040 86 55136 159 55296 85 55391 160 55552 84 55645 162 55808 82 55892 171 56064 255 56320 772 57093 252 57347 2812 60160 255 60416 255 60672 2288 62961 1294 64256 255 64512 765 65280 251
000001,0 28 41 123 174 27 209 75 296 124 430 28 464 76 551 125 685 31 718 78 805 127 938 113 1061 126 1193 115 1316 127 1448 116 1572 127 1703 117 1827 128 1958 117 2083 247 2338 247 2594 247 2849 247 3105 247 3361 247 3617 247 3872 248 4128 248 4385 247 4641 246 4897 245 5153 245 5410 243 5666 242 5922 222 6145 19 6179 221 6402 18 6435 221 6658 18 6691 221 6914 18 6947 221 7170 18 7203 221 7426 18 7459 221 7682 18 7715 221 7938 18 7971 221 8194 18 8227 221 8451 17 8483 221 8708 16 8739 221 8965 15 8995 221 9222 14 9251 221 9479 14 9506 222 9736 14 9761 223 9995 12 10011 229 10251 245 10506 246 10761 247 11016 248 11271 249 11526 4110 15640 252 15897 251 16154 253 16411 157 16570 94 16668 156 16826 95 16925 252 17182 251 17438 251 17694 250 17950 247 18206 245 18463 243 18719 242 18975 241 19232 239 19488 239 19745 183 19937 46 20001 181 20193 46 20258 179 20448 47 20513 178 20704 47 20769 176 20958 49 21024 132 21157 5 21163 11 21175 19 21213 49 21280 127 21421 7 21431 12 21469 48 21536 126 21687 11 21724 47 21793 125 21943 11 21979 47 22052 121 22199 11 22234 47 22309 120 22455 10 22489 46 22565 76 22643 41 22711 9 22745 44 22820 76 22899 40 22969 2 23000 45 23075 76 23155 36 23256 44 23331 75 23411 34 23513 41 23587 74 23667 33 23768 40 23842 75 23923 32 24024 40 24081 4 24097 52 24153 20 24179 31 24280 40 24336 5 24352 49 24411 18 24436 29 24535 41 24591 7 24606 48 24667 17 24692 29 24789 43 24846 8 24862 39 24903 7 24923 16 24949 28 25044 44 25093 1 25102 8 25117 38 25160 5 25178 16 25206 27 25299 45 25347 5 25358 8 25374 36 25434 15 25463 26 25555 45 25601 7 25613 13 25630 32 25689 15 25721 23 25811 54 25869 16 25892 26 25945 14 25978 22 26067 54 26125 17 26150 23 26200 14 26235 21 26322 56 26380 18 26408 21 26456 14 26491 21 26578 76 26665 21 26711 15 26747 21 26834 77 26922 21 26967 14 27003 20 27090 77 27179 20 27222 15 27259 15 27346 78 27435 21 27478 13 27516 13 27602 78 27692 20 27735 9 27772 11 27858 79 27948 20 27971 3 27992 5 28029 9 28115 78 28205 19 28226 5 28286 5 28370 80 28461 19 28481 6 28626 81 28718 26 28882 81 28975 25 29138 82 29233 23 29394 82 29492 20 29650 82 29749 19 29907 81 30006 18 30164 80 30266 14 30421 79 30524 11 30677 79 30781 10 30934 78 31037 10 31190 78 31293 9 31447 77 31548 10 31703 77 31803 11 31960 76 32059 10 32216 76 32315 10 32474 76 32551 3 32572 8 32731 83 32828 8 32989 83 33084 7 33246 86 33341 5 33504 85 33598 3 33762 84 34019 83 34276 83 34532 85 34789 86 35046 86 35238 8 35253 2 35302 87 35492 21 35559 87 35747 24 35815 88 36002 27 36071 89 36237 4 36257 28 36327 90 36492 6 36513 29 36583 90 36746 9 36769 29 36839 91 37000 11 37024 31 37095 92 37253 15 37280 32 37350 94 37503 22 37535 34 37606 95 37759 24 37791 39 37862 95 38014 26 38046 44 38117 97 38270 28 38300 49 38373 97 38525 82 38630 97 38779 85 38886 97 39033 87 39143 96 39288 88 39401 94 39544 88 39658 93 39799 88 39914 93 40054 89 40171 92 40309 90 40430 89 40565 89 40687 88 40820 90 40944 86 41076 89 41201 85 41331 89 41458 82 41586 88 41715 81 41841 87 41972 81 42097 85 42229 80 42352 84 42485 81 42608 83 42742 80 42836 2 42864 81 42998 80 43091 5 43120 77 43253 81 43347 6 43375 77 43499 5 43509 81 43603 16 43630 77 43751 11 43764 82 43859 18 43883 61 43947 15 44006 96 44115 85 44203 14 44262 95 44370 102 44518 95 44626 102 44773 96 44882 107 45029 95 45137 109 45285 94 45392 111 45542 91 45648 96 45746 13 45798 90 45903 97 46001 14 46053 89 46159 97 46257 14 46309 86 46416 97 46514 13 46564 86 46672 97 46772 11 46818 88 46929 96 47031 8 47074 88 47186 95 47291 2 47329 89 47442 95 47585 89 47699 95 47841 89 47955 95 48097 89 48211 95 48311 3 48352 90 48468 94 48566 5 48608 91 48724 103 48863 93 48981 102 49118 103 49237 103 49373 107 49494 102 49627 111 49750 103 49882 112 50006 104 50137 113 50263 104 50390 116 50519 104 50643 119 50775 104 50897 121 51032 102 51150 123 51288 102 51404 125 51545 98 51659 126 51801 97 51913 128 52058 96 52166 131 52314 95 52420 134 52571 94 52674 137 52828 93 52927 141 53088 88 53182 142 53345 85 53438 143 53602 73 53680 4 53694 143 53858 72 53951 142 54115 70 54207 142 54371 69 54463 142 54629 67 54720 141 54888 2 54896 55 54976 141 55154 53 55232 141 55411 52 55488 142 55669 49 55744 143 55926 48 56000 144 56183 47 56243 6 56256 145 56443 43 56498 8 56511 147 56703 38 56753 9 56767 147 56960 37 57009 9 57024 146 57216 37 57264 11 57280 146 57472 37 57520 11 57537 145 57726 39 57775 13 57793 145 57981 41 58030 16 58048 146 58235 44 58285 165 58490 45 58540 165 58745 47 58796 161 59001 48 59051 161 59257 211 59513 211 59769 211 60026 211 60282 218 60539 219 60768 3 60798 217 61022 6 61055 217 61277 8 61314 228 61573 225 61831 224 62092 220 62313 6 62350 226 62606 113 62720 113 62863 89 62957 17 62976 113 63118 89 63212 17 63232 113 63374 90 63467 18 63488 114 63608 3 63630 110 63744 114 63862 6 63884 111 64000 127 64139 110 64256 129 64395 109 64512 129 64651 109 64768 130 64907 109 65024 130 65163 110 65280 130 65420 109
271746,0 2887 2888 253 3146 251 3403 250 3659 251 3914 252 4170 253 4425 709 5137 251 5395 1 5397 247 5654 245 5913 242 6170 240 6427 239 6684 239 6929 1 6941 238 7184 2 7197 238 7439 5 7455 236 7694 6 7712 235 7949 7 7968 244 8225 245 8481 246 8738 246 8995 246 9250 221 9472 26 9505 222 9728 27 9761 222 9984 5631 15616 255 15872 255 16128 255 16384 255 16640 255 16896 255 17152 255 17408 255 17664 255 17920 255 18176 255 18432 255 18688 33262 51951 255 52208 2 52211 247 52464 250 52721 247 52978 246 53233 248 53489 249 53739 3 53744 3694 57439 253 57697 1 57699 248 57955 248 58212 155 58368 90 58467 156 58624 90 58723 156 58880 90 58977 158 59136 91 59231 160 59392 92 59486 161 59648 255 59904 255 60160 255 60416 255 60672 255 60928 255 61184 4352
000019,0 65536
863998,12280 1 12529 9 12781 9 13033 13 13284 18 13536 23 13565 2 13787 31 13819 4 14039 40 14291 44 14542 49 14793 54 15043 59 15295 63 15547 67 15799 71 16051 75 16303 80 16558 81 16817 78 17073 78 17307 7 17328 79 17559 11 17583 80 17811 14 17836 83 18063 19 18086 89 18313 118 18567 111 18681 6 18817 2 18821 1 18824 3 18829 104 18938 5 19068 7 19085 69 19157 32 19195 4 19319 11 19338 70 19414 32 19453 2 19570 16 19591 73 19671 31 19709 2 19822 97 19927 32 19964 3 20075 99 20183 40 20325 105 20439 40 20577 108 20695 40 20829 111 20952 39 21082 112 21208 39 21331 117 21464 39 21583 120 21720 40 21838 120 21976 40 22083 1 22089 4 22095 118 22232 40 22336 12 22350 118 22488 40 22589 1 22591 133 22745 39 22840 140 23001 39 23093 142 23258 38 23342 150 23514 38 23596 152 23771 37 23846 158 24027 37 24097 162 24284 36 24347 168 24541 35 24600 172 24797 35 24854 174 25054 34 25111 173 25310 34 25367 173 25565 35 25623 173 25821 42 25878 174 26076 43 26133 176 26332 43 26387 178 26587 44 26641 179 26842 47 26896 180 27097 235 27353 235 27608 236 27864 236 28118 237 28373 239 28627 241 28881 245 29135 2096 31232 255 31488 255 31744 255 32000 255 32256 255 32512 255 32768 255 33024 255 33280 255 33536 255 33792 255 34048 255 34304 255 34560 255 34816 255 35072 169 35243 79 35323 3 35328 168 35500 78 35580 1 35584 168 35756 76 35840 167 36012 74 36096 166 36268 73 36352 165 36523 74 36608 164 36779 73 36864 155 37020 2 37023 1 37033 75 37120 153 37281 5 37287 77 37376 153 37535 85 37632 243 37888 243 38144 242 38400 242 38656 242 38912 241 39168 241 39420 1 39424 240 39676 2 39680 239 39931 3 39936 239 40187 4 40192 240 40442 5 40448 242 40697 6 40704 244 40952 7 40960 245 41206 9 41216 255 41472 28 41505 222 41728 26 41762 221 41984 26 42019 220 42240 25 42276 219 42496 25 42532 219 42752 24 42788 244 43043 244 43299 220 43520 22 43555 243 43811 242 44068 241 44324 240 44580 239 44836 239 45092 238 45347 239 45603 238 45858 239 46113 240 46369 239 46624 240 46879 241 47134 55 47195 164 47360 16 47389 55 47454 161 47616 16 47644 56 47711 160 47872 16 47899 57 47967 160 48128 15 48154 58 48223 160 48384 15 48409 60 48479 160 48640 14 48664 61 48735 175 48919 34 48954 27 48992 175 49175 34 49210 28 49248 175 49431 63 49505 174 49687 62 49761 175 49942 63 50018 174 50198 62 50274 174 50453 63 50531 174 50708 64 50787 241 51043 242 51299 27 51328 215 51555 26 51584 217 51810 27 51840 194 52035 58 52097 190 52294 55 52352 191 52551 53 52608 190 52809 50 52864 189 53066 48 53120 188 53322 46 53376 186 53579 45 53631 185 53835 44 53887 181 54091 44 54143 180 54346 45 54399 180 54601 47 54655 179 54856 50 54910 180 55111 235 55365 220 55587 15 55619 223 55843 15 55874 240 56129 242 56373 3 56383 250 56637 7080 63719 253 63974 255 64230 255 64486 254 64742 253 64999 250 65256 248 65513 23
719371,0 2298 2300 3 2304 250 2560 250 2816 248 3072 248 3328 247 3584 247 3840 248 4096 248 4352 214 4568 33 4608 213 4825 33 4861 2 4864 213 5081 33 5116 3 5120 31 5154 179 5337 33 5372 3 5376 30 5412 177 5593 38 5632 30 5668 178 5848 70 5925 177 6104 70 6183 69 6253 177 6439 73 6513 173 6696 246 6952 246 7209 245 7465 246 7720 247 7976 248 8231 249 8486 252 8740 714 9456 254 9712 766 10479 255 10735 255 10991 254 11247 251 11503 247 11753 1 11755 251 12008 254 12264 90 12356 253 12613 252 12869 251 13125 251 13382 252 13637 253 13893 5423 19318 253 19576 170 19747 79 19831 165 19999 1 20004 77 20087 165 20260 78 20340 166 20517 192 20711 51 20774 191 20968 49 21030 5 21038 184 21223 49 21287 3 21295 40 21336 2 21339 188 21545 1 21554 35 21595 187 21810 34 21852 185 22067 33 22108 184 22323 32 22364 184 22580 30 22620 183 22836 30 22876 183 23093 29 23132 183 23349 30 23388 182 23606 30 23644 181 23863 30 23900 181 24119 33 24155 182 24376 217 24632 217 24888 218 25144 220 25399 223 25655 224 25911 225 26165 231 26419 235 26672 239 26912 2 26915 3 26919 504 27424 254 27681 252 27937 252 28194 251 28450 249 28707 247 28963 187 29153 57 29218 187 29411 55 29473 187 29666 55 29728 189 29922 56 29983 191 30179 251 30435 251 30691 252 30947 3293 34244 251 34500 250 34756 250 35012 249 35268 248 35524 248 35780 247 36036 247 36292 246 36548 246 36804 245 37060 244 37317 243 37572 244 37828 244 38083 246 38339 248 38594 250 38848 3060 41909 255 42166 8 42175 246 42423 7 42431 251 42683 3 42688 250 42939 3 42944 1804 44752 250 45010 248 45267 247 45523 246 45779 246 46035 245 46291 245 46547 246 46803 247 47057 249 47313 249 47568 250 47824 250 48080 1204 49286 254 49542 254 49798 254 50054 254 50311 253 50567 253 50824 252 51079 253 51335 253 51591 253 51848 142 51991 109 52104 251 52360 251 52617 250 52873 249 53129 249 53386 247 53642 246 53898 245 54154 245 54410 245 54666 244 54921 245 55177 246 55433 247 55690 248 55946 250 56202 251 56458 251 56713 253 56969 254 57225 255 57481 768 58251 253 58507 252 58765 250 59021 69 59092 179 59278 66 59350 176 59534 65 59608 173 59790 52 59843 10 59865 171 60046 52 60100 8 60122 170 60302 52 60356 2 60360 2 60379 169 60559 51 60612 2 60635 168 60815 50 60891 168 61071 50 61147 169 61328 46 61403 169 61584 46 61659 169 61841 45 61915 170 62097 45 62144 1 62171 171 62353 45 62427 171 62609 45 62683 91 62775 80 62865 46 62939 90 63032 79 63121 48 63194 91 63289 21 63311 57 63377 44 63450 91 63545 19 63565 58 63633 41 63675 1 63706 91 63802 77 63889 39 63961 92 64058 78 64144 41 64216 95 64313 79 64399 44 64470 178 64655 44 64726 179 64910 44 64980 98 65083 80 65165 45 65235 98 65341 75 65423 39 65492 44
000021,0 102 256 61 319 39 512 60 576 18 596 18 768 60 833 17 853 17 1024 59 1090 15 1109 17 1280 59 1346 16 1364 17 1536 59 1603 15 1620 16 1792 58 1860 29 2048 58 2118 27 2304 57 2374 4 2384 16 2560 55 2631 2 2639 17 2816 54 2886 4 2895 17 3072 41 3116 7 3144 1 3151 17 3328 41 3407 16 3584 41 3663 14 3840 41 3919 10 4096 41 4176 6 4352 40 4608 40 4864 39 5120 39 5376 38 5632 37 5888 16 5910 15 6144 15 6168 12 6400 15 6422 13 6656 15 6678 12 6912 15 6933 11 7168 15 7189 10 7424 14 7446 8 7680 14 7703 6 7936 14 7961 2 8192 14 8448 14 8704 14 8960 14 9216 15 9472 15 9728 15 9984 15 10240 15 10496 15 10752 14 11008 14 11264 14 11520 13 11776 12 12032 3 17256 4 17507 11 17760 14 18005 1 18014 17 18260 3 18268 20 18291 3 18514 5 18523 29 18770 6 18778 31 19025 41 19280 43 19536 43 19791 45 20047 45 20302 46 20557 48 20812 50 21067 52 21322 53 21578 54 21833 55 22089 55 22344 56 22600 56 22855 57 23111 58 23366 59 23622 60 23877 62 24132 64 24387 67 24643 68 24899 69 25155 69 25412 68 25668 69 25925 68 26181 68 26437 68 26693 67 26949 67 27205 67 27460 68 27716 68 27973 67 28229 66 28494 57 28750 57 29006 56 29261 57 29518 56 29774 56 30030 55 30285 55 30541 54 30797 52 31053 51 31309 50 31566 49 31824 46 32085 40 32343 35 32600 31 32856 29 33114 2 33121 19 33378 17 33635 14 33891 9 34148 6 34405 4 48626 8 48880 11 49135 13 49391 13 49648 12 49881 4 49888 5 49904 12 50135 16 50160 11 50389 18 50416 10 50644 20 50672 10 50899 21 50928 8 51155 21 51184 6 51411 21 51441 5 51454 1 51667 22 51697 15 51923 24 51954 14 52178 25 52210 14 52434 25 52465 15 52690 25 52720 16 52946 26 52975 17 53203 25 53231 17 53463 22 53487 17 53719 21 53743 17 53975 18 53994 1 53999 17 54231 14 54256 16 54487 13 54515 13 54743 12 54772 12 54999 11 55029 11 55255 11 55285 11 55511 10 55540 12 55767 9 55796 12 56023 7 56052 12 56280 5 56308 12 56537 3 56565 11 56821 11 57079 9 57336 8 57593 7 57849 7 58104 8 58360 8 58616 8 58872 8 59128 8 59387 5 59645 3 59902 1 60414 2 60669 3 60924 4 61180 4 61436 4 61691 5 61947 5 62203 5 62459 5 62715 5 62973 3
580255,0 355 356 509 867 252 1121 1 1123 252 1378 253 1634 254 1889 1617 3507 1 3513 247 3769 248 4020 2 4024 913 4939 252 5198 246 5457 233 5691 8 5718 84 5804 139 5949 4 5976 78 6055 2 6060 138 6234 75 6312 1 6316 136 6490 76 6567 141 6745 219 7000 220 7254 221 7508 223 7762 225 8016 227 8264 2 8271 228 8515 241 8768 244 9021 247 9276 249 9532 250 9787 251 10042 1120 11163 253 11419 252 11675 252 11931 252 12186 254 12441 4769 17212 254 17468 1546 19020 221 19245 5 19253 17 19277 218 19510 16 19532 218 19768 238 20026 235 20285 231 20543 229 20800 228 21056 228 21312 228 21568 228 21823 229 22078 230 22332 232 22586 235 22839 238 23092 242 23347 243 23602 244 23858 244 24112 245 24367 245 24622 246 24877 247 25132 247 25389 210 25600 35 25645 210 25856 34 25901 245 26157 246 26412 247 26667 249 26921 253 27175 2264 29440 255 29696 255 29952 255 30208 255 30464 255 30720 255 30976 255 31232 255 31488 255 31744 255 32000 255 32256 255 32512 255 32768 113 32883 254 33139 255 33395 32141
432006,0 14480 14481 254 14739 251 14995 250 15252 248 15508 246 15765 245 16022 243 16279 241 16536 240 16792 240 17049 239 17305 239 17561 237 17818 235 18074 235 18330 234 18587 233 18844 232 19100 232 19357 231 19614 230 19871 229 20128 229 20385 229 20643 227 20900 228 21157 228 21413 230 21670 60 21732 169 21927 57 21989 171 22183 56 22245 173 22440 55 22501 174 22697 53 22757 176 22953 52 23012 178 23210 50 23268 178 23466 49 23523 179 23723 47 23779 180 23979 45 24035 181 24235 44 24291 181 24492 42 24547 182 24749 40 24803 183 25005 39 25059 184 25261 38 25315 184 25517 38 25570 186 25773 38 25827 186 26028 38 26083 187 26284 38 26339 187 26539 39 26596 187 26794 41 26853 187 27049 42 27109 189 27304 44 27365 190 27558 46 27621 240 27877 241 28134 241 28390 215 28606 26 28646 214 28863 27 28901 215 29119 29 29156 211 29376 30 29412 206 29620 2 29633 33 29667 207 29886 37 29924 205 30141 244 30393 65 30464 166 30632 6 30648 66 30720 165 30889 1 30891 3 30903 67 30976 163 31148 2 31158 67 31232 162 31413 68 31488 162 31667 70 31744 160 31916 77 32000 160 32169 1 32172 77 32253 2 32256 159 32425 81 32507 163 32682 244 32939 243 33195 244 33451 244 33707 245 33962 247 34218 250 34469 1 34472 87 34560 255 34816 238 35056 15 35072 238 35313 9 35323 4 35328 236 35571 6 35580 3 35584 235 35830 3 35840 236 36087 2 36096 237 36352 238 36608 238 36864 238 37120 239 37376 240 37632 241 37888 242 38144 248 38400 249 38656 250 38912 255 39168 255 39424 21331 60761 249 61019 246 61276 245 61533 243 61789 243 62045 243 62301 243 62557 243 62813 243 63068 244 63324 244 63579 245 63835 245 64091 247 64346 249 64601 251 64856 251 65112 250 65369 167
722180,0 229 256 229 512 229 768 229 1024 230 1280 230 1536 230 1792 230 2048 230 2304 230 2560 231 2816 231 3072 232 3328 232 3584 232 3840 232 4096 232 4352 232 4608 233 4864 233 5120 233 5376 233 5632 234 5888 234 6144 234 6400 234 6656 234 6912 234 7168 235 7424 235 7680 235 7936 236 8192 236 8448 236 8704 236 8960 236 9216 236 9472 237 9728 237 9984 237 10240 238 10496 238 10752 238 11008 238 11264 238 11520 238 11776 239 12032 239 12288 239 12544 240 12800 240 13056 240 13312 240 13568 240 13824 240 14080 241 14336 241 14592 241 14848 242 15104 242 15360 242 15616 242 15872 242 16128 242 16384 243 16640 243 16896 243 17152 244 17408 244 17664 244 17920 244 18176 244 18432 244 18688 245 18944 245 19200 245 19456 246 19712 246 19968 246 20224 246 20480 246 20736 246 20992 247 21248 247 21504 247 21760 247 22016 248 22272 248 22528 248 22784 248 23040 248 23296 248 23552 249 23808 249 24064 250 24320 250 24576 250 24832 250 25088 250 25344 250 25600 251 25856 251 26112 251 26368 251 26624 252 26880 252 27136 252 27392 252 27648 252 27904 253 28160 253 28416 253 28672 253 28928 254 29184 254 29440 254 29696 254 29952 254 30207 255 30464 511 30976 255 31232 255 31488 34048
602248,0 65536
000084,0 65535
000071, 
000005,0 65536
000034,202 54 457 55 713 55 968 56 1224 56 1480 56 1736 56 1992 56 2248 56 2504 56 2760 56 3016 56 3271 57 3527 57 3782 58 4037 59 4292 60 4547 61 4803 61 5058 62 5314 62 5570 62 5826 62 6081 63 6337 63 6593 63 6848 64 7104 64 7359 65 7598 6 7615 65 7847 15 7870 66 8100 19 8125 67 8355 21 8380 68 8610 94 8866 94 9121 95 9377 95 9633 95 9888 96 10144 96 10400 96 10656 96 10911 97 11166 98 11422 98 11677 99 11933 99 12189 99 12445 99 12701 99 12956 100 13211 101 13467 101 13722 102 13977 103 14233 103 14488 104 14743 105 14998 106 15253 107 15509 107 15765 107 16021 107 16277 107 16533 107 16790 106 17046 106 17302 106 17559 105 17815 105 18071 105 18327 105 18583 105 18839 105 19095 105 19351 105 19607 105 19863 105 20119 105 20376 104 20632 104 20888 104 21144 104 21400 104 21656 104 21912 104 22168 104 22424 104 22680 104 22936 104 23191 105 23447 105 23703 105 23958 106 24214 106 24469 107 24725 107 24981 107 25237 107 25493 107 25749 107 26005 107 26261 107 26517 107 26773 107 27029 107 27285 107 27540 108 27796 108 28052 108 28308 108 28563 109 28819 109 29075 109 29331 109 29587 109 29844 108 30101 107 30357 107 30613 107 30870 106 31126 106 31382 106 31638 106 31894 106 32150 106 32406 106 32662 106 32918 106 33175 35 33214 66 33432 33 33472 64 33689 29 33730 62 33947 27 33987 38 34030 18 34204 26 34242 35 34289 15 34464 22 34498 33 34547 13 34722 21 34754 32 34804 12 34979 21 35010 31 35061 11 35236 21 35265 18 35287 9 35318 10 35494 20 35522 13 35575 9 35751 7 35763 5 35779 10 35832 8 36036 7 36089 7 36295 3 36346 6 36605 3 36862 1
863209,0 13567 13568 505 14074 3 14080 244 14325 5 14336 241 14578 3 14592 236 14829 5 14848 233 15082 3 15104 229 15334 4 15360 226 15587 3 15616 227 15872 218 16091 3 16128 219 16384 210 16595 3 16640 211 16896 202 17100 3 17152 203 17408 194 17604 3 17664 189 17854 5 17920 186 18108 3 18176 182 18359 4 18432 179 18612 3 18688 174 18863 5 18944 171 19116 3 19200 166 19367 1 19369 3 19456 163 19620 4 19712 164 19968 156 20125 3 20224 151 20376 5 20480 148 20629 3 20736 149 20992 140 21133 3 21248 135 21384 5 21504 132 21638 3 21760 133 22016 124 22142 3 22272 119 22392 5 22528 117 22646 3 22784 112 22897 1 22899 2 23040 109 23150 3 23296 104 23401 1 23403 3 23552 101 23654 3 23808 96 23905 1 23907 3 24064 94 24159 2 24320 91 24412 3 24576 86 24663 3 24832 81 24914 5 25088 78 25167 3 25344 79 25600 70 25672 2 25856 65 25922 5 26112 62 26176 3 26368 63 26624 54 26679 4 26880 55 27136 47 27184 3 27392 42 27435 5 27648 39 27688 3 27904 34 27939 1 27941 3 28160 31 28192 4 28416 32 28672 24 28697 3 28928 25 29184 16 29201 3 29440 17 29696 8 29705 3 29952 9 30208 1 30210 3 30464 2
565798,0 17070 17071 5 17077 931 18009 351 18361 159 18521 592 19114 418 19534 341 19876 164 20041 254 20296 102 20399 46 20446 146 20593 59 20653 924 21578 91 21670 485 22157 23 22182 252 22435 15 22451 221 22673 31 22705 513 23219 245 23465 480 23948 292 24241 190 24432 557 24990 2 24993 255 25249 272 25523 510 26034 231 26266 25 26292 231 26524 256 26781 795 27577 118 27697 110 27808 21 27831 230 28062 193 28256 53 28310 257 28571 9 28581 249 28831 2 28835 2 28838 230 29069 13 29083 8 29092 13 29106 230 29337 25 29363 255 29619 220 29840 3 29844 260 30106 142 30249 105 30358 263 30624 134 30759 102 30862 18 30881 491 31373 7 31381 257 31642 248 31892 11 31904 126 32031 252 32284 2 32287 115 32403 10 32414 498 32914 260 33175 121 33297 260 33558 252 33811 257 34069 122 34194 127 34322 137 34460 1 34462 508 34971 112 35084 252 35338 113 35453 530 35985 2040 38026 422 38449 253 38703 2 38706 58 38765 9 38775 184 38960 255 39216 98 39315 155 39471 100 39572 150 39723 3 39727 210 39938 194 40133 35 40169 311 40481 95 40577 231 40809 253 41063 256 41320 32 41353 199 41556 53 41610 114 41725 3 41730 254 41987 1 41989 73 42064 3 42068 1 42070 167 42238 2 42243 5 42249 188 42438 58 42501 1 42503 190 42694 56 42751 1 42757 2 42760 36 42797 41 42839 169 43014 250 43271 242 43515 5 43528 249 43784 250 44039 267 44307 479 44789 425 45216 351 45568 505 46074 252 46327 1023 47351 775 48127 253 48381 4 48386 2 48392 241 48634 7 48652 244 48909 239 49149 3 49166 242 49423 241 49679 241 49935 241 50191 241 50447 241 50703 242 50959 242 51216 241 51472 241 51729 242 51985 243 52242 242 52498 244 52755 243 53011 244 53267 244 53523 114 53639 131 53779 247 54035 248 54290 250 54546 115 54662 134 54802 251 55057 112 55170 1020 56192 3 56196 4 56202 510 56713 1621 58335 416 58752 259 59012 345 59358 256 59615 165 59783 85 59869 256 60126 416 60543 6 60550 245 60797 5 60804 1290 62095 4 62100 252 62353 490 62844 265 63110 277 63388 246 63635 252 63889 253 64143 704 64848 251 65105 59 65165 2 65171 4 65176 3 65180 95 65276 2 65280 73 65362 2 65366 8 65375 35 65411 4 65418 1 65423 3 65434 2 65440 65 65506 1 65508 6 65515 1 65518 5 65530 4
455136,0 254 256 254 512 254 768 254 1024 511 1536 255 1792 63744
636405,0 65536
000057,0 65536
000072,0 65536
535798,0 678 681 252 938 251 1194 252 1448 1745 3194 253 3454 96 3552 151 3710 97 3808 150 3966 248 4223 21 4246 224 4479 20 4503 223 4735 19 4759 225 4991 20 5015 225 5246 252 5501 4226 9728 255 9984 255 10240 255 10496 255 10752 255 11008 255 11264 255 11520 255 11776 255 12032 255 12288 1023 13312 255 13568 51 13620 95 13716 107 13824 48 13876 94 13972 107 14080 47 14132 94 14229 106 14336 46 14388 95 14485 106 14592 46 14643 96 14740 107 14848 45 14899 251 15154 717 15872 255 16128 255 16384 255 16640 255 16896 255 17152 193 17351 56 17408 191 17608 55 17664 190 17867 52 17920 189 18124 51 18176 187 18381 237 18638 235 18894 233 19150 232 19406 81 19488 150 19662 49 19712 30 19744 150 19917 50 19968 30 20000 149 20169 54 20224 28 20260 145 20422 57 20480 28 20516 146 20677 58 20736 28 20773 146 20933 58 20992 27 21029 147 21189 58 21248 10 21259 15 21285 147 21445 58 21504 26 21541 148 21700 86 21796 149 21956 87 22052 149 22213 87 22307 151 22469 89 22561 153 22726 244 22982 243 23238 243 23495 242 23751 243 24008 242 24264 243 24520 244 24776 245 25031 247 25286 251 25540 2434 27976 254 28233 44 28280 193 28476 56 28536 190 28732 56 28792 189 28987 250 29242 252 29497 624 30125 251 30381 249 30636 249 30891 249 31145 253 31399 509 31909 255 32167 255 32423 764 33191 252 33448 252 33704 252 33960 253 34216 631 34848 255 35104 254 35360 253 35616 253 35873 251 36129 250 36385 249 36641 248 36897 227 37127 17 37152 228 37387 14 37407 228 37644 16 37661 228 37900 245 38157 244 38413 243 38669 243 38924 244 39179 245 39433 248 39688 249 39944 249 40194 2 40199 1735 41936 157 42097 90 42194 151 42354 88 42451 145 42597 1 42610 87 42708 144 42866 85 42964 144 43122 44 43168 38 43220 144 43377 44 43424 36 43476 144 43632 45 43680 35 43732 143 43887 46 43936 34 43988 143 44143 47 44191 35 44243 48 44292 95 44399 83 44499 45 44548 96 44655 83 44755 45 44804 96 44911 83 45011 45 45060 96 45166 84 45267 45 45316 96 45422 84 45523 45 45572 96 45677 85 45778 46 45827 97 45933 86 46034 46 46084 96 46189 87 46290 46 46341 96 46445 88 46545 47 46597 97 46701 89 46801 47 46850 2 46854 97 46958 89 47056 48 47106 3 47110 98 47214 90 47312 48 47361 105 47470 94 47567 49 47617 105 47726 2 47729 147 47880 102 47985 147 48139 100 48242 146 48396 100 48497 143 48642 1 48652 244 48908 244 49164 244 49421 243 49676 244 49932 244 50188 244 50444 244 50700 244 50955 246 51202 915 52119 253 52376 252 52633 251 52889 254 53145 10164 63311 253 63568 251 63825 251 64080 254 64335 255 64591 945
944809,0 65536
000058,0 65536
386606,0 65536
000035,32 125 169 47 234 22 288 125 424 49 489 23 541 129 681 48 744 24 791 135 937 49 999 25 1041 142 1194 49 1252 28 1296 143 1451 48 1507 29 1546 1 1549 147 1707 49 1762 190 1963 51 2015 194 2218 248 2474 250 2730 251 2986 252 3241 5990 9235 251 9491 252 9747 253 10003 237 10241 255 10499 253 10757 251 11014 250 11271 249 11530 246 11789 243 12047 241 12304 240 12560 240 12816 240 13072 240 13329 239 13585 239 13841 242 14097 245 14352 248 14608 250 14860 3979 18840 254 19097 253 19354 252 19610 251 19866 2595 22462 253 22719 251 22976 248 23232 246 23488 189 23681 42 23729 3 23744 186 23944 23 24000 185 24204 16 24256 184 24464 11 24511 184 24720 11 24767 184 24976 9 25023 184 25232 8 25278 186 25489 6 25534 188 25790 189 26046 189 26302 190 26558 190 26813 191 27069 191 27325 54 27381 134 27580 55 27637 134 27776 4 27837 189 28032 5 28093 189 28287 7 28349 189 28543 16 28606 188 28799 18 28863 187 29056 19 29120 187 29312 19 29376 188 29569 19 29631 213 29887 214 30143 215 30399 216 30655 217 30912 217 31169 221 31425 223 31682 224 31938 226 32194 227 32450 229 32705 232 32961 233 33216 236 33471 239 33726 242 33981 247 34236 249 34491 251 34746 6901 41652 250 41910 247 42167 246 42424 245 42680 246 42937 245 43193 245 43449 244 43705 244 43961 244 44217 244 44473 244 44729 245 44985 245 45241 245 45496 246 45751 249 46003 3978 49983 204 50195 41 50242 200 50451 41 50503 194 50708 40 50761 192 50965 39 51019 189 51221 39 51283 180 51478 38 51540 178 51735 36 51796 177 51992 35 52053 171 52248 33 52309 171 52505 31 52565 171 52762 30 52820 172 53018 30 53076 172 53274 30 53331 173 53530 31 53587 173 53786 32 53843 173 54043 33 54099 173 54299 35 54354 174 54556 36 54609 175 54791 6 54812 37 54865 175 55041 16 55068 37 55120 195 55324 38 55375 243 55630 244 55884 246 56139 248 56394 250 56648 8888
562305,0 271 272 93 366 435 802 2370 3173 253 3427 256 3684 242 3928 1787 5716 326 6043 133 6177 1536 7714 270 7987 249 8237 3 8244 253 8500 252 8756 44 8801 207 9012 35 9048 8 9057 207 9268 252 9523 39 9563 547 10111 226 10338 678 11017 271 11289 248 11540 9 11554 222 11777 17 11798 6 11810 222 12033 17 12054 6 12066 222 12289 17 12311 3 12315 1 12323 240 12567 1 12569 3 12579 242 12824 4 12836 242 13080 4 13092 248 13349 247 13605 248 13857 252 14113 851 14965 2850 17816 1843 19660 1006 20667 1515 22183 980 23165 19 23185 256 23442 289 23732 454 24187 252 24441 21 24463 231 24696 1 24698 25 24725 146 24872 78 24954 19 24975 232 25210 24 25237 144 25382 19 25402 62 25466 21 25491 6 25498 223 25722 22 25748 4 25754 223 25979 22 26005 5 26011 247 26261 45 26307 697 27005 835 27841 229 28072 248 28324 27 28352 224 28581 251 28838 250 29094 250 29350 251 29605 36 29642 253 29896 2 29899 253 30153 256 30411 505 30917 826 31744 255 32000 203 32204 51 32256 255 32512 202 32715 52 32768 479 33249 542 33792 255 34048 255 34304 144 34449 97 34547 2 34550 246 34798 8 34807 2 34811 4 34816 146 34963 81 35045 2 35050 18 35070 251 35324 2 35327 147 35476 73 35551 26 35581 1 35583 147 35733 2 35736 99 35837 148 35989 2 35992 250 36244 91 36338 155 36495 2 36499 254 36754 250 37006 14 37021 248 37271 246 37521 1 37527 246 37783 247 38037 250 38292 79 38375 141 38517 27 38547 80 38632 251 38889 249 39146 248 39401 249 39657 249 39913 248 40169 249 40424 250 40680 1964 42645 12 42658 2 42661 5 42667 255 42924 243 43169 4 43174 3 43181 244 43426 1 43428 3 43437 214 43652 4 43659 28 43693 218 43916 4 43921 242 44180 29 44210 211 44438 239 44694 103 44798 135 44950 104 45055 133 45205 106 45312 133 45461 106 45568 116 45685 17 45717 106 45824 135 45972 245 46227 249 46481 279 46762 85 46848 249 47098 5 47104 112 47217 137 47355 260 47616 508 48125 1 48127 251 48379 2 48384 248 48634 1 48640 246 48887 1 48896 247 49152 244 49408 242 49664 239 49920 237 50176 235 50432 233 50688 231 50944 228 51200 226 51456 223 51712 219 51932 1 51968 219 52224 207 52434 7 52480 4 52485 210 52736 212 52992 210 53248 207 53504 205 53760 203 54016 201 54272 199 54528 197 54784 194 55040 190 55231 1 55296 189 55552 187 55808 185 56064 183 56320 180 56576 178 56832 176 57088 174 57344 171 57600 169 57856 167 58112 165 58368 162 58624 160 58880 158 59136 155 59392 153 59648 151 59904 149 60160 147 60416 144 60672 142 60928 139 61184 137 61440 135 61696 133 61952 131 62208 128 62464 126 62720 124 62976 1 62978 119 63232 120 63489 116 63744 115 64000 1 64002 110 64256 110 64512 108 64768 106 65024 10 65040 87 65282 1 65286 4 65299 2 65313 33 65352 28
478603,0 65536
136374,0 19585 19586 510 20097 2561 22659 513 23173 7213 30387 7841 38229 9 38239 253 38493 515 39010 252 39263 2 39266 253 39520 15926 55448 2236 57685 513 58199 1537 59737 255 59993 253 60247 3 60251 254 60506 3 60510 233 60744 15 60760 2 60764 233 60998 18 61017 1 61019 1 61021 251 61273 256 61530 3561 65092 2 65095 234 65330 5 65336 12 65349 3 65354 182
217771,0 65536
000097, 
169327,0 65536
000037,7473 5 7729 6 7985 7 8241 7 8498 6 8755 5 9013 1
269087,0 65444 65445 91
694806,0 51 56 199 256 50 312 199 512 48 568 199 768 46 824 246 1079 247 1335 247 1591 200 1792 46 1846 201 2048 46 2102 201 2304 46 2357 249 2612 72 2686 254 2946 108 3058 138 3204 105 3315 137 3461 104 3571 106 3681 28 3718 104 3826 106 3938 27 3974 214 4195 27 4230 212 4451 28 4486 212 4707 29 4741 212 4962 32 4995 213 5218 246 5473 247 5728 247 5983 248 6239 247 6493 249 6747 219 6969 252 7227 251 7483 253 7738 4520 12262 251 12518 250 12775 247 13031 247 13287 248 13543 81 13625 167 13798 52 13852 28 13881 169 14052 52 14108 28 14141 219 14363 30 14398 251 14655 251 14913 249 15170 249 15427 248 15683 249 15939 249 16194 250 16449 580 17031 255 17287 120 17408 255 17664 255 17920 255 18176 255 18432 255 18688 255 18944 66 19013 186 19200 65 19271 184 19456 65 19527 184 19712 64 19784 183 19968 63 20040 183 20224 63 20296 183 20480 63 20552 183 20736 63 20808 183 20992 63 21064 183 21248 63 21320 183 21504 63 21575 184 21760 63 21831 184 22016 62 22087 184 22272 62 22343 184 22528 61 22598 185 22784 61 22853 186 23040 61 23108 187 23296 60 23364 187 23552 60 23620 187 23808 60 23875 188 24064 60 24131 188 24320 60 24387 188 24576 60 24643 188 24832 60 24898 189 25088 10 25104 45 25153 190 25344 9 25364 12 25380 26 25409 117 25528 71 25600 8 25621 10 25639 23 25665 117 25784 71 25856 8 25878 10 25895 24 25921 190 26112 8 26134 8 26150 217 26368 8 26388 11 26406 217 26624 8 26643 12 26662 217 26880 9 26898 14 26918 217 27136 10 27153 16 27175 216 27392 11 27408 18 27431 216 27648 12 27662 20 27687 216 27904 35 27943 216 28160 37 28199 139 28339 76 28416 176 28597 251 28857 247 29114 245 29370 245 29628 243 29884 243 30140 244 30396 244 30653 244 30909 107 31017 137 31165 104 31275 137 31421 103 31532 138 31678 102 31788 140 31935 100 32044 142 32192 98 32300 143 32447 98 32556 244 32812 244 33067 243 33322 243 33577 243 33832 243 34087 99 34187 144 34342 95 34445 144 34596 96 34702 144 34851 97 34958 246 35213 247 35469 247 35725 19 35745 2 35749 23 35780 60 35841 96 35948 25 35980 20 36006 19 36037 59 36097 94 36206 23 36236 21 36262 17 36297 7 36306 46 36353 94 36463 22 36493 21 36518 16 36554 5 36565 43 36609 92 36719 23 36749 21 36773 16 36813 2 36822 42 36865 91 36975 23 37004 22 37029 16 37078 42 37121 91 37231 24 37260 40 37333 43 37377 4 37382 85 37486 25 37516 40 37589 47 37643 80 37741 27 37772 38 37837 3 37844 48 37899 79 37995 30 38027 38 38090 7 38098 50 38156 78 38250 31 38282 38 38341 63 38412 78 38505 30 38538 36 38595 66 38667 79 38759 31 38794 34 38850 152 39015 30 39050 34 39105 153 39269 31 39307 33 39360 154 39524 32 39563 33 39615 156 39779 32 39820 1 39823 29 39871 157 40034 33 40079 29 40126 70 40197 126 40335 30 40382 70 40454 124 40592 29 40637 68 40715 119 40848 29 40889 71 40972 48 41025 65 41104 29 41142 74 41229 47 41283 63 41361 29 41397 75 41486 46 41540 62 41617 30 41651 77 41743 44 41797 60 41872 112 41999 43 42055 59 42126 114 42255 42 42312 58 42381 115 42510 43 42568 58 42635 117 42763 45 42822 62 42887 121 43015 49 43077 187 43267 53 43332 189 43522 54 43587 246 43842 249 44097 4765 48863 256 49120 3 49124 1850 50977 251 51233 117 51355 129 51489 117 51611 127 51745 117 51866 128 52001 118 52120 130 52257 248 52513 249 52768 250 53022 2407 55431 253 55688 250 55945 249 56201 250 56457 251 56712 8824
190259,0 4387 4388 510 4900 1117 6018 2685 8704 255 8960 255 9216 255 9472 255 9728 255 9984 255 10240 255 10496 255 10752 255 11008 255 11264 255 11520 255 11776 255 12032 255 12288 255 12544 255 12800 255 13056 255 13312 255 13568 511 14080 255 14336 255 14592 255 14848 255 15104 1075 16180 892 17075 252 17332 252 17589 252 17845 253 18100 6731 24832 255 25088 255 25344 255 25600 255 25856 255 26112 255 26368 255 26624 255 26880 255 27136 255 27392 82 27477 170 27648 81 27735 168 27904 81 27991 168 28160 80 28248 167 28416 80 28504 167 28672 49 28722 30 28760 167 28928 79 29015 168 29184 79 29271 168 29440 79 29526 169 29696 80 29781 170 29952 81 30034 173 30208 255 30464 255 30720 255 30976 255 31232 255 31488 255 31744 255 32000 294 32295 1240 33536 255 33792 255 34048 255 34304 255 34560 255 34816 255 35072 4195 39272 250 39532 246 39788 245 40044 245 40300 245 40556 245 40811 246 41067 246 41323 246 41578 248 41833 112 41948 134 42089 109 42207 131 42345 107 42463 132 42601 105 42720 132 42855 106 42976 240 43232 240 43487 241 43743 240 43997 241 44251 242 44505 244 44759 245 45013 246 45268 247 45523 248 45779 250 46033 253 46288 923 47213 254 47470 253 47727 254 47983 255 48239 1076 49316 16220
451709,0 297 299 2777 3077 458 3537 254 3794 254 4049 6399 10451 253 10708 252 10965 251 11217 1 11221 255 11477 973 12453 250 12711 248 12967 250 13221 872 14094 2033 16128 255 16384 255 16640 255 16896 255 17152 255 17408 255 17664 2311 19976 535 20513 11050 31564 251 31822 236 32059 11 32078 236 32320 2 32334 234 32589 234 32844 184 33031 47 33099 185 33288 44 33351 186 33538 1 33545 42 33605 187 33802 40 33855 193 34059 38 34109 195 34315 38 34364 196 34571 39 34619 197 34827 41 34875 198 35082 44 35128 201 35338 248 35593 250 35849 251 36104 5506 41612 254 41868 254 42124 665 42790 254 43047 252 43303 251 43558 252 43811 2268 46080 255 46336 4863 51200 255 51456 255 51712 255 51968 255 52224 255 52480 255 52736 255 52992 12320 65313 223
254228,0 6176 6177 58847 65025 511
468422,0 65536
804179,0 65536
863933,0 65536
112782,0 65536
157706,0 189 256 190 512 190 768 190 1024 190 1280 191 1536 191 1792 192 2048 192 2304 192 2560 192 2816 192 3072 193 3328 193 3584 55 3640 54 3696 4 3703 75 3840 48 3889 61 3953 3 3959 75 4096 48 4145 62 4211 1 4215 75 4352 47 4401 62 4471 75 4608 47 4659 61 4727 76 4864 47 4916 60 4983 76 5120 47 5172 58 5240 76 5376 48 5428 56 5498 74 5632 48 5684 56 5755 73 5888 47 5940 55 6012 72 6144 48 6196 51 6268 73 6400 47 6452 46 6501 1 6525 72 6656 46 6708 43 6781 72 6912 45 6964 40 7037 73 7168 44 7219 4 7224 26 7252 6 7294 72 7424 43 7476 3 7480 20 7550 72 7680 42 7732 2 7736 20 7805 73 7936 42 7987 24 8059 76 8192 42 8243 23 8306 85 8448 41 8498 22 8560 88 8704 40 8753 23 8813 91 8960 41 9009 23 9062 98 9216 45 9264 22 9316 100 9472 47 9520 22 9571 101 9728 70 9827 102 9984 69 10083 102 10240 27 10268 40 10339 103 10496 25 10524 38 10594 104 10752 24 10780 37 10848 106 11008 24 11036 36 11101 109 11264 13 11278 9 11291 36 11355 112 11520 13 11534 9 11547 35 11593 9 11609 114 11776 10 11787 5 11793 6 11802 36 11847 14 11863 117 12032 23 12058 33 12102 134 12288 32 12321 25 12357 135 12544 31 12577 26 12612 136 12800 58 12866 139 13056 62 13121 140 13312 206 13568 206 13824 206 14080 14 14095 3 14099 3 14105 1 14107 179 14336 19 14364 178 14592 21 14620 179 14848 22 14876 137 15015 40 15104 23 15131 181 15360 24 15385 183 15616 208 15872 208 16128 209 16384 209 16640 210 16896 210 17152 210 17408 210 17664 210 17920 211 18176 211 18432 212 18688 212 18944 212 19200 212 19456 213 19712 213 19968 214 20224 214 20480 214 20736 214 20992 215 21248 215 21504 215 21760 216 22016 216 22272 216 22528 216 22784 217 23040 217 23296 107 23408 106 23552 106 23664 106 23808 105 23919 107 24064 104 24174 108 24320 104 24428 110 24576 219 24832 70 24904 147 25088 69 25160 148 25344 67 25416 148 25600 66 25672 148 25856 62 25919 3 25928 148 26112 61 26184 149 26368 62 26441 148 26624 62 26697 149 26880 63 26954 148 27136 63 27208 150 27392 64 27464 150 27648 65 27719 152 27904 65 27974 153 28160 223 28416 224 28672 224 28928 224 29184 224 29440 225 29696 225 29952 226 30208 226 30464 226 30720 42 30764 182 30976 42 31020 183 31232 38 31271 3 31278 181 31488 38 31528 1 31533 182 31744 37 31784 1 31789 183 32000 36 32044 86 32131 97 32256 36 32299 85 32385 99 32512 36 32555 85 32642 98 32768 37 32809 87 32899 98 33024 229 33280 230 33536 230 33792 230 34048 230 34304 128 34433 102 34560 134 34695 96 34816 136 34953 94 35072 232 35328 232 35584 232 35840 233 36096 233 36352 233 36608 234 36864 234 37120 234 37376 144 37522 88 37632 235 37888 235 38144 236 38400 236 38656 236 38912 236 39168 236 39424 237 39680 140 39824 93 39936 238 40192 238 40448 238 40704 238 40960 239 41216 147 41364 91 41472 239 41728 240 41984 240 42240 240 42496 241 42752 241 43008 241 43264 242 43520 242 43776 242 44032 242 44288 243 44544 243 44800 244 45056 141 45198 102 45312 244 45568 244 45824 245 46080 140 46221 104 46336 245 46592 246 46848 141 46990 2 46993 101 47104 142 47247 103 47360 142 47503 103 47616 247 47872 247 48128 130 48262 114 48384 248 48640 248 48896 248 49152 249 49408 136 49545 112 49664 138 49803 11 49815 1 49817 97 49920 138 50059 2 50062 11 50074 96 50176 139 50316 6 50323 4 50328 98 50432 144 50577 10 50588 3 50592 90 50688 152 50841 3 50845 94 50944 148 51093 5 51099 96 51200 134 51335 116 51456 252 51712 133 51846 118 51968 252 52224 161 52386 90 52480 254 52736 124 52861 128 52992 123 53118 128 53248 254 53504 123 53628 130 53760 122 53883 131 54016 91 54111 26 54138 132 54272 89 54367 160 54528 87 54623 58 54683 5 54691 1 54694 89 54784 87 54879 66 54946 1 54950 89 55040 88 55135 67 55205 179 55390 69 55460 181 55645 248 55896 2 55900 59 55960 189 56152 254 56407 70 56482 180 56663 78 56743 624 57368 392 57762 1442 59205 263 59469 515 59985 58 60044 1414 61460 11 61472 2 61475 240 61716 780 62497 17 62515 253 62769 1016 63786 6 63795 247 64045 2 64052 246 64299 4 64310 223 64534 20 64555 4 64567 243 64811 3 64826 223 65050 3 65055 8 65064 1 65083 77 65161 128 65290 8 65300 6 65307 6 65314 5 65341 72 65414 122
000042,91 18 176 3 240 16 348 17 431 5 496 16 604 17 687 6 752 16 861 15 942 7 1008 16 1117 15 1198 8 1209 1 1263 17 1373 14 1453 15 1516 20 1630 12 1709 16 1729 2 1771 21 1965 28 2026 22 2221 32 2282 22 2476 34 2538 22 2732 40 2794 22 2988 44 3050 22 3245 44 3304 24 3503 43 3559 25 3761 41 3815 25 3892 2 4017 42 4070 26 4147 7 4272 43 4326 26 4402 10 4528 43 4582 26 4658 11 4784 43 4839 25 4914 18 5040 43 5095 25 5171 18 5296 44 5352 24 5428 24 5552 44 5608 24 5685 24 5808 45 5865 23 5941 25 6064 45 6122 22 6196 27 6318 47 6379 21 6451 28 6572 49 6637 19 6706 29 6826 51 6895 17 6960 31 7081 52 7151 17 7215 32 7337 52 7407 17 7471 32 7592 53 7664 16 7727 33 7848 53 7920 16 7983 33 8104 53 8176 16 8239 33 8358 54 8433 15 8496 32 8611 57 8690 14 8751 34 8866 56 8947 13 9007 34 9122 55 9204 12 9263 35 9378 54 9461 11 9520 34 9634 53 9718 10 9777 33 9891 51 9975 9 10034 32 10148 47 10231 9 10291 30 10405 45 10487 9 10548 28 10661 43 10743 9 10805 26 10918 38 10999 9 11064 18 11175 36 11255 9 11321 14 11436 30 11511 9 11578 13 11695 25 11767 9 11835 11 11952 22 12024 8 12094 8 12210 17 12283 5 12352 5 12467 6 12474 9 12541 2 12732 6 12989 5 13389 10 13644 12 13760 10 13899 14 14014 14 14154 16 14269 16 14341 5 14350 4 14400 3 14408 18 14525 16 14596 15 14655 27 14781 17 14851 17 14911 28 15036 19 15107 17 15167 28 15292 19 15361 19 15422 29 15548 20 15616 20 15678 30 15805 19 15872 20 15932 34 16062 18 16128 21 16186 37 16319 17 16384 20 16440 39 16575 16 16640 20 16696 39 16831 16 16896 20 16951 40 17087 16 17152 20 17207 39 17343 15 17408 19 17463 39 17597 17 17664 19 17718 38 17783 4 17852 17 17920 19 17973 37 18038 7 18107 6 18117 6 18176 20 18227 33 18293 8 18363 6 18432 20 18483 28 18549 9 18619 6 18688 20 18739 28 18805 10 18876 4 18944 21 18995 27 19061 11 19200 20 19251 27 19317 14 19456 20 19506 28 19574 16 19712 19 19762 27 19823 5 19830 16 19968 19 20017 27 20078 26 20224 18 20272 27 20333 29 20480 18 20528 26 20589 31 20630 11 20736 18 20783 26 20844 33 20885 14 20992 18 21039 24 21100 33 21140 16 21248 19 21295 22 21357 33 21396 17 21504 19 21551 21 21613 34 21650 19 21760 19 21808 19 21869 34 21906 19 22016 19 22065 16 22124 36 22161 20 22272 19 22322 14 22358 3 22380 57 22528 19 22578 14 22613 5 22636 57 22784 19 22835 13 22854 4 22868 6 22892 57 23040 19 23091 13 23108 9 23123 8 23148 57 23296 18 23346 15 23363 24 23404 57 23552 17 23602 41 23661 56 23753 5 23808 3 23812 12 23858 42 23917 56 24007 9 24070 8 24114 42 24173 55 24262 12 24276 5 24329 1 24370 42 24429 54 24518 20 24626 42 24685 51 24774 21 24883 41 24941 50 25029 23 25139 40 25197 49 25285 23 25396 39 25453 50 25542 22 25653 38 25710 51 25798 22 25910 36 25966 53 26054 22 26167 35 26223 53 26311 21 26423 34 26479 54 26569 19 26679 33 26736 53 26827 16 26929 34 26993 52 27084 15 27184 35 27250 51 27340 14 27439 37 27513 44 27597 13 27695 38 27769 45 27853 12 27952 40 28025 45 28109 11 28208 42 28281 45 28366 9 28466 41 28537 45 28623 6 28723 40 28793 45 28979 40 29048 45 29237 11 29252 24 29303 45 29496 6 29508 24 29559 45 29764 24 29815 45 30019 25 30071 45 30274 26 30327 44 30529 27 30584 43 30783 28 30840 43 31038 29 31097 41 31293 30 31353 40 31549 30 31609 40 31805 31 31865 39 32062 35 32120 39 32320 34 32375 39 32576 34 32631 37 32833 33 32886 37 33089 33 33142 36 33346 32 33398 35 33603 31 33655 33 33860 30 33912 31 34118 27 34170 28 34376 25 34428 22 34639 4 34645 12 34686 9 34903 9 34944 5 35160 8 35417 7 35674 6 35821 3 35827 4 35930 6 36074 15 36187 4 36329 17 36572 1 36582 21 36826 4 36836 27 37081 6 37092 28 37337 8 37347 29 37593 39 37848 40 38001 6 38099 45 38256 7 38354 46 38512 8 38609 47 38766 11 38865 47 39021 16 39121 47 39276 18 39377 47 39532 18 39633 47 39788 19 39890 46 40044 19 40146 46 40300 19 40402 46 40557 18 40658 46 40813 18 40914 46 41070 17 41171 45 41325 18 41427 45 41580 20 41684 43 41831 2 41836 20 41940 43 42086 4 42092 20 42197 42 42342 26 42452 32 42488 5 42595 28 42705 35 42849 30 42960 36 43104 30 43216 36 43273 2 43359 7 43368 22 43472 37 43527 5 43615 6 43625 22 43728 37 43782 7 43870 7 43881 22 43984 37 44037 8 44126 6 44138 21 44239 38 44291 11 44382 6 44394 20 44495 38 44545 13 44639 4 44651 18 44750 38 44800 15 44895 4 44907 14 45004 40 45056 15 45152 3 45164 12 45260 35 45312 15 45421 10 45516 33 45568 15 45677 10 45772 8 45790 15 45824 15 45935 7 46028 6 46047 13 46080 15 46194 2 46284 4 46304 13 46336 15 46561 14 46579 1 46592 15 46818 20 46848 15 47080 15 47104 14 47336 15 47360 11 47592 15 47613 11 47848 15 47867 11 48105 15 48121 12 48361 26 48617 23 48872 24 49129 23 49385 23 49641 23 49898 22 50154 22 50408 24 50663 25 50918 26 51173 27 51428 28 51684 28 51940 28 52083 5 52196 27 52336 9 52452 27 52591 10 52708 25 52847 11 52965 20 53102 11 53222 16 53358 11 53479 9 53615 9 53871 7 54127 6 54384 4 54614 4 54869 7 55122 11 55145 3 55376 14 55400 5 55631 16 55655 9 55886 18 55909 12 56142 36 56398 36 56654 37 56909 38 57165 39 57221 2 57422 38 57476 4 57679 37 57731 5 57936 36 57985 7 58192 35 58240 8 58449 34 58495 9 58706 32 58751 8 58963 29 59007 8 59219 27 59264 4 59474 27 59723 1 59729 27 59978 31 60233 31 60398 5 60489 31 60653 6 60746 30 60909 7 61002 30 61165 7 61258 31 61421 7 61514 31 61677 7 61770 32 61933 7 62027 31 62189 7 62284 32 62446 6 62541 32 62703 4 62798 32 63055 32 63311 32 63568 31 63750 3 63825 30 64005 6 64082 29 64261 7 64339 28 64517 7 64595 28 64772 8 64852 27 65028 7 65108 26 65286 4 65365 25
000082,0 11 13 102 245 22 269 102 501 21 526 101 757 21 782 101 1012 21 1038 100 1268 21 1294 99 1524 20 1550 98 1780 20 1807 97 2037 19 2065 94 2295 17 2322 93 2552 16 2579 92 2808 16 2836 91 3064 16 3094 90 3320 16 3351 90 3575 18 3608 89 3802 2 3827 23 3865 48 3917 1 3920 34 4056 5 4080 28 4122 40 4177 33 4312 6 4334 32 4383 34 4435 31 4568 6 4588 20 4609 16 4640 33 4692 29 4824 6 4842 22 4867 15 4896 33 4949 27 5079 7 5096 24 5124 14 5152 34 5206 26 5333 8 5351 25 5380 14 5406 38 5463 24 5587 10 5604 28 5637 13 5662 38 5704 2 5721 22 5842 12 5857 31 5898 8 5916 41 5959 4 5978 20 6097 47 6155 7 6171 49 6235 17 6353 47 6412 6 6427 49 6493 4 6498 4 6608 48 6668 5 6682 51 6864 18 6884 28 6925 4 6938 52 7120 18 7140 28 7194 52 7376 48 7450 53 7631 49 7706 54 7885 51 7962 54 8140 52 8197 3 8218 54 8323 2 8395 53 8453 4 8474 54 8577 6 8650 54 8709 4 8730 54 8830 10 8905 55 8965 4 8986 54 9084 14 9160 56 9223 1 9243 53 9339 16 9416 56 9499 53 9595 17 9672 56 9756 52 9845 3 9850 21 9928 56 10012 53 10100 30 10185 55 10268 57 10356 31 10441 55 10525 58 10598 5 10612 32 10697 55 10781 64 10852 9 10868 33 10953 55 11043 59 11107 11 11123 35 11209 55 11300 75 11379 36 11467 53 11545 4 11558 114 11724 52 11799 6 11814 114 11981 51 12053 9 12071 113 12240 48 12309 9 12328 112 12497 47 12565 9 12586 110 12753 47 12819 16 12842 110 13009 47 13075 18 13097 111 13265 47 13330 134 13520 48 13585 135 13776 48 13840 137 14032 48 14092 144 14288 6 14299 37 14347 146 14545 4 14556 36 14601 148 14812 193 15068 193 15324 193 15579 194 15834 195 16089 196 16344 196 16600 195 16856 194 17112 192 17368 190 17624 191 17878 189 18069 1 18134 126 18263 60 18395 111 18508 6 18519 59 18653 107 18775 59 18909 106 19030 60 19164 107 19286 60 19419 108 19542 60 19675 37 19713 70 19798 60 19931 37 19971 69 20053 61 20187 37 20228 69 20309 62 20443 37 20487 66 20565 62 20699 37 20745 65 20822 61 20955 37 21001 65 21080 59 21210 38 21257 65 21337 44 21382 13 21464 40 21513 65 21594 33 21630 1 21639 11 21718 42 21769 66 21850 32 21895 10 21973 43 22024 67 22107 31 22152 8 22229 43 22280 68 22364 32 22409 2 22484 44 22536 68 22621 32 22740 44 22792 68 22878 32 22996 44 23049 68 23134 33 23252 44 23306 67 23390 33 23507 45 23563 67 23645 34 23757 51 23819 68 23901 34 24012 52 24075 70 24156 34 24267 53 24332 70 24412 34 24523 53 24588 71 24668 34 24780 52 24843 73 24923 35 25036 52 25099 73 25180 34 25293 51 25355 74 25436 34 25551 49 25611 74 25692 34 25808 48 25868 74 25948 34 26065 47 26125 74 26204 35 26321 47 26381 74 26461 37 26577 9 26587 37 26637 75 26717 39 26833 6 26846 34 26894 74 26974 39 27090 4 27103 33 27150 75 27230 40 27347 1 27359 33 27406 76 27486 40 27616 32 27663 76 27742 41 27872 32 27919 76 27998 41 28129 31 28176 75 28255 40 28385 31 28435 72 28511 40 28642 30 28692 70 28768 39 28899 29 28948 70 29024 39 29156 28 29204 70 29281 38 29414 26 29460 70 29537 38 29671 25 29716 70 29794 36 29927 25 29972 70 30051 35 30183 25 30228 70 30309 1 30314 28 30439 25 30484 69 30573 25 30696 24 30741 68 30831 23 30952 24 30997 67 31089 20 31208 24 31253 62 31347 16 31464 24 31510 58 31603 15 31720 24 31766 56 31860 12 31976 24 32022 53 32116 8 32232 24 32278 53 32358 4 32374 3 32489 23 32534 53 32612 8 32745 23 32791 52 32867 10 33001 23 33047 52 33123 11 33258 22 33303 52 33378 13 33515 21 33559 44 33607 3 33633 15 33771 21 33815 43 33889 16 34028 20 34072 41 34145 17 34284 20 34328 41 34401 17 34541 19 34582 43 34657 17 34799 9 34838 43 34915 15 35057 5 35093 44 35171 14 35349 43 35427 13 35605 43 35684 11 35861 42 35940 9 36118 40 36197 3 36375 37 36633 32 36891 3 36898 23 37156 22 37413 21 37669 21 37925 21 38182 19 38439 17 38698 12 38956 9 39213 8 39471 5 39728 4 51040 4 51296 5 51551 8 51807 9 52062 11 52318 12 52574 12 52830 13 52855 4 53085 14 53110 10 53339 16 53366 11 53593 18 53622 12 53710 3 53846 22 53877 13 53963 8 54101 24 54132 16 54216 12 54357 25 54387 22 54464 20 54536 2 54612 26 54642 24 54719 21 54790 6 54867 28 54898 25 54975 20 55045 8 55122 28 55154 25 55230 21 55301 9 55372 3 55378 28 55409 26 55486 21 55557 9 55627 4 55633 28 55665 26 55742 20 55812 11 55884 1 55888 28 55920 27 55998 20 56064 15 56145 27 56175 28 56255 19 56320 15 56401 27 56430 29 56511 18 56576 17 56658 58 56768 16 56832 20 56914 59 57025 15 57088 22 57173 57 57281 13 57344 23 57431 10 57445 41 57537 10 57600 24 57686 10 57700 43 57794 7 57856 26 57941 10 57955 44 58051 5 58112 28 58195 13 58210 45 58368 28 58450 61 58512 4 58624 28 58705 68 58880 28 58961 69 59136 27 59216 76 59392 26 59472 77 59648 26 59726 80 59813 3 59904 25 59966 2 59980 83 60068 5 60160 24 60221 5 60234 86 60322 7 60416 22 60476 6 60489 98 60672 18 60728 1 60732 7 60744 103 60928 18 60982 13 60998 106 61184 18 61223 3 61238 122 61440 18 61477 6 61493 123 61696 19 61732 8 61749 122 61952 29 61987 10 62004 9 62015 111 62208 30 62244 10 62260 8 62271 110 62464 30 62500 10 62515 9 62527 109 62720 30 62758 9 62770 123 62976 30 63015 111 63129 20 63232 30 63271 112 63386 19 63422 5 63488 31 63527 112 63642 20 63675 10 63744 31 63783 113 63899 19 63931 10 64000 31 64041 111 64156 19 64186 12 64256 31 64298 111 64412 19 64442 12 64512 31 64555 132 64698 12 64768 30 64813 131 64954 12 65024 29 65069 131 65210 12 65280 26 65326 130 65468 8
000011, 
423050,0 65536
491029,0 65536
737692,0 65536
597667,0 65422 65423 113
